Start Date,Start Time,Date,Time,Miles,Purpose,Income source,From,To,Notes,Original_File
1/1/24,4:38:04 PM,1/1/24,4:45:29 PM,3,p,,"20019 6 W, Lynnwood, WA 98036, USA","1000 164th St SW, Lynnwood, WA 98087, USA",2013 Toyota Prius (New),business_personal_trip_log_01_01_2024_12_00am_PST-01_02_2024_12_00am_PST.csv
1/1/24,4:47:29 PM,1/1/24,5:11:18 PM,19.05,p,,"1331 164th St SW, Lynnwood, WA 98087, USA","10622 60th St NE, Lake Stevens, WA 98258, USA",2013 Toyota Prius (New),business_personal_trip_log_01_01_2024_12_00am_PST-01_02_2024_12_00am_PST.csv
1/1/24,10:02:15 PM,1/1/24,10:34:03 PM,23.1,p,,"10622 60th St NE, Lake Stevens, WA 98258, USA","20019 6 W, Lynnwood, WA 98036, USA",2013 Toyota Prius (New),business_personal_trip_log_01_01_2024_12_00am_PST-01_02_2024_12_00am_PST.csv
1/2/24,5:00:58 PM,1/2/24,5:56:26 PM,33,p,,"20019 6 W, Lynnwood, WA 98036, USA","17801 International Blvd, Seatac, WA 98158, USA",2013 Toyota Prius (New),business_personal_trip_log_01_02_2024_12_00am_PST-01_03_2024_12_00am_PST.csv
1/2/24,6:01:49 PM,1/2/24,6:53:17 PM,34.11,p,,"17801 International Blvd, Seatac, WA 98158, USA","20019 6 W, Lynnwood, WA 98036, USA",2013 Toyota Prius (New),business_personal_trip_log_01_02_2024_12_00am_PST-01_03_2024_12_00am_PST.csv
1/3/24,8:56:48 AM,1/3/24,9:12:37 AM,8,p,,"20019 6 W, Lynnwood, WA 98036, USA","10601 47th Pl W, Mukilteo, WA 98275, USA",2013 Toyota Prius (New),business_personal_trip_log_01_03_2024_12_00am_PST-01_04_2024_12_00am_PST.csv
1/3/24,11:10:45 AM,1/3/24,11:20:33 AM,5.01,p,,"10601 47th Pl W, Mukilteo, WA 98275, USA","18133 33 W, Lynnwood, WA 98037, USA",2013 Toyota Prius (New),business_personal_trip_log_01_03_2024_12_00am_PST-01_04_2024_12_00am_PST.csv
1/3/24,11:23:18 AM,1/3/24,11:34:07 AM,3.02,p,,"18133 33 W, Lynnwood, WA 98037, USA","20019 6 W, Lynnwood, WA 98036, USA",2013 Toyota Prius (New),business_personal_trip_log_01_03_2024_12_00am_PST-01_04_2024_12_00am_PST.csv
1/3/24,12:11:11 PM,1/3/24,12:18:02 PM,3,b,,"20019 6 W, Lynnwood, WA 98036, USA","19401 Alderwood Mall Pkwy, Lynnwood, WA 98036, USA",2013 Toyota Prius (New),business_personal_trip_log_01_03_2024_12_00am_PST-01_04_2024_12_00am_PST.csv
1/3/24,12:36:32 PM,1/3/24,12:43:25 PM,3.01,b,,"19401 Alderwood Mall Pkwy, Lynnwood, WA 98036, USA","1120 164th St SW, Lynnwood, WA 98087, USA",2013 Toyota Prius (New),business_personal_trip_log_01_03_2024_12_00am_PST-01_04_2024_12_00am_PST.csv
1/3/24,12:45:30 PM,1/3/24,1:05:53 PM,7.93,b,,"1120 164th St SW, Lynnwood, WA 98087, USA","2620 228th St SW, Brier, WA 98036, USA",2013 Toyota Prius (New),business_personal_trip_log_01_03_2024_12_00am_PST-01_04_2024_12_00am_PST.csv
1/3/24,1:27:38 PM,1/3/24,1:33:27 PM,2,b,,"2620 228th St SW, Brier, WA 98036, USA","23023 39th Ave W, Brier, WA 98036, USA",2013 Toyota Prius (New),business_personal_trip_log_01_03_2024_12_00am_PST-01_04_2024_12_00am_PST.csv
1/3/24,1:35:47 PM,1/3/24,2:13:31 PM,9,b,,"23023 39th Ave W, Brier, WA 98036, USA","19401 Alderwood Mall Pkwy, Lynnwood, WA 98036, USA",2013 Toyota Prius (New),business_personal_trip_log_01_03_2024_12_00am_PST-01_04_2024_12_00am_PST.csv
1/3/24,2:23:48 PM,1/3/24,2:25:00 PM,0.02,b,,"19401 Alderwood Mall Pkwy, Lynnwood, WA 98036, USA","2608 196th St SW, Lynnwood, WA 98036, USA",2013 Toyota Prius (New),business_personal_trip_log_01_03_2024_12_00am_PST-01_04_2024_12_00am_PST.csv
1/3/24,2:34:28 PM,1/3/24,3:21:09 PM,13.02,b,,"2608 196th St SW, Lynnwood, WA 98036, USA","4309 198th St SW, Lynnwood, WA 98036, USA",2013 Toyota Prius (New),business_personal_trip_log_01_03_2024_12_00am_PST-01_04_2024_12_00am_PST.csv
1/3/24,3:33:03 PM,1/3/24,3:51:21 PM,3,b,,"4309 198th St SW, Lynnwood, WA 98036, USA","18205 Alderwood Mall Pkwy, Lynnwood, WA 98037, USA",2013 Toyota Prius (New),business_personal_trip_log_01_03_2024_12_00am_PST-01_04_2024_12_00am_PST.csv
1/3/24,4:04:32 PM,1/3/24,4:24:11 PM,5,b,,"18205 Alderwood Mall Pkwy, Lynnwood, WA 98037, USA","3000 184th St SW, Lynnwood, WA 98037, USA",2013 Toyota Prius (New),business_personal_trip_log_01_03_2024_12_00am_PST-01_04_2024_12_00am_PST.csv
1/3/24,4:30:48 PM,1/3/24,4:32:44 PM,0,b,,"3000 184th St SW, Lynnwood, WA 98037, USA","18920 28 W, Lynnwood, WA 98036, USA",2013 Toyota Prius (New),business_personal_trip_log_01_03_2024_12_00am_PST-01_04_2024_12_00am_PST.csv
1/3/24,4:38:00 PM,1/3/24,4:44:01 PM,1,b,,"18920 28 W, Lynnwood, WA 98036, USA","2701 184th St SW, Lynnwood, WA 98037, USA",2013 Toyota Prius (New),business_personal_trip_log_01_03_2024_12_00am_PST-01_04_2024_12_00am_PST.csv
1/3/24,4:46:23 PM,1/3/24,4:51:28 PM,2,b,,"2701 184th St SW, Lynnwood, WA 98037, USA","16605 Ash Way, Lynnwood, WA 98037, USA",2013 Toyota Prius (New),business_personal_trip_log_01_03_2024_12_00am_PST-01_04_2024_12_00am_PST.csv
1/3/24,4:54:57 PM,1/3/24,5:17:29 PM,5.05,b,,"16216 Ash Way, Lynnwood, WA 98087, USA","16327 Ash Way, Lynnwood, WA 98087, USA",2013 Toyota Prius (New),business_personal_trip_log_01_03_2024_12_00am_PST-01_04_2024_12_00am_PST.csv
1/3/24,5:23:43 PM,1/3/24,6:10:13 PM,13.11,b,,"16327 Ash Way, Lynnwood, WA 98087, USA","20019 6 W, Lynnwood, WA 98036, USA",2013 Toyota Prius (New),business_personal_trip_log_01_03_2024_12_00am_PST-01_04_2024_12_00am_PST.csv
1/4/24,9:12:34 AM,1/4/24,9:27:55 AM,8,p,,"20019 6 W, Lynnwood, WA 98036, USA","10601 47th Pl W, Mukilteo, WA 98275, USA",2013 Toyota Prius (New),business_personal_trip_log_01_04_2024_12_00am_PST-01_05_2024_12_00am_PST.csv
1/4/24,10:54:46 AM,1/4/24,11:14:47 AM,7.04,b,,"10601 47th Pl W, Mukilteo, WA 98275, USA","7920 Evergreen Way, Everett, WA 98203, USA",2013 Toyota Prius (New),business_personal_trip_log_01_04_2024_12_00am_PST-01_05_2024_12_00am_PST.csv
1/4/24,11:18:14 AM,1/4/24,11:52:51 AM,16.02,b,,"7920 Evergreen Way, Everett, WA 98203, USA","2608 196th St SW, Lynnwood, WA 98036, USA",2013 Toyota Prius (New),business_personal_trip_log_01_04_2024_12_00am_PST-01_05_2024_12_00am_PST.csv
1/4/24,12:00:57 PM,1/4/24,12:01:17 PM,0.01,b,,"2608 196th St SW, Lynnwood, WA 98036, USA","2608 196th St SW, Lynnwood, WA 98036, USA",2013 Toyota Prius (New),business_personal_trip_log_01_04_2024_12_00am_PST-01_05_2024_12_00am_PST.csv
1/4/24,12:24:54 PM,1/4/24,12:43:46 PM,5,b,,"2608 196th St SW, Lynnwood, WA 98036, USA","18606 Alderwood Mall Pkwy, Lynnwood, WA 98037, USA",2013 Toyota Prius (New),business_personal_trip_log_01_04_2024_12_00am_PST-01_05_2024_12_00am_PST.csv
1/4/24,1:25:44 PM,1/4/24,1:42:58 PM,4,b,,"18606 Alderwood Mall Pkwy, Lynnwood, WA 98037, USA","1012 164th St SE, Mill Creek, WA 98012, USA",2013 Toyota Prius (New),business_personal_trip_log_01_04_2024_12_00am_PST-01_05_2024_12_00am_PST.csv
1/4/24,1:45:16 PM,1/4/24,1:54:25 PM,3.03,b,,"16317 Bothell Everett Hwy, Bothell, WA 98012, USA","13416 Bothell Everett Hwy, Mill Creek, WA 98012, USA",2013 Toyota Prius (New),business_personal_trip_log_01_04_2024_12_00am_PST-01_05_2024_12_00am_PST.csv
1/4/24,2:00:14 PM,1/4/24,2:01:31 PM,0,b,,"13314 Bothell Everett Hwy, Mill Creek, WA 98012, USA","13300 Bothell Everett Hwy, Mill Creek, WA 98012, USA",2013 Toyota Prius (New),business_personal_trip_log_01_04_2024_12_00am_PST-01_05_2024_12_00am_PST.csv
1/4/24,2:15:15 PM,1/4/24,2:29:16 PM,3.01,b,,"13300 Bothell Everett Hwy, Mill Creek, WA 98012, USA","14915 38th Dr SE, Bothell, WA 98012, USA",2013 Toyota Prius (New),business_personal_trip_log_01_04_2024_12_00am_PST-01_05_2024_12_00am_PST.csv
1/4/24,2:36:26 PM,1/4/24,4:41:46 PM,61.21,b,,"14915 38th Dr SE, Bothell, WA 98012, USA","36801 Milton Rd S, Federal Way, WA 98003, USA",2013 Toyota Prius (New),business_personal_trip_log_01_04_2024_12_00am_PST-01_05_2024_12_00am_PST.csv
1/4/24,4:44:11 PM,1/4/24,5:51:59 PM,41.11,b,,"36801 Milton Rd S, Federal Way, WA 98003, USA","20019 6 W, Lynnwood, WA 98036, USA",2013 Toyota Prius (New),business_personal_trip_log_01_04_2024_12_00am_PST-01_05_2024_12_00am_PST.csv
1/5/24,8:54:26 AM,1/5/24,9:03:27 AM,3.02,p,,"20019 6 W, Lynnwood, WA 98036, USA","19220 Alderwood Mall Pkwy, Lynnwood, WA 98036, USA",2013 Toyota Prius (New),business_personal_trip_log_01_05_2024_12_00am_PST-01_06_2024_12_00am_PST.csv
1/5/24,9:11:38 AM,1/5/24,9:47:10 AM,23,p,,"19220 Alderwood Mall Pkwy, Lynnwood, WA 98036, USA","4502 35th Ave SW, Seattle, WA 98126, USA",2013 Toyota Prius (New),business_personal_trip_log_01_05_2024_12_00am_PST-01_06_2024_12_00am_PST.csv
1/5/24,2:49:08 PM,1/5/24,3:49:45 PM,22.01,p,,"4502 35th Ave SW, Seattle, WA 98126, USA","20019 6 W, Lynnwood, WA 98036, USA",2013 Toyota Prius (New),business_personal_trip_log_01_05_2024_12_00am_PST-01_06_2024_12_00am_PST.csv
1/6/24,10:59:29 AM,1/6/24,11:00:03 AM,0.02,p,,"20019 6 W, Lynnwood, WA 98036, USA","20019 6 W, Lynnwood, WA 98036, USA",2013 Toyota Prius (New),business_personal_trip_log_01_06_2024_12_00am_PST-01_07_2024_12_00am_PST.csv
1/6/24,12:57:13 PM,1/6/24,1:26:50 PM,10,b,,"20019 6 W, Lynnwood, WA 98036, USA","2628 196th St SW, Lynnwood, WA 98036, USA",2013 Toyota Prius (New),business_personal_trip_log_01_06_2024_12_00am_PST-01_07_2024_12_00am_PST.csv
1/6/24,1:30:00 PM,1/6/24,1:36:15 PM,1,b,,"2628 196th St SW, Lynnwood, WA 98036, USA","4325 198th St SW, Lynnwood, WA 98036, USA",2013 Toyota Prius (New),business_personal_trip_log_01_06_2024_12_00am_PST-01_07_2024_12_00am_PST.csv
1/6/24,1:40:04 PM,1/6/24,1:43:33 PM,1,b,,"4325 198th St SW, Lynnwood, WA 98036, USA","3026 196th St SW, Lynnwood, WA 98036, USA",2013 Toyota Prius (New),business_personal_trip_log_01_06_2024_12_00am_PST-01_07_2024_12_00am_PST.csv
1/6/24,1:45:33 PM,1/6/24,2:10:54 PM,3,b,,"2131 196th St SW, Lynnwood, WA 98036, USA","3000 184th St SW, Lynnwood, WA 98037, USA",2013 Toyota Prius (New),business_personal_trip_log_01_06_2024_12_00am_PST-01_07_2024_12_00am_PST.csv
1/6/24,2:18:45 PM,1/6/24,2:23:42 PM,1,b,,"3000 184th St SW, Lynnwood, WA 98037, USA","18133 33 W, Lynnwood, WA 98037, USA",2013 Toyota Prius (New),business_personal_trip_log_01_06_2024_12_00am_PST-01_07_2024_12_00am_PST.csv
1/6/24,2:27:47 PM,1/6/24,2:29:17 PM,0,b,,"18133 33rd Ave W, Lynnwood, WA 98037, USA","18133 33rd Ave W, Lynnwood, WA 98037, USA",2013 Toyota Prius (New),business_personal_trip_log_01_06_2024_12_00am_PST-01_07_2024_12_00am_PST.csv
1/6/24,2:40:44 PM,1/6/24,2:43:20 PM,0,b,,"18133 33rd Ave W, Lynnwood, WA 98037, USA","3101 184th St SW, Lynnwood, WA 98037, USA",2013 Toyota Prius (New),business_personal_trip_log_01_06_2024_12_00am_PST-01_07_2024_12_00am_PST.csv
1/6/24,2:46:00 PM,1/6/24,3:00:54 PM,6,b,,"3101 184th St SW, Lynnwood, WA 98037, USA","10800 30th Ave W, Everett, WA 98204, USA",2013 Toyota Prius (New),business_personal_trip_log_01_06_2024_12_00am_PST-01_07_2024_12_00am_PST.csv
1/6/24,3:19:52 PM,1/6/24,3:38:05 PM,5.01,b,,"3121 109th St SW, Everett, WA 98204, USA","3717 Harbour Pointe Blvd SW, Mukilteo, WA 98275, USA",2013 Toyota Prius (New),business_personal_trip_log_01_06_2024_12_00am_PST-01_07_2024_12_00am_PST.csv
1/6/24,3:54:01 PM,1/6/24,5:02:12 PM,22.09,b,,"3717 Harbour Pointe Blvd SW, Mukilteo, WA 98275, USA","20019 6 W, Lynnwood, WA 98036, USA",2013 Toyota Prius (New),business_personal_trip_log_01_06_2024_12_00am_PST-01_07_2024_12_00am_PST.csv
1/6/24,5:10:47 PM,1/6/24,5:23:13 PM,4.01,b,,"20019 6 W, Lynnwood, WA 98036, USA","18109 33 W, Lynnwood, WA 98037, USA",2013 Toyota Prius (New),business_personal_trip_log_01_06_2024_12_00am_PST-01_07_2024_12_00am_PST.csv
1/6/24,5:57:30 PM,1/6/24,6:07:50 PM,3.1,p,,"18109 33 W, Lynnwood, WA 98037, USA","20019 6 W, Lynnwood, WA 98036, USA",2013 Toyota Prius (New),business_personal_trip_log_01_06_2024_12_00am_PST-01_07_2024_12_00am_PST.csv
1/7/24,9:11:45 AM,1/7/24,9:18:53 AM,3,p,,"20019 6 W, Lynnwood, WA 98036, USA","1629 220th St SE, Bothell, WA 98021, USA",2013 Toyota Prius (New),business_personal_trip_log_01_07_2024_12_00am_PST-01_08_2024_12_00am_PST.csv
1/7/24,9:21:05 AM,1/7/24,9:23:46 AM,1,p,,"21927 Bothell Everett Hwy, Bothell, WA 98021, USA","22027 17 SE, Bothell, WA 98021, USA",2013 Toyota Prius (New),business_personal_trip_log_01_07_2024_12_00am_PST-01_08_2024_12_00am_PST.csv
1/7/24,10:37:40 AM,1/7/24,10:47:26 AM,4,p,,"22027 17 SE, Bothell, WA 98021, USA","16304 Bothell Everett Hwy, Mill Creek, WA 98012, USA",2013 Toyota Prius (New),business_personal_trip_log_01_07_2024_12_00am_PST-01_08_2024_12_00am_PST.csv
1/7/24,10:54:04 AM,1/7/24,11:03:29 AM,3.1,p,,"16232 Bothell Everett Hwy, Mill Creek, WA 98012, USA","20019 6 W, Lynnwood, WA 98036, USA",2013 Toyota Prius (New),business_personal_trip_log_01_07_2024_12_00am_PST-01_08_2024_12_00am_PST.csv
1/7/24,5:12:58 PM,1/7/24,7:03:27 PM,36.29,b,,"20025 6 W, Lynnwood, WA 98036, USA","20019 6 W, Lynnwood, WA 98036, USA",2013 Toyota Prius (New),business_personal_trip_log_01_07_2024_12_00am_PST-01_08_2024_12_00am_PST.csv
1/8/24,9:49:13 AM,1/8/24,10:07:35 AM,8,b,,"20019 6 W, Lynnwood, WA 98036, USA","10601 47th Pl W, Mukilteo, WA 98275, USA",2013 Toyota Prius (New),business_personal_trip_log_01_08_2024_12_00am_PST-01_09_2024_12_00am_PST.csv
1/8/24,11:41:01 AM,1/8/24,12:09:59 PM,11.23,p,,"10601 47th Pl W, Mukilteo, WA 98275, USA","20019 6 W, Lynnwood, WA 98036, USA",2013 Toyota Prius (New),business_personal_trip_log_01_08_2024_12_00am_PST-01_09_2024_12_00am_PST.csv
1/8/24,12:55:35 PM,1/8/24,1:29:05 PM,18,b,,"20019 6 W, Lynnwood, WA 98036, USA","212 Westlake Ave N, Seattle, WA 98109, USA",2013 Toyota Prius (New),business_personal_trip_log_01_08_2024_12_00am_PST-01_09_2024_12_00am_PST.csv
1/8/24,1:35:13 PM,1/8/24,1:37:10 PM,1,b,,"215 Westlake Ave N, Seattle, WA 98109, USA","1128P Virginia St, Seattle, WA 98101, USA",2013 Toyota Prius (New),business_personal_trip_log_01_08_2024_12_00am_PST-01_09_2024_12_00am_PST.csv
1/8/24,1:41:58 PM,1/8/24,1:51:47 PM,2,b,,"1915 Yale Ave, Seattle, WA 98102, USA","2807 78th Ave SE, Mercer Island, WA 98040, USA",2013 Toyota Prius (New),business_personal_trip_log_01_08_2024_12_00am_PST-01_09_2024_12_00am_PST.csv
1/8/24,1:57:27 PM,1/8/24,1:57:43 PM,0.01,b,,"2807 78th Ave SE, Mercer Island, WA 98040, USA","2807 78th Ave SE, Mercer Island, WA 98040, USA",2013 Toyota Prius (New),business_personal_trip_log_01_08_2024_12_00am_PST-01_09_2024_12_00am_PST.csv
1/8/24,2:13:08 PM,1/8/24,2:26:19 PM,7,b,,"2807 78th Ave SE, Mercer Island, WA 98040, USA","625 116th Ave NE, Bellevue, WA 98004, USA",2013 Toyota Prius (New),business_personal_trip_log_01_08_2024_12_00am_PST-01_09_2024_12_00am_PST.csv
1/8/24,2:37:41 PM,1/8/24,3:29:56 PM,17,b,,"625 116th Ave NE, Bellevue, WA 98004, USA","12421 Totem Lake Blvd NE, Kirkland, WA 98034, USA",2013 Toyota Prius (New),business_personal_trip_log_01_08_2024_12_00am_PST-01_09_2024_12_00am_PST.csv
1/8/24,3:32:14 PM,1/8/24,4:07:09 PM,11,b,,"12403 NE 124th St, Kirkland, WA 98034, USA","17220 128th Pl NE, Woodinville, WA 98072, USA",2013 Toyota Prius (New),business_personal_trip_log_01_08_2024_12_00am_PST-01_09_2024_12_00am_PST.csv
1/8/24,4:10:09 PM,1/8/24,4:14:56 PM,1,b,,"12229 Woodinville Dr, Bothell, WA 98011, USA","10625 E Riverside Dr, Bothell, WA 98011, USA",2013 Toyota Prius (New),business_personal_trip_log_01_08_2024_12_00am_PST-01_09_2024_12_00am_PST.csv
1/8/24,4:16:56 PM,1/8/24,4:24:00 PM,1,b,,"17617 Eason Ave, Bothell, WA 98011, USA","18806 Bothell Way NE, Bothell, WA 98011, USA",2013 Toyota Prius (New),business_personal_trip_log_01_08_2024_12_00am_PST-01_09_2024_12_00am_PST.csv
1/8/24,4:26:00 PM,1/8/24,4:38:54 PM,5.1,b,,"19306 Bothell Way NE, Bothell, WA 98011, USA","20019 6 W, Lynnwood, WA 98036, USA",2013 Toyota Prius (New),business_personal_trip_log_01_08_2024_12_00am_PST-01_09_2024_12_00am_PST.csv
1/9/24,8:37:29 AM,1/9/24,8:57:13 AM,8.01,p,,"20025 6 W, Lynnwood, WA 98036, USA","14912 Highway 99, Lynnwood, WA 98087, USA",2013 Toyota Prius (New),business_personal_trip_log_01_09_2024_12_00am_PST-01_10_2024_12_00am_PST.csv
1/9/24,10:03:17 AM,1/9/24,10:12:10 AM,4,p,,"14912 Highway 99, Lynnwood, WA 98087, USA","10601 47th Pl W, Mukilteo, WA 98275, USA",2013 Toyota Prius (New),business_personal_trip_log_01_09_2024_12_00am_PST-01_10_2024_12_00am_PST.csv
1/9/24,11:52:41 AM,1/9/24,12:10:11 PM,8,p,,"10601 47th Pl W, Mukilteo, WA 98275, USA","20019 6 W, Lynnwood, WA 98036, USA",2013 Toyota Prius (New),business_personal_trip_log_01_09_2024_12_00am_PST-01_10_2024_12_00am_PST.csv
1/9/24,12:48:10 PM,1/9/24,1:03:48 PM,4,b,,"20019 6 W, Lynnwood, WA 98036, USA","22110 17th Ave SE, Bothell, WA 98021, USA",2013 Toyota Prius (New),business_personal_trip_log_01_09_2024_12_00am_PST-01_10_2024_12_00am_PST.csv
1/9/24,1:51:54 PM,1/9/24,1:57:00 PM,1,b,,"22110 17th Ave SE, Bothell, WA 98021, USA","22021 20th Ave SE, Bothell, WA 98021, USA",2013 Toyota Prius (New),business_personal_trip_log_01_09_2024_12_00am_PST-01_10_2024_12_00am_PST.csv
1/9/24,1:59:00 PM,1/9/24,2:19:04 PM,8.01,b,,"22021 20th Ave SE, Bothell, WA 98021, USA","17214 Highway 99, Lynnwood, WA 98037, USA",2013 Toyota Prius (New),business_personal_trip_log_01_09_2024_12_00am_PST-01_10_2024_12_00am_PST.csv
1/9/24,2:24:15 PM,1/9/24,2:41:57 PM,5,b,,"17214 Highway 99, Lynnwood, WA 98037, USA","21616 76th Ave W, Edmonds, WA 98026, USA",2013 Toyota Prius (New),business_personal_trip_log_01_09_2024_12_00am_PST-01_10_2024_12_00am_PST.csv
1/9/24,3:05:21 PM,1/9/24,3:21:37 PM,4,b,,"21616 76th Ave W, Edmonds, WA 98026, USA","7030 196th St SW, Lynnwood, WA 98036, USA",2013 Toyota Prius (New),business_personal_trip_log_01_09_2024_12_00am_PST-01_10_2024_12_00am_PST.csv
1/9/24,3:23:37 PM,1/9/24,3:32:37 PM,2,b,,"6808 196th St SW, Lynnwood, WA 98036, USA","4010 196th St SW, Lynnwood, WA 98036, USA",2013 Toyota Prius (New),business_personal_trip_log_01_09_2024_12_00am_PST-01_10_2024_12_00am_PST.csv
1/9/24,3:34:49 PM,1/9/24,3:58:56 PM,11.03,b,,"3611 196th St SW, Lynnwood, WA 98036, USA","3322 NE 125th St, Seattle, WA 98125, USA",2013 Toyota Prius (New),business_personal_trip_log_01_09_2024_12_00am_PST-01_10_2024_12_00am_PST.csv
1/9/24,4:06:00 PM,1/9/24,4:09:24 PM,0.03,b,,"3316 NE 125th St, Seattle, WA 98125, USA","12328 Lake City Way NE, Seattle, WA 98125, USA",2013 Toyota Prius (New),business_personal_trip_log_01_09_2024_12_00am_PST-01_10_2024_12_00am_PST.csv
1/9/24,4:30:56 PM,1/9/24,4:45:57 PM,4,b,,"12518 Lake City Way NE, Seattle, WA 98125, USA","1157 N 130th St, Seattle, WA 98133, USA",2013 Toyota Prius (New),business_personal_trip_log_01_09_2024_12_00am_PST-01_10_2024_12_00am_PST.csv
1/9/24,4:48:48 PM,1/9/24,5:02:05 PM,2,b,,"917 N 130th St, Seattle, WA 98133, USA","15005 Aurora Ave N, Shoreline, WA 98133, USA",2013 Toyota Prius (New),business_personal_trip_log_01_09_2024_12_00am_PST-01_10_2024_12_00am_PST.csv
1/9/24,5:05:07 PM,1/9/24,5:06:15 PM,0,b,,"15001 Aurora Ave N, Shoreline, WA 98133, USA","14525 Aurora Ave N, Shoreline, WA 98133, USA",2013 Toyota Prius (New),business_personal_trip_log_01_09_2024_12_00am_PST-01_10_2024_12_00am_PST.csv
1/9/24,5:08:32 PM,1/9/24,5:44:00 PM,11.1,b,,"14356 Aurora Ave N, Seattle, WA 98133, USA","20019 6 W, Lynnwood, WA 98036, USA",2013 Toyota Prius (New),business_personal_trip_log_01_09_2024_12_00am_PST-01_10_2024_12_00am_PST.csv
1/10/24,9:59:30 AM,1/10/24,10:37:27 AM,29.04,p,,"20019 6 W, Lynnwood, WA 98036, USA","4050 Maple Valley Hwy, Renton, WA 98058, USA",2013 Toyota Prius (New),business_personal_trip_log_01_10_2024_12_00am_PST-01_11_2024_12_00am_PST.csv
1/10/24,3:42:44 PM,1/10/24,4:19:33 PM,17,p,,"4050 Maple Valley Hwy, Renton, WA 98058, USA","9224 Slater Ave NE, Kirkland, WA 98033, USA",2013 Toyota Prius (New),business_personal_trip_log_01_10_2024_12_00am_PST-01_11_2024_12_00am_PST.csv
1/10/24,4:23:41 PM,1/10/24,4:23:48 PM,0,p,,"I-405, Kirkland, WA 98033, USA","I-405, Kirkland, WA 98033, USA",2013 Toyota Prius (New),business_personal_trip_log_01_10_2024_12_00am_PST-01_11_2024_12_00am_PST.csv
1/10/24,4:26:21 PM,1/10/24,4:29:27 PM,0,p,,"I-405, Kirkland, WA 98033, USA","11834 NE 90th St, Kirkland, WA 98033, USA",2013 Toyota Prius (New),business_personal_trip_log_01_10_2024_12_00am_PST-01_11_2024_12_00am_PST.csv
1/10/24,4:59:55 PM,1/10/24,5:04:03 PM,1,p,,"11834 NE 90th St, Kirkland, WA 98033, USA","I-405, Kirkland, WA 98033, USA",2013 Toyota Prius (New),business_personal_trip_log_01_10_2024_12_00am_PST-01_11_2024_12_00am_PST.csv
1/10/24,5:06:03 PM,1/10/24,5:48:45 PM,12.01,p,,"I-405, Kirkland, WA 98033, USA","20019 6 W, Lynnwood, WA 98036, USA",2013 Toyota Prius (New),business_personal_trip_log_01_10_2024_12_00am_PST-01_11_2024_12_00am_PST.csv
1/11/24,9:50:04 AM,1/11/24,10:06:35 AM,8.01,p,,"20019 6 W, Lynnwood, WA 98036, USA","10601 47th Pl W, Mukilteo, WA 98275, USA",2013 Toyota Prius (New),business_personal_trip_log_01_11_2024_12_00am_PST-01_12_2024_12_00am_PST.csv
1/11/24,11:38:12 AM,1/11/24,11:54:03 AM,8.1,p,,"4500 Harbour Pointe Blvd, Mukilteo, WA 98275, USA","20019 6 W, Lynnwood, WA 98036, USA",2013 Toyota Prius (New),business_personal_trip_log_01_11_2024_12_00am_PST-01_12_2024_12_00am_PST.csv
1/11/24,12:14:11 PM,1/11/24,12:26:29 PM,4,p,,"20019 6 W, Lynnwood, WA 98036, USA","1018 164th St SE, Mill Creek, WA 98012, USA",2013 Toyota Prius (New),business_personal_trip_log_01_11_2024_12_00am_PST-01_12_2024_12_00am_PST.csv
1/11/24,1:18:11 PM,1/11/24,1:22:00 PM,0,p,,"1018 164th St SE, Mill Creek, WA 98012, USA","16300 Mill Creek Blvd, Mill Creek, WA 98012, USA",2013 Toyota Prius (New),business_personal_trip_log_01_11_2024_12_00am_PST-01_12_2024_12_00am_PST.csv
1/11/24,1:28:33 PM,1/11/24,1:29:48 PM,0.01,p,,"16232 Bothell Everett Hwy, Mill Creek, WA 98012, USA","16222 Bothell Everett Hwy, Mill Creek, WA 98012, USA",2013 Toyota Prius (New),business_personal_trip_log_01_11_2024_12_00am_PST-01_12_2024_12_00am_PST.csv
1/11/24,1:36:05 PM,1/11/24,1:36:59 PM,0,p,,"16320 Bothell-Everett Hwy, Bothell, WA 98012, USA","16320 Bothell Everett Hwy, Mill Creek, WA 98012, USA",2013 Toyota Prius (New),business_personal_trip_log_01_11_2024_12_00am_PST-01_12_2024_12_00am_PST.csv
1/11/24,1:39:19 PM,1/11/24,1:57:59 PM,4.01,b,,"16320 Bothell Everett Hwy, Mill Creek, WA 98012, USA","4025 164th St SW, Lynnwood, WA 98087, USA",2013 Toyota Prius (New),business_personal_trip_log_01_11_2024_12_00am_PST-01_12_2024_12_00am_PST.csv
1/11/24,2:20:34 PM,1/11/24,2:42:29 PM,6,b,,"4025 164th St SW, Lynnwood, WA 98087, USA","16411 Larch Way, Lynnwood, WA 98037, USA",2013 Toyota Prius (New),business_personal_trip_log_01_11_2024_12_00am_PST-01_12_2024_12_00am_PST.csv
1/11/24,2:45:08 PM,1/11/24,2:57:54 PM,3,b,,"16411 Larch Way, Lynnwood, WA 98037, USA","15600 Country Club Dr, Mill Creek, WA 98012, USA",2013 Toyota Prius (New),business_personal_trip_log_01_11_2024_12_00am_PST-01_12_2024_12_00am_PST.csv
1/11/24,3:02:39 PM,1/11/24,3:06:51 PM,1,b,,"15600 Country Club Dr, Mill Creek, WA 98012, USA","15600 Country Club Dr, Mill Creek, WA 98012, USA",2013 Toyota Prius (New),business_personal_trip_log_01_11_2024_12_00am_PST-01_12_2024_12_00am_PST.csv
1/11/24,3:19:51 PM,1/11/24,3:22:14 PM,1,b,,"15600 Country Club Dr, Mill Creek, WA 98012, USA","1110 164th St SE, Mill Creek, WA 98012, USA",2013 Toyota Prius (New),business_personal_trip_log_01_11_2024_12_00am_PST-01_12_2024_12_00am_PST.csv
1/11/24,3:24:14 PM,1/11/24,3:34:00 PM,3.1,b,,"605 164th St SE, Bothell, WA 98012, USA","20019 6 W, Lynnwood, WA 98036, USA",2013 Toyota Prius (New),business_personal_trip_log_01_11_2024_12_00am_PST-01_12_2024_12_00am_PST.csv
1/12/24,11:16:19 AM,1/12/24,11:33:11 AM,8,p,,"20019 6 W, Lynnwood, WA 98036, USA","10601 47th Pl W, Mukilteo, WA 98275, USA",2013 Toyota Prius (New),business_personal_trip_log_01_12_2024_12_00am_PST-01_13_2024_12_00am_PST.csv
1/12/24,1:24:49 PM,1/12/24,1:52:54 PM,8,p,,"10601 47th Pl W, Mukilteo, WA 98275, USA","19410 36th Ave W, Lynnwood, WA 98036, USA",2013 Toyota Prius (New),business_personal_trip_log_01_12_2024_12_00am_PST-01_13_2024_12_00am_PST.csv
1/12/24,1:59:17 PM,1/12/24,2:07:57 PM,3.1,p,,"19410 36th Ave W, Lynnwood, WA 98036, USA","20019 6 W, Lynnwood, WA 98036, USA",2013 Toyota Prius (New),business_personal_trip_log_01_12_2024_12_00am_PST-01_13_2024_12_00am_PST.csv
1/12/24,2:32:27 PM,1/12/24,2:40:07 PM,3,b,,"20019 6 W, Lynnwood, WA 98036, USA","19401 Alderwood Mall Pkwy, Lynnwood, WA 98036, USA",2013 Toyota Prius (New),business_personal_trip_log_01_12_2024_12_00am_PST-01_13_2024_12_00am_PST.csv
1/12/24,2:59:40 PM,1/12/24,3:25:37 PM,9,b,,"19401 Alderwood Mall Pkwy, Lynnwood, WA 98036, USA","1000 SE Everett Mall Way, Everett, WA 98208, USA",2013 Toyota Prius (New),business_personal_trip_log_01_12_2024_12_00am_PST-01_13_2024_12_00am_PST.csv
1/12/24,3:29:13 PM,1/12/24,3:49:27 PM,10.09,b,,"1000 SE Everett Mall Way, Everett, WA 98208, USA","8915 Market Pl, Lake Stevens, WA 98258, USA",2013 Toyota Prius (New),business_personal_trip_log_01_12_2024_12_00am_PST-01_13_2024_12_00am_PST.csv
1/12/24,4:05:08 PM,1/12/24,4:19:16 PM,2,b,,"8915 Market Pl, Lake Stevens, WA 98258, USA","8104 10th Pl NE, Lake Stevens, WA 98258, USA",2013 Toyota Prius (New),business_personal_trip_log_01_12_2024_12_00am_PST-01_13_2024_12_00am_PST.csv
1/12/24,4:24:59 PM,1/12/24,4:31:46 PM,1,b,,"8104 10th Pl NE, Lake Stevens, WA 98258, USA","8320 10th Pl NE, Lake Stevens, WA 98258, USA",2013 Toyota Prius (New),business_personal_trip_log_01_12_2024_12_00am_PST-01_13_2024_12_00am_PST.csv
1/12/24,4:34:50 PM,1/12/24,6:22:04 PM,51.11,b,,"8323 9th Pl NE, Lake Stevens, WA 98258, USA","20019 6 W, Lynnwood, WA 98036, USA",2013 Toyota Prius (New),business_personal_trip_log_01_12_2024_12_00am_PST-01_13_2024_12_00am_PST.csv
1/13/24,1:25:53 PM,1/13/24,1:34:21 PM,3.01,p,,"20019 6 W, Lynnwood, WA 98036, USA","3100 196th St SW, Lynnwood, WA 98036, USA",2013 Toyota Prius (New),business_personal_trip_log_01_13_2024_12_00am_PST-01_14_2024_12_00am_PST.csv
1/13/24,2:27:55 PM,1/13/24,2:35:20 PM,2.1,p,,"3100 196th St SW, Lynnwood, WA 98036, USA","20019 6 W, Lynnwood, WA 98036, USA",2013 Toyota Prius (New),business_personal_trip_log_01_13_2024_12_00am_PST-01_14_2024_12_00am_PST.csv
1/13/24,2:53:01 PM,1/13/24,3:01:02 PM,3,p,,"20019 6 W, Lynnwood, WA 98036, USA","3100 196th St SW, Lynnwood, WA 98036, USA",2013 Toyota Prius (New),business_personal_trip_log_01_13_2024_12_00am_PST-01_14_2024_12_00am_PST.csv
1/13/24,3:14:06 PM,1/13/24,3:21:24 PM,2.01,p,,"3100 196th St SW, Lynnwood, WA 98036, USA","20019 6 W, Lynnwood, WA 98036, USA",2013 Toyota Prius (New),business_personal_trip_log_01_13_2024_12_00am_PST-01_14_2024_12_00am_PST.csv
1/13/24,5:13:39 PM,1/13/24,5:25:09 PM,6,p,,"20019 6 W, Lynnwood, WA 98036, USA","511 128th St SE, Everett, WA 98208, USA",2013 Toyota Prius (New),business_personal_trip_log_01_13_2024_12_00am_PST-01_14_2024_12_00am_PST.csv
1/13/24,6:40:06 PM,1/13/24,6:53:58 PM,6.03,p,,"511 128th St SE, Everett, WA 98208, USA","20019 6 W, Lynnwood, WA 98036, USA",2013 Toyota Prius (New),business_personal_trip_log_01_13_2024_12_00am_PST-01_14_2024_12_00am_PST.csv
1/14/24,9:12:12 AM,1/14/24,9:21:21 AM,3.05,p,,"20019 6 W, Lynnwood, WA 98036, USA","1725 220th St SE, Bothell, WA 98021, USA",2013 Toyota Prius (New),business_personal_trip_log_01_14_2024_12_00am_PST-01_15_2024_12_00am_PST.csv
1/14/24,10:29:56 AM,1/14/24,10:41:14 AM,4,p,,"1725 220th St SE, Bothell, WA 98021, USA","16304 Bothell Everett Hwy, Mill Creek, WA 98012, USA",2013 Toyota Prius (New),business_personal_trip_log_01_14_2024_12_00am_PST-01_15_2024_12_00am_PST.csv
1/14/24,10:47:11 AM,1/14/24,10:55:24 AM,4.09,p,,"16320 Bothell-Everett Hwy, Bothell, WA 98012, USA","20019 6 W, Lynnwood, WA 98036, USA",2013 Toyota Prius (New),business_personal_trip_log_01_14_2024_12_00am_PST-01_15_2024_12_00am_PST.csv
1/14/24,12:24:34 PM,1/14/24,12:34:53 PM,3,p,,"20012 6 W, Lynnwood, WA 98036, USA","3100 196th St SW, Lynnwood, WA 98036, USA",2013 Toyota Prius (New),business_personal_trip_log_01_14_2024_12_00am_PST-01_15_2024_12_00am_PST.csv
1/14/24,12:45:03 PM,1/14/24,12:53:01 PM,2.1,p,,"3100 196th St SW, Lynnwood, WA 98036, USA","20019 6 W, Lynnwood, WA 98036, USA",2013 Toyota Prius (New),business_personal_trip_log_01_14_2024_12_00am_PST-01_15_2024_12_00am_PST.csv
1/15/24,9:43:22 AM,1/15/24,10:00:14 AM,9.01,p,,"20019 6 W, Lynnwood, WA 98036, USA","10601 47th Pl W, Mukilteo, WA 98275, USA",2013 Toyota Prius (New),business_personal_trip_log_01_15_2024_12_00am_PST-01_16_2024_12_00am_PST.csv
1/15/24,11:33:35 AM,1/15/24,11:52:46 AM,7.1,p,,"4430 106th St SW, Mukilteo, WA 98275, USA","20019 6 W, Lynnwood, WA 98036, USA",2013 Toyota Prius (New),business_personal_trip_log_01_15_2024_12_00am_PST-01_16_2024_12_00am_PST.csv
1/15/24,12:56:16 PM,1/15/24,1:10:47 PM,5.1,p,,"20019 6 W, Lynnwood, WA 98036, USA","20019 6 W, Lynnwood, WA 98036, USA",2013 Toyota Prius (New),business_personal_trip_log_01_15_2024_12_00am_PST-01_16_2024_12_00am_PST.csv
1/15/24,1:44:17 PM,1/15/24,1:45:47 PM,0.11,p,,"20019 6 W, Lynnwood, WA 98036, USA","20019 6 W, Lynnwood, WA 98036, USA",2013 Toyota Prius (New),business_personal_trip_log_01_15_2024_12_00am_PST-01_16_2024_12_00am_PST.csv
1/15/24,1:52:12 PM,1/15/24,1:58:32 PM,3.01,p,,"20019 6 W, Lynnwood, WA 98036, USA","2131 196th St SW, Lynnwood, WA 98036, USA",2013 Toyota Prius (New),business_personal_trip_log_01_15_2024_12_00am_PST-01_16_2024_12_00am_PST.csv
1/15/24,2:05:09 PM,1/15/24,2:09:53 PM,2.1,p,,"2131 196th St SW, Lynnwood, WA 98036, USA","20019 6 W, Lynnwood, WA 98036, USA",2013 Toyota Prius (New),business_personal_trip_log_01_15_2024_12_00am_PST-01_16_2024_12_00am_PST.csv
1/15/24,2:23:31 PM,1/15/24,2:30:50 PM,3,p,,"20019 6 W, Lynnwood, WA 98036, USA","2628 196th St SW, Lynnwood, WA 98036, USA",2013 Toyota Prius (New),business_personal_trip_log_01_15_2024_12_00am_PST-01_16_2024_12_00am_PST.csv
1/15/24,2:32:50 PM,1/15/24,2:50:38 PM,11,p,,"3000 196th St SW, Lynnwood, WA 98036, USA","8825 Stone Ave N, Seattle, WA 98103, USA",2013 Toyota Prius (New),business_personal_trip_log_01_15_2024_12_00am_PST-01_16_2024_12_00am_PST.csv
1/15/24,2:59:04 PM,1/15/24,3:07:22 PM,3,b,,"8852 Stone Ave N, Seattle, WA 98103, USA","I-5, Seattle, WA 98125, USA",2013 Toyota Prius (New),business_personal_trip_log_01_15_2024_12_00am_PST-01_16_2024_12_00am_PST.csv
1/15/24,3:16:22 PM,1/15/24,3:36:49 PM,7.03,b,,"I-5, Seattle, WA 98125, USA","6524 NE 181st St, Kenmore, WA 98028, USA",2013 Toyota Prius (New),business_personal_trip_log_01_15_2024_12_00am_PST-01_16_2024_12_00am_PST.csv
1/15/24,3:58:30 PM,1/15/24,4:24:19 PM,5,b,,"6524 NE 181st St, Kenmore, WA 98028, USA","8006 NE 178th Ln, Kenmore, WA 98028, USA",2013 Toyota Prius (New),business_personal_trip_log_01_15_2024_12_00am_PST-01_16_2024_12_00am_PST.csv
1/15/24,4:46:56 PM,1/15/24,5:17:43 PM,10.01,b,,"8006 NE 178th Ln, Kenmore, WA 98028, USA","1222 164th St SW, Lynnwood, WA 98087, USA",2013 Toyota Prius (New),business_personal_trip_log_01_15_2024_12_00am_PST-01_16_2024_12_00am_PST.csv
1/15/24,5:22:11 PM,1/15/24,5:22:27 PM,0,b,,"1222 164th St SW, Lynnwood, WA 98087, USA","1222 164th St SW, Lynnwood, WA 98087, USA",2013 Toyota Prius (New),business_personal_trip_log_01_15_2024_12_00am_PST-01_16_2024_12_00am_PST.csv
1/15/24,5:50:44 PM,1/15/24,5:59:48 PM,3,b,,"1222 164th St SW, Lynnwood, WA 98087, USA","20019 6 W, Lynnwood, WA 98036, USA",2013 Toyota Prius (New),business_personal_trip_log_01_15_2024_12_00am_PST-01_16_2024_12_00am_PST.csv
1/16/24,10:36:32 AM,1/16/24,10:50:28 AM,7.02,p,,"20019 6 W, Lynnwood, WA 98036, USA","12908 Mukilteo Speedway, Lynnwood, WA 98087, USA",2013 Toyota Prius (New),business_personal_trip_log_01_16_2024_12_00am_PST-01_17_2024_12_00am_PST.csv
1/16/24,10:54:09 AM,1/16/24,11:01:20 AM,2.02,p,,"12909 Mukilteo Speedway, Lynnwood, WA 98087, USA","4500 Harbour Pointe Blvd, Mukilteo, WA 98275, USA",2013 Toyota Prius (New),business_personal_trip_log_01_16_2024_12_00am_PST-01_17_2024_12_00am_PST.csv
1/16/24,1:09:11 PM,1/16/24,1:21:10 PM,5.02,p,,"10601 47th Pl W, Mukilteo, WA 98275, USA","18133 33rd Ave W, Lynnwood, WA 98037, USA",2013 Toyota Prius (New),business_personal_trip_log_01_16_2024_12_00am_PST-01_17_2024_12_00am_PST.csv
1/16/24,1:23:34 PM,1/16/24,1:24:46 PM,0,p,,"18133 33rd Ave W, Lynnwood, WA 98037, USA","3101 184th St SW, Lynnwood, WA 98037, USA",2013 Toyota Prius (New),business_personal_trip_log_01_16_2024_12_00am_PST-01_17_2024_12_00am_PST.csv
1/16/24,1:30:20 PM,1/16/24,1:36:36 PM,1,p,,"3101 184th St SW, Lynnwood, WA 98037, USA","18133 33 W, Lynnwood, WA 98037, USA",2013 Toyota Prius (New),business_personal_trip_log_01_16_2024_12_00am_PST-01_17_2024_12_00am_PST.csv
1/16/24,1:38:51 PM,1/16/24,1:54:59 PM,3.03,b,,"18133 33 W, Lynnwood, WA 98037, USA","18415 33rd Ave W, Lynnwood, WA 98037, USA",2013 Toyota Prius (New),business_personal_trip_log_01_16_2024_12_00am_PST-01_17_2024_12_00am_PST.csv
1/16/24,2:17:14 PM,1/16/24,3:14:06 PM,27.02,b,,"18415 33rd Ave W, Lynnwood, WA 98037, USA","10200 1st Ave NE, Seattle, WA 98125, USA",2013 Toyota Prius (New),business_personal_trip_log_01_16_2024_12_00am_PST-01_17_2024_12_00am_PST.csv
1/16/24,3:30:22 PM,1/16/24,3:59:12 PM,12.1,b,,"10200 1st Ave NE, Seattle, WA 98125, USA","20019 6 W, Lynnwood, WA 98036, USA",2013 Toyota Prius (New),business_personal_trip_log_01_16_2024_12_00am_PST-01_17_2024_12_00am_PST.csv
1/17/24,10:17:40 AM,1/17/24,10:34:21 AM,8,p,,"608 200th Pl SW, Lynnwood, WA 98036, USA","10601 47th Pl W, Mukilteo, WA 98275, USA",2013 Toyota Prius (New),business_personal_trip_log_01_17_2024_12_00am_PST-01_18_2024_12_00am_PST.csv
1/17/24,12:04:48 PM,1/17/24,12:21:22 PM,8.1,p,,"10601 47th Pl W, Mukilteo, WA 98275, USA","20019 6 W, Lynnwood, WA 98036, USA",2013 Toyota Prius (New),business_personal_trip_log_01_17_2024_12_00am_PST-01_18_2024_12_00am_PST.csv
1/17/24,1:39:54 PM,1/17/24,1:51:19 PM,4,p,,"20019 6 W, Lynnwood, WA 98036, USA","3000 184th St SW, Lynnwood, WA 98037, USA",2013 Toyota Prius (New),business_personal_trip_log_01_17_2024_12_00am_PST-01_18_2024_12_00am_PST.csv
1/17/24,2:18:45 PM,1/17/24,2:22:11 PM,0,p,,"3000 184th St SW, Lynnwood, WA 98037, USA","18109 33rd Ave W, Lynnwood, WA 98037, USA",2013 Toyota Prius (New),business_personal_trip_log_01_17_2024_12_00am_PST-01_18_2024_12_00am_PST.csv
1/17/24,3:04:50 PM,1/17/24,3:10:17 PM,1,p,,"18109 33rd Ave W, Lynnwood, WA 98037, USA","2608 196th St SW, Lynnwood, WA 98036, USA",2013 Toyota Prius (New),business_personal_trip_log_01_17_2024_12_00am_PST-01_18_2024_12_00am_PST.csv
1/17/24,3:13:54 PM,1/17/24,3:21:37 PM,1.07,p,,"2608 196th St SW, Lynnwood, WA 98036, USA","4114 198th St SW, Lynnwood, WA 98036, USA",2013 Toyota Prius (New),business_personal_trip_log_01_17_2024_12_00am_PST-01_18_2024_12_00am_PST.csv
1/17/24,4:21:33 PM,1/17/24,4:31:30 PM,3.1,p,,"4114 198th St SW, Lynnwood, WA 98036, USA","20019 6 W, Lynnwood, WA 98036, USA",2013 Toyota Prius (New),business_personal_trip_log_01_17_2024_12_00am_PST-01_18_2024_12_00am_PST.csv
1/18/24,10:14:15 AM,1/18/24,10:33:19 AM,8.02,p,,"20019 6 W, Lynnwood, WA 98036, USA","10601 47th Pl W, Mukilteo, WA 98275, USA",2013 Toyota Prius (New),business_personal_trip_log_01_18_2024_12_00am_PST-01_19_2024_12_00am_PST.csv
1/18/24,12:37:24 PM,1/18/24,1:24:57 PM,19,b,,"10601 47th Pl W, Mukilteo, WA 98275, USA","1121 N 205th St, Shoreline, WA 98133, USA",2013 Toyota Prius (New),business_personal_trip_log_01_18_2024_12_00am_PST-01_19_2024_12_00am_PST.csv
1/18/24,1:32:31 PM,1/18/24,2:03:25 PM,9,b,,"1121 N 205th St, Shoreline, WA 98133, USA","19820 44th Ave W, Lynnwood, WA 98036, USA",2013 Toyota Prius (New),business_personal_trip_log_01_18_2024_12_00am_PST-01_19_2024_12_00am_PST.csv
1/18/24,2:06:01 PM,1/18/24,2:06:33 PM,0.03,b,,"19808 44th Ave W, Lynnwood, WA 98036, USA","19808 44th Ave W, Lynnwood, WA 98036, USA",2013 Toyota Prius (New),business_personal_trip_log_01_18_2024_12_00am_PST-01_19_2024_12_00am_PST.csv
1/18/24,2:28:12 PM,1/18/24,2:46:54 PM,5.01,b,,"19720 44th Ave W, Lynnwood, WA 98036, USA","16327 Ash Way, Lynnwood, WA 98087, USA",2013 Toyota Prius (New),business_personal_trip_log_01_18_2024_12_00am_PST-01_19_2024_12_00am_PST.csv
1/18/24,2:50:37 PM,1/18/24,2:53:35 PM,0,b,,"16327 Ash Way, Lynnwood, WA 98087, USA","16108 Ash Way, Lynnwood, WA 98087, USA",2013 Toyota Prius (New),business_personal_trip_log_01_18_2024_12_00am_PST-01_19_2024_12_00am_PST.csv
1/18/24,2:56:53 PM,1/18/24,3:51:48 PM,20.1,b,,"16108 Ash Way, Lynnwood, WA 98087, USA","20013 6th Pl W, Lynnwood, WA 98036, USA",2013 Toyota Prius (New),business_personal_trip_log_01_18_2024_12_00am_PST-01_19_2024_12_00am_PST.csv
1/19/24,10:20:14 AM,1/19/24,10:53:01 AM,23,p,,"20012 6 W, Lynnwood, WA 98036, USA","4502 35th Ave SW, Seattle, WA 98126, USA",2013 Toyota Prius (New),business_personal_trip_log_01_19_2024_12_00am_PST-01_20_2024_12_00am_PST.csv
1/19/24,3:09:57 PM,1/19/24,3:11:36 PM,0.03,p,,"4502 35th Ave SW, Seattle, WA 98126, USA","4422 35th Ave SW, Seattle, WA 98126, USA",2013 Toyota Prius (New),business_personal_trip_log_01_19_2024_12_00am_PST-01_20_2024_12_00am_PST.csv
1/19/24,3:46:39 PM,1/19/24,4:28:03 PM,21.07,p,,"4422 35th Ave SW, Seattle, WA 98126, USA","20019 6th Pl W, Lynnwood, WA 98036, USA",2013 Toyota Prius (New),business_personal_trip_log_01_19_2024_12_00am_PST-01_20_2024_12_00am_PST.csv
1/20/24,9:10:35 AM,1/20/24,9:27:03 AM,6.01,b,,"20019 6 W, Lynnwood, WA 98036, USA","21911 64th Ave W, Mountlake Terrace, WA 98043, USA",2013 Toyota Prius (New),business_personal_trip_log_01_20_2024_12_00am_PST-01_21_2024_12_00am_PST.csv
1/20/24,9:33:45 AM,1/20/24,9:40:00 AM,2,b,,"21909 64th Ave W, Mountlake Terrace, WA 98043, USA","21420 Highway 99, Edmonds, WA 98026, USA",2013 Toyota Prius (New),business_personal_trip_log_01_20_2024_12_00am_PST-01_21_2024_12_00am_PST.csv
1/20/24,10:06:58 AM,1/20/24,10:25:54 AM,4,b,,"21420 Highway 99, Edmonds, WA 98026, USA","4610 200th St SW, Lynnwood, WA 98036, USA",2013 Toyota Prius (New),business_personal_trip_log_01_20_2024_12_00am_PST-01_21_2024_12_00am_PST.csv
1/20/24,10:51:03 AM,1/20/24,11:03:21 AM,3.01,b,,"4610 200th St SW, Lynnwood, WA 98036, USA","3000 184th St SW, Lynnwood, WA 98037, USA",2013 Toyota Prius (New),business_personal_trip_log_01_20_2024_12_00am_PST-01_21_2024_12_00am_PST.csv
1/20/24,11:09:02 AM,1/20/24,11:09:58 AM,0,b,,"3000 184th St SW, Lynnwood, WA 98037, USA","18725 33rd Ave W, Lynnwood, WA 98037, USA",2013 Toyota Prius (New),business_personal_trip_log_01_20_2024_12_00am_PST-01_21_2024_12_00am_PST.csv
1/20/24,11:47:33 AM,1/20/24,12:05:12 PM,3,b,,"18725 33rd Ave W, Lynnwood, WA 98037, USA","2502 196th St SW, Lynnwood, WA 98036, USA",2013 Toyota Prius (New),business_personal_trip_log_01_20_2024_12_00am_PST-01_21_2024_12_00am_PST.csv
1/20/24,12:19:15 PM,1/20/24,12:24:46 PM,2.01,b,,"2502 196th St SW, Lynnwood, WA 98036, USA","20025 6 W, Lynnwood, WA 98036, USA",2013 Toyota Prius (New),business_personal_trip_log_01_20_2024_12_00am_PST-01_21_2024_12_00am_PST.csv
1/20/24,2:10:59 PM,1/20/24,2:21:55 PM,5.02,p,,"20025 6 W, Lynnwood, WA 98036, USA","21204 61st Pl W, Mountlake Terrace, WA 98043, USA",2013 Toyota Prius (New),business_personal_trip_log_01_20_2024_12_00am_PST-01_21_2024_12_00am_PST.csv
1/20/24,2:24:16 PM,1/20/24,2:33:11 PM,4.06,p,,"21204 61st Pl W, Mountlake Terrace, WA 98043, USA","20025 6 W, Lynnwood, WA 98036, USA",2013 Toyota Prius (New),business_personal_trip_log_01_20_2024_12_00am_PST-01_21_2024_12_00am_PST.csv
1/20/24,9:01:13 PM,1/20/24,9:01:32 PM,0,p,,"20019 6 W, Lynnwood, WA 98036, USA","20019 6 W, Lynnwood, WA 98036, USA",2013 Toyota Prius (New),business_personal_trip_log_01_20_2024_12_00am_PST-01_21_2024_12_00am_PST.csv
1/21/24,9:41:02 AM,1/21/24,9:57:36 AM,6.02,p,,"20019 6 W, Lynnwood, WA 98036, USA","14616 35th Ave SE, Mill Creek, WA 98012, USA",2013 Toyota Prius (New),business_personal_trip_log_01_21_2024_12_00am_PST-01_22_2024_12_00am_PST.csv
1/21/24,11:10:42 AM,1/21/24,11:18:55 AM,2,p,,"14616 35th Ave SE, Mill Creek, WA 98012, USA","16304 Bothell Everett Hwy, Mill Creek, WA 98012, USA",2013 Toyota Prius (New),business_personal_trip_log_01_21_2024_12_00am_PST-01_22_2024_12_00am_PST.csv
1/21/24,11:27:29 AM,1/21/24,11:37:43 AM,3.1,p,,"16232 Bothell Everett Hwy, Mill Creek, WA 98012, USA","20019 6 W, Lynnwood, WA 98036, USA",2013 Toyota Prius (New),business_personal_trip_log_01_21_2024_12_00am_PST-01_22_2024_12_00am_PST.csv
1/21/24,12:28:32 PM,1/21/24,12:36:26 PM,2,b,,"20019 6 W, Lynnwood, WA 98036, USA","2617 196th St SW, Lynnwood, WA 98036, USA",2013 Toyota Prius (New),business_personal_trip_log_01_21_2024_12_00am_PST-01_22_2024_12_00am_PST.csv
1/21/24,12:42:14 PM,1/21/24,12:56:54 PM,3.01,b,,"2617 196th St SW, Lynnwood, WA 98036, USA","4725 196th St SW, Lynnwood, WA 98036, USA",2013 Toyota Prius (New),business_personal_trip_log_01_21_2024_12_00am_PST-01_22_2024_12_00am_PST.csv
1/21/24,1:31:05 PM,1/21/24,1:31:38 PM,1.01,b,,"4725 196th St SW, Lynnwood, WA 98036, USA","4615 196th St SW, Lynnwood, WA 98036, USA",2013 Toyota Prius (New),business_personal_trip_log_01_21_2024_12_00am_PST-01_22_2024_12_00am_PST.csv
1/21/24,1:37:12 PM,1/21/24,1:44:04 PM,1,b,,"4615 196th St SW, Lynnwood, WA 98036, USA","18133 33rd Ave W, Lynnwood, WA 98037, USA",2013 Toyota Prius (New),business_personal_trip_log_01_21_2024_12_00am_PST-01_22_2024_12_00am_PST.csv
1/21/24,1:46:20 PM,1/21/24,1:47:15 PM,0.01,b,,"18133 33rd Ave W, Lynnwood, WA 98037, USA","18133 33rd Ave W, Lynnwood, WA 98037, USA",2013 Toyota Prius (New),business_personal_trip_log_01_21_2024_12_00am_PST-01_22_2024_12_00am_PST.csv
1/21/24,2:22:26 PM,1/21/24,3:10:43 PM,9.01,b,,"18133 33rd Ave W, Lynnwood, WA 98037, USA","19805 48th Ave W, Lynnwood, WA 98036, USA",2013 Toyota Prius (New),business_personal_trip_log_01_21_2024_12_00am_PST-01_22_2024_12_00am_PST.csv
1/21/24,3:29:37 PM,1/21/24,3:44:36 PM,6,b,,"19805 48th Ave W, Lynnwood, WA 98036, USA","22010 Oak Way, Brier, WA 98036, USA",2013 Toyota Prius (New),business_personal_trip_log_01_21_2024_12_00am_PST-01_22_2024_12_00am_PST.csv
1/21/24,3:47:07 PM,1/21/24,4:12:48 PM,10.01,b,,"22010 Oak Way, Brier, WA 98036, USA","20019 6 W, Lynnwood, WA 98036, USA",2013 Toyota Prius (New),business_personal_trip_log_01_21_2024_12_00am_PST-01_22_2024_12_00am_PST.csv
1/21/24,4:25:01 PM,1/21/24,5:01:00 PM,27.12,p,,"20019 6 W, Lynnwood, WA 98036, USA","16726 45th Rd, Arlington, WA 98223, USA",2013 Toyota Prius (New),business_personal_trip_log_01_21_2024_12_00am_PST-01_22_2024_12_00am_PST.csv
1/21/24,8:51:55 PM,1/21/24,9:06:25 PM,8.01,p,,"16726 45th Rd, Arlington, WA 98223, USA","9804 79th Dr NE, Marysville, WA 98270, USA",2013 Toyota Prius (New),business_personal_trip_log_01_21_2024_12_00am_PST-01_22_2024_12_00am_PST.csv
1/22/24,12:00:07 AM,1/22/24,12:04:34 AM,2.1,p,,"17029 North Rd, Bothell, WA 98012, USA","20031 6 W, Lynnwood, WA 98036, USA",2013 Toyota Prius (New),business_personal_trip_log_01_22_2024_12_00am_PST-01_23_2024_12_00am_PST.csv
1/22/24,9:24:02 AM,1/22/24,9:38:32 AM,8.01,p,,"20019 6 W, Lynnwood, WA 98036, USA","10601 47th Pl W, Mukilteo, WA 98275, USA",2013 Toyota Prius (New),business_personal_trip_log_01_22_2024_12_00am_PST-01_23_2024_12_00am_PST.csv
1/22/24,11:31:03 AM,1/22/24,11:45:51 AM,8.1,p,,"10601 47th Pl W, Mukilteo, WA 98275, USA","20019 6 W, Lynnwood, WA 98036, USA",2013 Toyota Prius (New),business_personal_trip_log_01_22_2024_12_00am_PST-01_23_2024_12_00am_PST.csv
1/22/24,2:33:34 PM,1/22/24,2:52:00 PM,5.01,b,,"20019 6 W, Lynnwood, WA 98036, USA","3611 196th St SW, Lynnwood, WA 98036, USA",2013 Toyota Prius (New),business_personal_trip_log_01_22_2024_12_00am_PST-01_23_2024_12_00am_PST.csv
1/22/24,2:54:00 PM,1/22/24,2:58:22 PM,0.01,b,,"4028 196th St SW, Lynnwood, WA 98036, USA","19800 44th Ave W, Lynnwood, WA 98036, USA",2013 Toyota Prius (New),business_personal_trip_log_01_22_2024_12_00am_PST-01_23_2024_12_00am_PST.csv
1/22/24,3:18:18 PM,1/22/24,3:20:18 PM,0,b,,"19800 44th Ave W, Lynnwood, WA 98036, USA","19800 44th Ave W, Lynnwood, WA 98036, USA",2013 Toyota Prius (New),business_personal_trip_log_01_22_2024_12_00am_PST-01_23_2024_12_00am_PST.csv
1/22/24,3:57:54 PM,1/22/24,4:08:20 PM,3.04,b,,"19800 44th Ave W, Lynnwood, WA 98036, USA","20700 44th Ave W, Lynnwood, WA 98036, USA",2013 Toyota Prius (New),business_personal_trip_log_01_22_2024_12_00am_PST-01_23_2024_12_00am_PST.csv
1/22/24,4:13:05 PM,1/22/24,4:22:50 PM,1.01,b,,"20700 44th Ave W, Lynnwood, WA 98036, USA","4311 212th St SW, Mountlake Terrace, WA 98043, USA",2013 Toyota Prius (New),business_personal_trip_log_01_22_2024_12_00am_PST-01_23_2024_12_00am_PST.csv
1/22/24,4:28:53 PM,1/22/24,4:45:30 PM,5,b,,"4301 212th St SW, Mountlake Terrace, WA 98043, USA","19401 Alderwood Mall Pkwy, Lynnwood, WA 98036, USA",2013 Toyota Prius (New),business_personal_trip_log_01_22_2024_12_00am_PST-01_23_2024_12_00am_PST.csv
1/22/24,4:48:40 PM,1/22/24,5:01:45 PM,3.01,b,,"19401 Alderwood Mall Pkwy, Lynnwood, WA 98036, USA","21011 44th Ave W, Mountlake Terrace, WA 98043, USA",2013 Toyota Prius (New),business_personal_trip_log_01_22_2024_12_00am_PST-01_23_2024_12_00am_PST.csv
1/22/24,5:05:17 PM,1/22/24,5:17:48 PM,2.01,b,,"21011 44th Ave W, Mountlake Terrace, WA 98043, USA","19808 44th Ave W, Lynnwood, WA 98036, USA",2013 Toyota Prius (New),business_personal_trip_log_01_22_2024_12_00am_PST-01_23_2024_12_00am_PST.csv
1/22/24,5:20:01 PM,1/22/24,5:30:01 PM,2,b,,"19808 44th Ave W, Lynnwood, WA 98036, USA","19324 40th Ave W, Lynnwood, WA 98036, USA",2013 Toyota Prius (New),business_personal_trip_log_01_22_2024_12_00am_PST-01_23_2024_12_00am_PST.csv
1/22/24,5:41:06 PM,1/22/24,5:43:06 PM,0,b,,"19324 40th Ave W, Lynnwood, WA 98036, USA","4200 194th St SW, Lynnwood, WA 98036, USA",2013 Toyota Prius (New),business_personal_trip_log_01_22_2024_12_00am_PST-01_23_2024_12_00am_PST.csv
1/22/24,5:56:56 PM,1/22/24,5:59:07 PM,1,b,,"19505 44th Ave W, Lynnwood, WA 98036, USA","3321 196th St SW, Lynnwood, WA 98036, USA",2013 Toyota Prius (New),business_personal_trip_log_01_22_2024_12_00am_PST-01_23_2024_12_00am_PST.csv
1/22/24,6:01:07 PM,1/22/24,6:06:41 PM,3.1,b,,"2628 196th St SW, Lynnwood, WA 98036, USA","20019 6th Pl W, Lynnwood, WA 98036, USA",2013 Toyota Prius (New),business_personal_trip_log_01_22_2024_12_00am_PST-01_23_2024_12_00am_PST.csv
1/22/24,6:39:41 PM,1/22/24,6:53:33 PM,5.06, p,,"20019 6 W, Lynnwood, WA 98036, USA","23204 57th Ave W, Mountlake Terrace, WA 98043, USA",2013 Toyota Prius (New),business_personal_trip_log_01_22_2024_12_00am_PST-01_23_2024_12_00am_PST.csv
1/22/24,7:57:10 PM,1/22/24,8:09:15 PM,5.11,p,,"23204 57th Ave W, Mountlake Terrace, WA 98043, USA","20019 6 W, Lynnwood, WA 98036, USA",2013 Toyota Prius (New),business_personal_trip_log_01_22_2024_12_00am_PST-01_23_2024_12_00am_PST.csv
1/23/24,10:33:24 AM,1/23/24,10:49:31 AM,6,p,,"608 200th Pl SW, Lynnwood, WA 98036, USA","20200 68th Ave W, Lynnwood, WA 98036, USA",2013 Toyota Prius (New),business_personal_trip_log_01_23_2024_12_00am_PST-01_24_2024_12_00am_PST.csv
1/23/24,2:01:45 PM,1/23/24,2:18:01 PM,5,p,,"20200 68th Ave W, Lynnwood, WA 98036, USA","20019 6 W, Lynnwood, WA 98036, USA",2013 Toyota Prius (New),business_personal_trip_log_01_23_2024_12_00am_PST-01_24_2024_12_00am_PST.csv
1/24/24,10:04:16 AM,1/24/24,10:23:16 AM,10,p,,"20019 6 W, Lynnwood, WA 98036, USA","10601 47th Pl W, Mukilteo, WA 98275, USA",2013 Toyota Prius (New),business_personal_trip_log_01_24_2024_12_00am_PST-01_25_2024_12_00am_PST.csv
1/24/24,11:52:16 AM,1/24/24,12:08:04 PM,7,p,,"10601 47th Pl W, Mukilteo, WA 98275, USA","1402 164th St SW, Lynnwood, WA 98087, USA",2013 Toyota Prius (New),business_personal_trip_log_01_24_2024_12_00am_PST-01_25_2024_12_00am_PST.csv
1/24/24,12:20:01 PM,1/24/24,12:27:41 PM,4.1,p,,"1402 164th St SW, Lynnwood, WA 98087, USA","20019 6 W, Lynnwood, WA 98036, USA",2013 Toyota Prius (New),business_personal_trip_log_01_24_2024_12_00am_PST-01_25_2024_12_00am_PST.csv
1/24/24,2:02:06 PM,1/24/24,2:05:06 PM,1,b,,"20019 6 W, Lynnwood, WA 98036, USA","319 196th Pl SW, Lynnwood, WA 98036, USA",2013 Toyota Prius (New),business_personal_trip_log_01_24_2024_12_00am_PST-01_25_2024_12_00am_PST.csv
1/24/24,2:08:32 PM,1/24/24,2:52:35 PM,20.21,b,,"319 196th Pl SW, Lynnwood, WA 98036, USA","22915 NE Alder Crest Dr, Redmond, WA 98053, USA",2013 Toyota Prius (New),business_personal_trip_log_01_24_2024_12_00am_PST-01_25_2024_12_00am_PST.csv
1/24/24,3:24:23 PM,1/24/24,3:41:35 PM,5.01,b,,"22915 NE Alder Crest Dr, Redmond, WA 98053, USA","16450 Redmond Way, Redmond, WA 98052, USA",2013 Toyota Prius (New),business_personal_trip_log_01_24_2024_12_00am_PST-01_25_2024_12_00am_PST.csv
1/24/24,3:47:16 PM,1/24/24,3:56:12 PM,2,b,,"7993 Gilman St, Redmond, WA 98052, USA","11500 Redmond Woodinville Rd NE, Redmond, WA 98052, USA",2013 Toyota Prius (New),business_personal_trip_log_01_24_2024_12_00am_PST-01_25_2024_12_00am_PST.csv
1/24/24,3:58:12 PM,1/24/24,3:58:12 PM,0,b,,"12039 157th Ct NE, Redmond, WA 98052, USA","12039 157th Ct NE, Redmond, WA 98052, USA",2013 Toyota Prius (New),business_personal_trip_log_01_24_2024_12_00am_PST-01_25_2024_12_00am_PST.csv
1/24/24,3:59:12 PM,1/24/24,4:13:39 PM,3,b,,"12300 Redmond Woodinville Rd NE, Redmond, WA 98052, USA","12223 NE 116th St, Kirkland, WA 98034, USA",2013 Toyota Prius (New),business_personal_trip_log_01_24_2024_12_00am_PST-01_25_2024_12_00am_PST.csv
1/24/24,4:25:09 PM,1/24/24,4:43:09 PM,6,b,,"12223 NE 116th St, Kirkland, WA 98034, USA","8290 165th Ave NE, Redmond, WA 98052, USA",2013 Toyota Prius (New),business_personal_trip_log_01_24_2024_12_00am_PST-01_25_2024_12_00am_PST.csv
1/24/24,4:47:51 PM,1/24/24,5:04:56 PM,3,b,,"8290 165th Ave NE, Redmond, WA 98052, USA","18014 Redmond Way, Redmond, WA 98052, USA",2013 Toyota Prius (New),business_personal_trip_log_01_24_2024_12_00am_PST-01_25_2024_12_00am_PST.csv
1/24/24,5:06:56 PM,1/24/24,5:06:56 PM,0,b,,"WA 520, Redmond, WA 98052, USA","WA 520, Redmond, WA 98052, USA",2013 Toyota Prius (New),business_personal_trip_log_01_24_2024_12_00am_PST-01_25_2024_12_00am_PST.csv
1/24/24,5:07:56 PM,1/24/24,5:22:32 PM,7,b,,"17209 Redmond Way, Redmond, WA 98052, USA","I-405, Bellevue, WA 98004, USA",2013 Toyota Prius (New),business_personal_trip_log_01_24_2024_12_00am_PST-01_25_2024_12_00am_PST.csv
1/24/24,5:24:32 PM,1/24/24,6:08:06 PM,17,b,,"1120 112th Ave NE, Bellevue, WA 98004, USA","17801 International Blvd, Seatac, WA 98158, USA",2013 Toyota Prius (New),business_personal_trip_log_01_24_2024_12_00am_PST-01_25_2024_12_00am_PST.csv
1/24/24,6:10:06 PM,1/24/24,7:08:34 PM,33.11,b,,"17801 International Blvd, Seatac, WA 98158, USA","20019 6 W, Lynnwood, WA 98036, USA",2013 Toyota Prius (New),business_personal_trip_log_01_24_2024_12_00am_PST-01_25_2024_12_00am_PST.csv
1/25/24,10:07:20 AM,1/25/24,10:24:36 AM,8,p,,"20019 6 W, Lynnwood, WA 98036, USA","10601 47th Pl W, Mukilteo, WA 98275, USA",2013 Toyota Prius (New),business_personal_trip_log_01_25_2024_12_00am_PST-01_26_2024_12_00am_PST.csv
1/25/24,12:25:07 PM,1/25/24,1:06:46 PM,20.05,p,,"10601 47th Pl W, Mukilteo, WA 98275, USA","10622 60th St NE, Lake Stevens, WA 98258, USA",2013 Toyota Prius (New),business_personal_trip_log_01_25_2024_12_00am_PST-01_26_2024_12_00am_PST.csv
1/25/24,1:39:09 PM,1/25/24,1:53:24 PM,7,p,,"10622 60th St NE, Lake Stevens, WA 98258, USA","9621 S Lake Stevens Rd, Lake Stevens, WA 98258, USA",2013 Toyota Prius (New),business_personal_trip_log_01_25_2024_12_00am_PST-01_26_2024_12_00am_PST.csv
1/25/24,1:55:53 PM,1/25/24,1:57:25 PM,0.06,p,,"9621 S Lake Stevens Rd, Lake Stevens, WA 98258, USA","2126 93rd Dr SE, Lake Stevens, WA 98258, USA",2013 Toyota Prius (New),business_personal_trip_log_01_25_2024_12_00am_PST-01_26_2024_12_00am_PST.csv
1/25/24,2:28:29 PM,1/25/24,2:46:12 PM,9.61,p,,"2126 93rd Dr SE, Lake Stevens, WA 98258, USA","13710 59th Ave SE, Everett, WA 98208, USA",2013 Toyota Prius (New),business_personal_trip_log_01_25_2024_12_00am_PST-01_26_2024_12_00am_PST.csv
1/25/24,6:24:50 PM,1/25/24,6:29:30 PM,2.01,p,,"13715 59th Ave SE, Everett, WA 98208, USA","13223 39th Ave SE, Bothell, WA 98012, USA",2013 Toyota Prius (New),business_personal_trip_log_01_25_2024_12_00am_PST-01_26_2024_12_00am_PST.csv
1/25/24,8:05:19 PM,1/25/24,8:22:45 PM,7.09,p,,"13223 39th Ave SE, Bothell, WA 98012, USA","20019 6 W, Lynnwood, WA 98036, USA",2013 Toyota Prius (New),business_personal_trip_log_01_25_2024_12_00am_PST-01_26_2024_12_00am_PST.csv
1/26/24,9:09:11 AM,1/26/24,9:40:48 AM,23,p,,"20019 6 W, Lynnwood, WA 98036, USA","6006 Meridian Ave N, Tulalip, WA 98271, USA",2013 Toyota Prius (New),business_personal_trip_log_01_26_2024_12_00am_PST-01_27_2024_12_00am_PST.csv
1/26/24,2:13:10 PM,1/26/24,2:45:23 PM,24.1,p,,"6006 Meridian Ave N, Tulalip, WA 98271, USA","20019 6 W, Lynnwood, WA 98036, USA",2013 Toyota Prius (New),business_personal_trip_log_01_26_2024_12_00am_PST-01_27_2024_12_00am_PST.csv
1/27/24,11:01:12 AM,1/27/24,11:09:01 AM,3,b,,"20019 6 W, Lynnwood, WA 98036, USA","2617 196th St SW, Lynnwood, WA 98036, USA",2013 Toyota Prius (New),business_personal_trip_log_01_27_2024_12_00am_PST-01_28_2024_12_00am_PST.csv
1/27/24,11:52:13 AM,1/27/24,11:59:23 AM,1,b,,"2617 196th St SW, Lynnwood, WA 98036, USA","19820 44th Ave W, Lynnwood, WA 98036, USA",2013 Toyota Prius (New),business_personal_trip_log_01_27_2024_12_00am_PST-01_28_2024_12_00am_PST.csv
1/27/24,12:01:47 PM,1/27/24,12:11:15 PM,2,b,,"19808 44th Ave W, Lynnwood, WA 98036, USA","18725 33rd Ave W, Lynnwood, WA 98037, USA",2013 Toyota Prius (New),business_personal_trip_log_01_27_2024_12_00am_PST-01_28_2024_12_00am_PST.csv
1/27/24,12:34:48 PM,1/27/24,12:49:54 PM,5,b,,"18920 28th Ave W, Lynnwood, WA 98036, USA","16720 6th Ave W, Lynnwood, WA 98037, USA",2013 Toyota Prius (New),business_personal_trip_log_01_27_2024_12_00am_PST-01_28_2024_12_00am_PST.csv
1/27/24,12:53:30 PM,1/27/24,1:09:53 PM,3.05,b,,"16720 6th Ave W, Lynnwood, WA 98037, USA","18415 33rd Ave W, Lynnwood, WA 98037, USA",2013 Toyota Prius (New),business_personal_trip_log_01_27_2024_12_00am_PST-01_28_2024_12_00am_PST.csv
1/27/24,1:36:39 PM,1/27/24,1:50:38 PM,4,b,,"18415 33rd Ave W, Lynnwood, WA 98037, USA","20511 28 W, Lynnwood, WA 98036, USA",2013 Toyota Prius (New),business_personal_trip_log_01_27_2024_12_00am_PST-01_28_2024_12_00am_PST.csv
1/27/24,1:53:51 PM,1/27/24,2:02:17 PM,3.09,b,,"20511 28 W, Lynnwood, WA 98036, USA","6031 208th St SW, Lynnwood, WA 98036, USA",2013 Toyota Prius (New),business_personal_trip_log_01_27_2024_12_00am_PST-01_28_2024_12_00am_PST.csv
1/27/24,2:08:11 PM,1/27/24,2:18:57 PM,4.11,b,,"6105 208th St SW, Lynnwood, WA 98036, USA","20019 6 W, Lynnwood, WA 98036, USA",2013 Toyota Prius (New),business_personal_trip_log_01_27_2024_12_00am_PST-01_28_2024_12_00am_PST.csv
1/27/24,2:53:46 PM,1/27/24,3:08:39 PM,4,b,,"20019 6 W, Lynnwood, WA 98036, USA","1233 164th St SW, Lynnwood, WA 98087, USA",2013 Toyota Prius (New),business_personal_trip_log_01_27_2024_12_00am_PST-01_28_2024_12_00am_PST.csv
1/27/24,3:12:49 PM,1/27/24,3:35:32 PM,5,b,,"1233 164th St SW, Lynnwood, WA 98087, USA","16310 Bothell Everett Hwy, Mill Creek, WA 98012, USA",2013 Toyota Prius (New),business_personal_trip_log_01_27_2024_12_00am_PST-01_28_2024_12_00am_PST.csv
1/27/24,3:38:01 PM,1/27/24,3:45:21 PM,3,b,,"16306 Bothell Everett Hwy, Mill Creek, WA 98012, USA","19211 Filbert Rd, Bothell, WA 98012, USA",2013 Toyota Prius (New),business_personal_trip_log_01_27_2024_12_00am_PST-01_28_2024_12_00am_PST.csv
1/27/24,3:47:21 PM,1/27/24,4:10:53 PM,8.01,b,,"404 N Damson Rd, Lynnwood, WA 98036, USA","20019 6 W, Lynnwood, WA 98036, USA",2013 Toyota Prius (New),business_personal_trip_log_01_27_2024_12_00am_PST-01_28_2024_12_00am_PST.csv
1/27/24,5:23:55 PM,1/27/24,5:56:08 PM,22,p,,"20019 6 W, Lynnwood, WA 98036, USA","9330 State Ave, Marysville, WA 98270, USA",2013 Toyota Prius (New),business_personal_trip_log_01_27_2024_12_00am_PST-01_28_2024_12_00am_PST.csv
1/27/24,6:48:17 PM,1/27/24,6:49:54 PM,0.02,p,,"9330 State Ave, Marysville, WA 98270, USA","9317 State Ave, Marysville, WA 98270, USA",2013 Toyota Prius (New),business_personal_trip_log_01_27_2024_12_00am_PST-01_28_2024_12_00am_PST.csv
1/27/24,8:35:45 PM,1/27/24,8:43:25 PM,3,p,,"9317 State Ave, Marysville, WA 98270, USA","9804 79th Dr NE, Marysville, WA 98270, USA",2013 Toyota Prius (New),business_personal_trip_log_01_27_2024_12_00am_PST-01_28_2024_12_00am_PST.csv
1/28/24,10:28:13 AM,1/28/24,10:37:09 AM,3.01,p,,"9804 79th Dr NE, Marysville, WA 98270, USA","7201 48th Dr NE, Marysville, WA 98270, USA",2013 Toyota Prius (New),business_personal_trip_log_01_28_2024_12_00am_PST-01_29_2024_12_00am_PST.csv
1/28/24,11:35:20 AM,1/28/24,11:41:14 AM,2.01,p,,"7201 48th Dr NE, Marysville, WA 98270, USA","1216 4th St, Marysville, WA 98270, USA",2013 Toyota Prius (New),business_personal_trip_log_01_28_2024_12_00am_PST-01_29_2024_12_00am_PST.csv
1/28/24,12:23:46 PM,1/28/24,12:36:00 PM,5,p,,"1216 4th St, Marysville, WA 98270, USA","9804 79th Dr NE, Marysville, WA 98270, USA",2013 Toyota Prius (New),business_personal_trip_log_01_28_2024_12_00am_PST-01_29_2024_12_00am_PST.csv
1/28/24,2:38:19 PM,1/28/24,2:47:16 PM,3,p,,"9805 79th Dr NE, Marysville, WA 98270, USA","9720 State Ave, Marysville, WA 98270, USA",2013 Toyota Prius (New),business_personal_trip_log_01_28_2024_12_00am_PST-01_29_2024_12_00am_PST.csv
1/28/24,2:51:46 PM,1/28/24,3:13:57 PM,16,p,,"9702 State Ave, Marysville, WA 98270, USA","2208 W Casino Rd, Everett, WA 98204, USA",2013 Toyota Prius (New),business_personal_trip_log_01_28_2024_12_00am_PST-01_29_2024_12_00am_PST.csv
1/28/24,6:07:07 PM,1/28/24,6:41:47 PM,18,p,,"2208 W Casino Rd, Everett, WA 98204, USA","9804 79th Dr NE, Marysville, WA 98270, USA",2013 Toyota Prius (New),business_personal_trip_log_01_28_2024_12_00am_PST-01_29_2024_12_00am_PST.csv
1/28/24,9:55:52 PM,1/28/24,10:28:21 PM,24.09,p,,"9804 79th Dr NE, Marysville, WA 98270, USA","20019 6 W, Lynnwood, WA 98036, USA",2013 Toyota Prius (New),business_personal_trip_log_01_28_2024_12_00am_PST-01_29_2024_12_00am_PST.csv
1/29/24,10:07:31 AM,1/29/24,10:44:19 AM,29.02,p,,"20019 6 W, Lynnwood, WA 98036, USA","4050 Maple Valley Hwy, Renton, WA 98058, USA",2013 Toyota Prius (New),business_personal_trip_log_01_29_2024_12_00am_PST-01_30_2024_12_00am_PST.csv
1/29/24,4:44:21 PM,1/29/24,5:34:05 PM,28,p,,"4050 Maple Valley Hwy, Renton, WA 98058, USA","20019 6 W, Lynnwood, WA 98036, USA",2013 Toyota Prius (New),business_personal_trip_log_01_29_2024_12_00am_PST-01_30_2024_12_00am_PST.csv
1/30/24,4:33:08 PM,1/30/24,4:44:13 PM,4,p,,"726 200th Pl SW, Lynnwood, WA 98036, USA","1220 228th St SE, Bothell, WA 98021, USA",2013 Toyota Prius (New),business_personal_trip_log_01_30_2024_12_00am_PST-01_31_2024_12_00am_PST.csv
1/30/24,4:59:08 PM,1/30/24,5:10:36 PM,3,p,,"1220 228th St SE, Bothell, WA 98021, USA","19606 35 SE, Bothell, WA 98012, USA",2013 Toyota Prius (New),business_personal_trip_log_01_30_2024_12_00am_PST-01_31_2024_12_00am_PST.csv
1/30/24,5:12:36 PM,1/30/24,5:26:28 PM,4.01,p,,"18907 34th Dr SE, Bothell, WA 98012, USA","13710 59th Ave SE, Everett, WA 98208, USA",2013 Toyota Prius (New),business_personal_trip_log_01_30_2024_12_00am_PST-01_31_2024_12_00am_PST.csv
1/30/24,7:56:05 PM,1/30/24,8:06:05 PM,5,p,,"13710 59th Ave SE, Everett, WA 98208, USA","16317 Bothell Everett Hwy, Bothell, WA 98012, USA",2013 Toyota Prius (New),business_personal_trip_log_01_30_2024_12_00am_PST-01_31_2024_12_00am_PST.csv
1/30/24,8:08:05 PM,1/30/24,8:14:53 PM,3.03,p,,"605 164th St SE, Bothell, WA 98012, USA","20019 6 W, Lynnwood, WA 98036, USA",2013 Toyota Prius (New),business_personal_trip_log_01_30_2024_12_00am_PST-01_31_2024_12_00am_PST.csv
1/31/24,11:05:51 AM,1/31/24,11:16:19 AM,4,p,,"20012 6th Pl W, Lynnwood, WA 98036, USA","15833 Mill Creek Blvd, Mill Creek, WA 98012, USA",2013 Toyota Prius (New),business_personal_trip_log_01_31_2024_12_00am_PST-02_01_2024_12_00am_PST.csv
1/31/24,11:31:07 AM,1/31/24,11:40:28 AM,3,b,,"15833 Mill Creek Blvd, Mill Creek, WA 98012, USA","20019 6 W, Lynnwood, WA 98036, USA",2013 Toyota Prius (New),business_personal_trip_log_01_31_2024_12_00am_PST-02_01_2024_12_00am_PST.csv
1/31/24,1:06:38 PM,1/31/24,1:31:41 PM,12,b,,"20019 6 W, Lynnwood, WA 98036, USA","10601 47th Pl W, Mukilteo, WA 98275, USA",2013 Toyota Prius (New),business_personal_trip_log_01_31_2024_12_00am_PST-02_01_2024_12_00am_PST.csv
1/31/24,3:08:18 PM,1/31/24,3:45:37 PM,23,b,,"10601 47th Pl W, Mukilteo, WA 98275, USA","10116 NE 8th St, Bellevue, WA 98004, USA",2013 Toyota Prius (New),business_personal_trip_log_01_31_2024_12_00am_PST-02_01_2024_12_00am_PST.csv
1/31/24,3:48:22 PM,1/31/24,4:07:53 PM,6.02,b,,"10116 NE 8th St, Bellevue, WA 98004, USA","I-405, Kirkland, WA 98033, USA",2013 Toyota Prius (New),business_personal_trip_log_01_31_2024_12_00am_PST-02_01_2024_12_00am_PST.csv
1/31/24,4:10:21 PM,1/31/24,4:11:21 PM,0,b,,"I-405, Kirkland, WA 98033, USA","11834 NE 90th St, Kirkland, WA 98033, USA",2013 Toyota Prius (New),business_personal_trip_log_01_31_2024_12_00am_PST-02_01_2024_12_00am_PST.csv
1/31/24,4:13:43 PM,1/31/24,4:14:21 PM,0,b,,"I-405, Kirkland, WA 98033, USA","11834 NE 90th St, Kirkland, WA 98033, USA",2013 Toyota Prius (New),business_personal_trip_log_01_31_2024_12_00am_PST-02_01_2024_12_00am_PST.csv
1/31/24,4:44:20 PM,1/31/24,5:58:24 PM,33,b,,"11834 NE 90th St, Kirkland, WA 98033, USA","3929 88th St NE, Marysville, WA 98270, USA",2013 Toyota Prius (New),business_personal_trip_log_01_31_2024_12_00am_PST-02_01_2024_12_00am_PST.csv
1/31/24,6:00:24 PM,1/31/24,6:09:46 PM,3,b,,"4501 88th St NE, Marysville, WA 98270, USA","9804 79th Dr NE, Marysville, WA 98270, USA",2013 Toyota Prius (New),business_personal_trip_log_01_31_2024_12_00am_PST-02_01_2024_12_00am_PST.csv
1/31/24,6:12:09 PM,1/31/24,6:48:50 PM,24.1,b,,"9804 79th Dr NE, Marysville, WA 98270, USA","20019 6 W, Lynnwood, WA 98036, USA",2013 Toyota Prius (New),business_personal_trip_log_01_31_2024_12_00am_PST-02_01_2024_12_00am_PST.csv
2/1/24,10:03:57 AM,2/1/24,10:18:35 AM,9.02,p,,"20019 6 W, Lynnwood, WA 98036, USA","4430 106th St SW, Mukilteo, WA 98275, USA",2013 Toyota Prius (New),business_personal_trip_log_02_01_2024_12_00am_PST-02_02_2024_12_00am_PST.csv
2/1/24,12:26:44 PM,2/1/24,12:31:39 PM,1.01,p,,"4430 106th St SW, Mukilteo, WA 98275, USA","11700 Mukilteo Speedway, Mukilteo, WA 98275, USA",2013 Toyota Prius (New),business_personal_trip_log_02_01_2024_12_00am_PST-02_02_2024_12_00am_PST.csv
2/1/24,12:43:22 PM,2/1/24,12:45:47 PM,0,b,,"11700 Mukilteo Speedway, Mukilteo, WA 98275, USA","3717 Harbour Pointe Blvd SW, Mukilteo, WA 98275, USA",2013 Toyota Prius (New),business_personal_trip_log_02_01_2024_12_00am_PST-02_02_2024_12_00am_PST.csv
2/1/24,12:51:11 PM,2/1/24,12:51:23 PM,0.01,b,,"3717 Harbour Pointe Blvd SW, Mukilteo, WA 98275, USA","3717 Harbour Pointe Blvd SW, Mukilteo, WA 98275, USA",2013 Toyota Prius (New),business_personal_trip_log_02_01_2024_12_00am_PST-02_02_2024_12_00am_PST.csv
2/1/24,12:56:10 PM,2/1/24,1:11:00 PM,6.01,b,,"3717 Harbour Pointe Blvd SW, Mukilteo, WA 98275, USA","18208 Alderwood Mall Pkwy, Lynnwood, WA 98037, USA",2013 Toyota Prius (New),business_personal_trip_log_02_01_2024_12_00am_PST-02_02_2024_12_00am_PST.csv
2/1/24,1:33:55 PM,2/1/24,1:48:05 PM,3,b,,"18208 Alderwood Mall Pkwy, Lynnwood, WA 98037, USA","19808 44th Ave W, Lynnwood, WA 98036, USA",2013 Toyota Prius (New),business_personal_trip_log_02_01_2024_12_00am_PST-02_02_2024_12_00am_PST.csv
2/1/24,2:26:54 PM,2/1/24,2:56:50 PM,11.11,b,,"19820 44th Ave W, Lynnwood, WA 98036, USA","3508 204th St SW, Lynnwood, WA 98036, USA",2013 Toyota Prius (New),business_personal_trip_log_02_01_2024_12_00am_PST-02_02_2024_12_00am_PST.csv
2/1/24,2:58:50 PM,2/1/24,2:58:50 PM,0,b,,"19904 Poplar Way, Lynnwood, WA 98036, USA","19904 Poplar Way, Lynnwood, WA 98036, USA",2013 Toyota Prius (New),business_personal_trip_log_02_01_2024_12_00am_PST-02_02_2024_12_00am_PST.csv
2/1/24,2:59:07 PM,2/1/24,3:13:25 PM,8.02,b,,"19904 Poplar Way, Lynnwood, WA 98036, USA","3220 100th St SW, Everett, WA 98204, USA",2013 Toyota Prius (New),business_personal_trip_log_02_01_2024_12_00am_PST-02_02_2024_12_00am_PST.csv
2/1/24,3:23:46 PM,2/1/24,3:48:45 PM,6,b,,"3220 100th St SW, Everett, WA 98204, USA","12406 Mukilteo Speedway, Mukilteo, WA 98275, USA",2013 Toyota Prius (New),business_personal_trip_log_02_01_2024_12_00am_PST-02_02_2024_12_00am_PST.csv
2/1/24,3:51:18 PM,2/1/24,4:31:49 PM,13,b,,"12714 Mukilteo Spdwy, Mukilteo, WA 98275, USA","20019 6 W, Lynnwood, WA 98036, USA",2013 Toyota Prius (New),business_personal_trip_log_02_01_2024_12_00am_PST-02_02_2024_12_00am_PST.csv
2/2/24,9:07:00 AM,2/2/24,9:41:14 AM,22,p,,"20012 6 W, Lynnwood, WA 98036, USA","6006 Meridian Ave N, Tulalip, WA 98271, USA",2013 Toyota Prius (New),business_personal_trip_log_02_02_2024_12_00am_PST-02_03_2024_12_00am_PST.csv
2/2/24,2:35:59 PM,2/2/24,2:43:01 PM,4,p,,"6006 Meridian Ave N, Tulalip, WA 98271, USA","3102 Marine Dr NE, Marysville, WA 98271, USA",2013 Toyota Prius (New),business_personal_trip_log_02_02_2024_12_00am_PST-02_03_2024_12_00am_PST.csv
2/2/24,2:47:01 PM,2/2/24,2:58:48 PM,5.01,p,,"1425 4th St, Marysville, WA 98270, USA","9804 79th Dr NE, Marysville, WA 98270, USA",2013 Toyota Prius (New),business_personal_trip_log_02_02_2024_12_00am_PST-02_03_2024_12_00am_PST.csv
2/2/24,7:56:28 PM,2/2/24,8:30:42 PM,24,p,,"9804 79th Dr NE, Marysville, WA 98270, USA","20019 6 W, Lynnwood, WA 98036, USA",2013 Toyota Prius (New),business_personal_trip_log_02_02_2024_12_00am_PST-02_03_2024_12_00am_PST.csv
2/3/24,2:58:38 PM,2/3/24,3:17:58 PM,11,p,,"20019 6 W, Lynnwood, WA 98036, USA","7207 Evergreen Way, Everett, WA 98203, USA",2013 Toyota Prius (New),business_personal_trip_log_02_03_2024_12_00am_PST-02_04_2024_12_00am_PST.csv
2/3/24,4:40:09 PM,2/3/24,4:45:35 PM,2,p,,"7207 Evergreen Way, Everett, WA 98203, USA","1520 41st St, Everett, WA 98203, USA",2013 Toyota Prius (New),business_personal_trip_log_02_03_2024_12_00am_PST-02_04_2024_12_00am_PST.csv
2/3/24,4:47:35 PM,2/3/24,5:06:21 PM,12,p,,"I-5, Everett, WA 98203, USA","9804 79th Dr NE, Marysville, WA 98270, USA",2013 Toyota Prius (New),business_personal_trip_log_02_03_2024_12_00am_PST-02_04_2024_12_00am_PST.csv
2/3/24,6:12:26 PM,2/3/24,6:18:49 PM,2,p,,"9804 79th Dr NE, Marysville, WA 98270, USA","9611 State Ave, Marysville, WA 98270, USA",2013 Toyota Prius (New),business_personal_trip_log_02_03_2024_12_00am_PST-02_04_2024_12_00am_PST.csv
2/3/24,7:08:47 PM,2/3/24,7:14:57 PM,3,p,,"9611 State Ave, Marysville, WA 98270, USA","9804 79th Dr NE, Marysville, WA 98270, USA",2013 Toyota Prius (New),business_personal_trip_log_02_03_2024_12_00am_PST-02_04_2024_12_00am_PST.csv
2/3/24,10:52:57 PM,2/3/24,11:24:23 PM,24.1,p,,"9805 79th Dr NE, Marysville, WA 98270, USA","20019 6 W, Lynnwood, WA 98036, USA",2013 Toyota Prius (New),business_personal_trip_log_02_03_2024_12_00am_PST-02_04_2024_12_00am_PST.csv
2/4/24,9:07:56 AM,2/4/24,9:22:00 AM,6.03,p,,"20019 6 W, Lynnwood, WA 98036, USA","4326 148th St SE, Bothell, WA 98012, USA",2013 Toyota Prius (New),business_personal_trip_log_02_04_2024_12_00am_PST-02_05_2024_12_00am_PST.csv
2/4/24,10:36:11 AM,2/4/24,10:46:16 AM,3.01,p,,"4326 148th St SE, Bothell, WA 98012, USA","16202 Bothell Everett Hwy, Mill Creek, WA 98012, USA",2013 Toyota Prius (New),business_personal_trip_log_02_04_2024_12_00am_PST-02_05_2024_12_00am_PST.csv
2/4/24,10:53:34 AM,2/4/24,11:02:05 AM,3.03,p,,"16232 Bothell Everett Hwy, Mill Creek, WA 98012, USA","20019 6 W, Lynnwood, WA 98036, USA",2013 Toyota Prius (New),business_personal_trip_log_02_04_2024_12_00am_PST-02_05_2024_12_00am_PST.csv
2/4/24,12:33:04 PM,2/4/24,12:50:20 PM,6.02,b,,"20012 6th Pl W, Lynnwood, WA 98036, USA","22833 Bothell Everett Hwy, Bothell, WA 98021, USA",2013 Toyota Prius (New),business_personal_trip_log_02_04_2024_12_00am_PST-02_05_2024_12_00am_PST.csv
2/4/24,1:12:41 PM,2/4/24,1:25:26 PM,4.02,b,,"1220 228th St SE, Bothell, WA 98021, USA","19128 112th Ave NE, Bothell, WA 98011, USA",2013 Toyota Prius (New),business_personal_trip_log_02_04_2024_12_00am_PST-02_05_2024_12_00am_PST.csv
2/4/24,1:27:32 PM,2/4/24,1:28:21 PM,0,b,,"19116 Beardslee Blvd, Bothell, WA 98011, USA",Unknown,2013 Toyota Prius (New),business_personal_trip_log_02_04_2024_12_00am_PST-02_05_2024_12_00am_PST.csv
2/4/24,1:43:37 PM,2/4/24,1:57:46 PM,3.01,b,,"19128 112th Ave NE, Bothell, WA 98011, USA","7750 NE Bothell Way, Kenmore, WA 98028, USA",2013 Toyota Prius (New),business_personal_trip_log_02_04_2024_12_00am_PST-02_05_2024_12_00am_PST.csv
2/4/24,2:28:48 PM,2/4/24,2:54:03 PM,10,b,,"7750 NE Bothell Way, Kenmore, WA 98028, USA","13018 NE 175th St, Woodinville, WA 98072, USA",2013 Toyota Prius (New),business_personal_trip_log_02_04_2024_12_00am_PST-02_05_2024_12_00am_PST.csv
2/4/24,2:56:03 PM,2/4/24,2:59:56 PM,2,b,,"13018 NE 175th St, Woodinville, WA 98072, USA","24002 Snohomish Woodinville Rd, Woodinville, WA 98072, USA",2013 Toyota Prius (New),business_personal_trip_log_02_04_2024_12_00am_PST-02_05_2024_12_00am_PST.csv
2/4/24,3:20:54 PM,2/4/24,3:21:20 PM,0.03,b,,"24002 Snohomish Woodinville Rd, Woodinville, WA 98072, USA","24002 Snohomish Woodinville Rd, Woodinville, WA 98072, USA",2013 Toyota Prius (New),business_personal_trip_log_02_04_2024_12_00am_PST-02_05_2024_12_00am_PST.csv
2/4/24,3:25:38 PM,2/4/24,3:33:59 PM,2,b,,"24002 Snohomish Woodinville Rd, Woodinville, WA 98072, USA","17849 Gdn NE, Woodinville, WA 98072, USA",2013 Toyota Prius (New),business_personal_trip_log_02_04_2024_12_00am_PST-02_05_2024_12_00am_PST.csv
2/4/24,3:54:32 PM,2/4/24,4:32:07 PM,14.1,b,,"17847 Gdn NE, Woodinville, WA 98072, USA","20019 6 W, Lynnwood, WA 98036, USA",2013 Toyota Prius (New),business_personal_trip_log_02_04_2024_12_00am_PST-02_05_2024_12_00am_PST.csv
2/5/24,9:59:21 AM,2/5/24,10:35:38 AM,28.11,p,,"614 201st Pl SW, Lynnwood, WA 98036, USA","4050 Maple Valley Hwy, Renton, WA 98058, USA",2013 Toyota Prius (New),business_personal_trip_log_02_05_2024_12_00am_PST-02_06_2024_12_00am_PST.csv
2/5/24,4:04:07 PM,2/5/24,4:57:12 PM,28,p,,"4050 Maple Valley Hwy, Renton, WA 98058, USA","20019 6 W, Lynnwood, WA 98036, USA",2013 Toyota Prius (New),business_personal_trip_log_02_05_2024_12_00am_PST-02_06_2024_12_00am_PST.csv
2/5/24,5:23:23 PM,2/5/24,5:49:18 PM,8,p,,"726 200th Pl SW, Lynnwood, WA 98036, USA","20121 Aurora Ave N, Shoreline, WA 98133, USA",2013 Toyota Prius (New),business_personal_trip_log_02_05_2024_12_00am_PST-02_06_2024_12_00am_PST.csv
2/5/24,5:53:58 PM,2/5/24,5:54:58 PM,0,p,,"20121 Aurora Ave N, Shoreline, WA 98133, USA","20121 Aurora Ave N, Shoreline, WA 98133, USA",2013 Toyota Prius (New),business_personal_trip_log_02_05_2024_12_00am_PST-02_06_2024_12_00am_PST.csv
2/5/24,5:59:29 PM,2/5/24,6:06:18 PM,2,p,,"20121 Aurora Ave N, Shoreline, WA 98133, USA","I-5, Mountlake Terrace, WA 98043, USA",2013 Toyota Prius (New),business_personal_trip_log_02_05_2024_12_00am_PST-02_06_2024_12_00am_PST.csv
2/5/24,6:08:18 PM,2/5/24,6:21:38 PM,5.1,p,,"I-5, Edmonds, WA 98020, USA","20019 6 W, Lynnwood, WA 98036, USA",2013 Toyota Prius (New),business_personal_trip_log_02_05_2024_12_00am_PST-02_06_2024_12_00am_PST.csv
2/6/24,12:51:04 PM,2/6/24,1:01:10 PM,5.08,p,,"20019 6 W, Lynnwood, WA 98036, USA","20019 6 W, Lynnwood, WA 98036, USA",2013 Toyota Prius (New),business_personal_trip_log_02_06_2024_12_00am_PST-02_07_2024_12_00am_PST.csv
2/6/24,1:06:38 PM,2/6/24,1:35:50 PM,21.08,p,,"20019 6 W, Lynnwood, WA 98036, USA","4038 Beacon Ave S, Seattle, WA 98108, USA",2013 Toyota Prius (New),business_personal_trip_log_02_06_2024_12_00am_PST-02_07_2024_12_00am_PST.csv
2/6/24,5:51:57 PM,2/6/24,6:33:10 PM,19.1,p,,"4038 Beacon Ave S, Seattle, WA 98108, USA","20019 6 W, Lynnwood, WA 98036, USA",2013 Toyota Prius (New),business_personal_trip_log_02_06_2024_12_00am_PST-02_07_2024_12_00am_PST.csv
2/7/24,12:19:19 PM,2/7/24,12:36:49 PM,8,p,,"20019 6 W, Lynnwood, WA 98036, USA","10601 47th Pl W, Mukilteo, WA 98275, USA",2013 Toyota Prius (New),business_personal_trip_log_02_07_2024_12_00am_PST-02_08_2024_12_00am_PST.csv
2/7/24,2:12:36 PM,2/7/24,2:13:35 PM,0,p,,"4500 Harbour Pointe Blvd, Mukilteo, WA 98275, USA","10601 47th Pl W, Mukilteo, WA 98275, USA",2013 Toyota Prius (New),business_personal_trip_log_02_07_2024_12_00am_PST-02_08_2024_12_00am_PST.csv
2/7/24,2:30:28 PM,2/7/24,2:34:24 PM,0,p,,"4500 Harbour Pointe Blvd, Mukilteo, WA 98275, USA","4201 Russell Rd, Mukilteo, WA 98275, USA",2013 Toyota Prius (New),business_personal_trip_log_02_07_2024_12_00am_PST-02_08_2024_12_00am_PST.csv
2/7/24,2:37:07 PM,2/7/24,2:41:21 PM,1.01,p,,"4201 Russell Rd, Mukilteo, WA 98275, USA","11706 Mukilteo Speedway, Mukilteo, WA 98275, USA",2013 Toyota Prius (New),business_personal_trip_log_02_07_2024_12_00am_PST-02_08_2024_12_00am_PST.csv
2/7/24,3:03:12 PM,2/7/24,3:35:18 PM,11,b,,"11706 Mukilteo Speedway, Mukilteo, WA 98275, USA","22020 17th Ave SE, Bothell, WA 98021, USA",2013 Toyota Prius (New),business_personal_trip_log_02_07_2024_12_00am_PST-02_08_2024_12_00am_PST.csv
2/7/24,3:56:04 PM,2/7/24,3:59:05 PM,1,b,,"22020 17th Ave SE, Bothell, WA 98021, USA","21927 Bothell Everett Hwy, Bothell, WA 98021, USA",2013 Toyota Prius (New),business_personal_trip_log_02_07_2024_12_00am_PST-02_08_2024_12_00am_PST.csv
2/7/24,4:01:05 PM,2/7/24,4:09:41 PM,3.01,b,,"1115 228th St SE, Bothell, WA 98021, USA","20019 6th Pl W, Lynnwood, WA 98036, USA",2013 Toyota Prius (New),business_personal_trip_log_02_07_2024_12_00am_PST-02_08_2024_12_00am_PST.csv
2/7/24,4:18:43 PM,2/7/24,4:29:26 PM,3,b,,"20019 6 W, Lynnwood, WA 98036, USA","825 228th St SE, Bothell, WA 98021, USA",2013 Toyota Prius (New),business_personal_trip_log_02_07_2024_12_00am_PST-02_08_2024_12_00am_PST.csv
2/7/24,4:31:26 PM,2/7/24,5:18:05 PM,15,b,,"22802 Bothell-Everett, Bothell, WA 98021, USA","207 Cedar St, Kirkland, WA 98033, USA",2013 Toyota Prius (New),business_personal_trip_log_02_07_2024_12_00am_PST-02_08_2024_12_00am_PST.csv
2/7/24,5:22:28 PM,2/7/24,6:13:15 PM,24.02,p,,"11255 Kirkland Way, Kirkland, WA 98033, USA","910 SE Everett Mall Way, Everett, WA 98208, USA",2013 Toyota Prius (New),business_personal_trip_log_02_07_2024_12_00am_PST-02_08_2024_12_00am_PST.csv
2/7/24,7:32:07 PM,2/7/24,7:50:29 PM,10.1,p,,"910 SE Everett Mall Way, Everett, WA 98208, USA","20019 6 W, Lynnwood, WA 98036, USA",2013 Toyota Prius (New),business_personal_trip_log_02_07_2024_12_00am_PST-02_08_2024_12_00am_PST.csv
2/8/24,1:39:38 PM,2/8/24,1:49:13 PM,3.02,p,,"20019 6 W, Lynnwood, WA 98036, USA","3101 184th St SW, Lynnwood, WA 98037, USA",2013 Toyota Prius (New),business_personal_trip_log_02_08_2024_12_00am_PST-02_09_2024_12_00am_PST.csv
2/8/24,1:51:33 PM,2/8/24,2:01:02 PM,4,b,,"2915 184th St SW, Lynnwood, WA 98037, USA","12721 Mukilteo Speedway, Lynnwood, WA 98087, USA",2013 Toyota Prius (New),business_personal_trip_log_02_08_2024_12_00am_PST-02_09_2024_12_00am_PST.csv
2/8/24,2:03:02 PM,2/8/24,2:28:56 PM,7,b,,"12003 Mukilteo Speedway, Mukilteo, WA 98275, USA","315 E Casino Rd, Everett, WA 98208, USA",2013 Toyota Prius (New),business_personal_trip_log_02_08_2024_12_00am_PST-02_09_2024_12_00am_PST.csv
2/8/24,2:34:49 PM,2/8/24,2:35:53 PM,0,b,,"315 E Casino Rd, Everett, WA 98208, USA","315 E Casino Rd, Everett, WA 98208, USA",2013 Toyota Prius (New),business_personal_trip_log_02_08_2024_12_00am_PST-02_09_2024_12_00am_PST.csv
2/8/24,2:42:14 PM,2/8/24,2:44:02 PM,1.01,b,,"315 E Casino Rd, Everett, WA 98208, USA","7920 Evergreen Way, Everett, WA 98203, USA",2013 Toyota Prius (New),business_personal_trip_log_02_08_2024_12_00am_PST-02_09_2024_12_00am_PST.csv
2/8/24,2:49:36 PM,2/8/24,2:50:00 PM,0.01,b,,"7920 Evergreen Way, Everett, WA 98203, USA","7920 Evergreen Way, Everett, WA 98203, USA",2013 Toyota Prius (New),business_personal_trip_log_02_08_2024_12_00am_PST-02_09_2024_12_00am_PST.csv
2/8/24,2:59:32 PM,2/8/24,3:20:49 PM,4,b,,"7920 Evergreen Way, Everett, WA 98203, USA","2615 W Casino Rd, Everett, WA 98204, USA",2013 Toyota Prius (New),business_personal_trip_log_02_08_2024_12_00am_PST-02_09_2024_12_00am_PST.csv
2/8/24,3:22:49 PM,2/8/24,3:26:36 PM,1,b,,"2615 W Casino Rd, Everett, WA 98204, USA","3220 100th St SW, Everett, WA 98204, USA",2013 Toyota Prius (New),business_personal_trip_log_02_08_2024_12_00am_PST-02_09_2024_12_00am_PST.csv
2/8/24,3:31:43 PM,2/8/24,3:33:28 PM,1,b,,"3220 100th St SW, Everett, WA 98204, USA","3220 100th St SW, Everett, WA 98204, USA",2013 Toyota Prius (New),business_personal_trip_log_02_08_2024_12_00am_PST-02_09_2024_12_00am_PST.csv
2/8/24,3:39:19 PM,2/8/24,4:01:21 PM,4,b,,"3220 100th St SW, Everett, WA 98204, USA",Unknown,2013 Toyota Prius (New),business_personal_trip_log_02_08_2024_12_00am_PST-02_09_2024_12_00am_PST.csv
2/8/24,4:07:02 PM,2/8/24,4:21:48 PM,3,b,,"12811 Beverly Park Rd, Lynnwood, WA 98087, USA","12227 Highway 99, Everett, WA 98204, USA",2013 Toyota Prius (New),business_personal_trip_log_02_08_2024_12_00am_PST-02_09_2024_12_00am_PST.csv
2/8/24,4:26:34 PM,2/8/24,4:52:28 PM,6.01,b,,"12227 Highway 99, Everett, WA 98204, USA","19024 Highway 99, Lynnwood, WA 98036, USA",2013 Toyota Prius (New),business_personal_trip_log_02_08_2024_12_00am_PST-02_09_2024_12_00am_PST.csv
2/8/24,4:57:46 PM,2/8/24,5:06:51 PM,2.02,b,,"19020 Highway 99, Lynnwood, WA 98036, USA","3411 184th St SW, Lynnwood, WA 98037, USA",2013 Toyota Prius (New),business_personal_trip_log_02_08_2024_12_00am_PST-02_09_2024_12_00am_PST.csv
2/8/24,5:09:48 PM,2/8/24,5:31:48 PM,9,b,,"3411 184th St SW, Lynnwood, WA 98037, USA","3130 132nd St SE, Bothell, WA 98012, USA",2013 Toyota Prius (New),business_personal_trip_log_02_08_2024_12_00am_PST-02_09_2024_12_00am_PST.csv
2/8/24,5:33:48 PM,2/8/24,5:44:48 PM,3,b,,"3432 132nd St SE, Mill Creek, WA 98012, USA","13117 44th Ave SE, Everett, WA 98208, USA",2013 Toyota Prius (New),business_personal_trip_log_02_08_2024_12_00am_PST-02_09_2024_12_00am_PST.csv
2/8/24,5:46:48 PM,2/8/24,6:01:48 PM,4,b,,"13209 44th Ave SE, Mill Creek, WA 98012, USA","15224 Main St, Mill Creek, WA 98012, USA",2013 Toyota Prius (New),business_personal_trip_log_02_08_2024_12_00am_PST-02_09_2024_12_00am_PST.csv
2/8/24,6:11:23 PM,2/8/24,7:15:22 PM,22,b,,"15224 Main St, Mill Creek, WA 98012, USA","20019 6 W, Lynnwood, WA 98036, USA",2013 Toyota Prius (New),business_personal_trip_log_02_08_2024_12_00am_PST-02_09_2024_12_00am_PST.csv
2/9/24,10:27:09 AM,2/9/24,10:43:30 AM,8,p,,"20019 6 W, Lynnwood, WA 98036, USA","10601 47th Pl W, Mukilteo, WA 98275, USA",2013 Toyota Prius (New),business_personal_trip_log_02_09_2024_12_00am_PST-02_10_2024_12_00am_PST.csv
2/9/24,12:06:22 PM,2/9/24,12:25:45 PM,8.1,p,,"10601 47th Pl W, Mukilteo, WA 98275, USA","20019 6 W, Lynnwood, WA 98036, USA",2013 Toyota Prius (New),business_personal_trip_log_02_09_2024_12_00am_PST-02_10_2024_12_00am_PST.csv
2/9/24,4:14:08 PM,2/9/24,4:33:49 PM,5,p,,"20025 6 W, Lynnwood, WA 98036, USA","3226 151st Pl SE, Mill Creek, WA 98012, USA",2013 Toyota Prius (New),business_personal_trip_log_02_09_2024_12_00am_PST-02_10_2024_12_00am_PST.csv
2/9/24,4:35:49 PM,2/9/24,4:40:09 PM,2.01,p,,"14817 Seattle Hl, Bothell, WA 98012, USA","13702 59th Ave SE, Everett, WA 98208, USA",2013 Toyota Prius (New),business_personal_trip_log_02_09_2024_12_00am_PST-02_10_2024_12_00am_PST.csv
2/9/24,9:00:05 PM,2/9/24,9:08:52 PM,3,p,,"13702 59th Ave SE, Everett, WA 98208, USA","5623 138th Pl SE, Everett, WA 98208, USA",2013 Toyota Prius (New),business_personal_trip_log_02_09_2024_12_00am_PST-02_10_2024_12_00am_PST.csv
2/9/24,9:11:51 PM,2/9/24,9:28:56 PM,7.1,p,,"13631 57th Dr SE, Everett, WA 98208, USA","20019 6 W, Lynnwood, WA 98036, USA",2013 Toyota Prius (New),business_personal_trip_log_02_09_2024_12_00am_PST-02_10_2024_12_00am_PST.csv
2/10/24,11:52:30 AM,2/10/24,11:59:43 AM,3,p,,"20019 6 W, Lynnwood, WA 98036, USA","20711 Bothell Everett Hwy, Bothell, WA 98012, USA",2013 Toyota Prius (New),business_personal_trip_log_02_10_2024_12_00am_PST-02_11_2024_12_00am_PST.csv
2/10/24,12:11:47 PM,2/10/24,12:18:05 PM,3.1,p,,"20711 Bothell Everett Hwy, Bothell, WA 98012, USA","20019 6 W, Lynnwood, WA 98036, USA",2013 Toyota Prius (New),business_personal_trip_log_02_10_2024_12_00am_PST-02_11_2024_12_00am_PST.csv
2/10/24,1:31:43 PM,2/10/24,1:45:30 PM,4,b,,"20019 6 W, Lynnwood, WA 98036, USA","22833 Bothell Everett Hwy, Bothell, WA 98021, USA",2013 Toyota Prius (New),business_personal_trip_log_02_10_2024_12_00am_PST-02_11_2024_12_00am_PST.csv
2/10/24,3:41:24 PM,2/10/24,3:42:56 PM,0.02,b,,"22833 Bothell Everett Hwy, Bothell, WA 98021, USA","22833 Bothell Everett Hwy, Bothell, WA 98021, USA",2013 Toyota Prius (New),business_personal_trip_log_02_10_2024_12_00am_PST-02_11_2024_12_00am_PST.csv
2/10/24,3:45:35 PM,2/10/24,3:57:34 PM,6,b,,"22833 Bothell Everett Hwy, Bothell, WA 98021, USA","2701 184th St SW, Lynnwood, WA 98037, USA",2013 Toyota Prius (New),business_personal_trip_log_02_10_2024_12_00am_PST-02_11_2024_12_00am_PST.csv
2/10/24,3:59:34 PM,2/10/24,4:27:54 PM,8.02,b,,"18411 Alderwood Mall Pkwy, Lynnwood, WA 98037, USA","3411 184th St SW, Lynnwood, WA 98037, USA",2013 Toyota Prius (New),business_personal_trip_log_02_10_2024_12_00am_PST-02_11_2024_12_00am_PST.csv
2/10/24,4:34:27 PM,2/10/24,5:36:49 PM,30.03,b,,"3411 184th St SW, Lynnwood, WA 98037, USA","16132 NE 87th St, Redmond, WA 98052, USA",2013 Toyota Prius (New),business_personal_trip_log_02_10_2024_12_00am_PST-02_11_2024_12_00am_PST.csv
2/10/24,5:42:03 PM,2/10/24,6:20:03 PM,18,b,,"16132 NE 87th St, Redmond, WA 98052, USA","728 N 94th St, Seattle, WA 98103, USA",2013 Toyota Prius (New),business_personal_trip_log_02_10_2024_12_00am_PST-02_11_2024_12_00am_PST.csv
2/10/24,6:23:36 PM,2/10/24,6:31:37 PM,2.01,b,,"9231 Fremont Ave N, Seattle, WA 98103, USA","2150 N Northgate Way, Seattle, WA 98133, USA",2013 Toyota Prius (New),business_personal_trip_log_02_10_2024_12_00am_PST-02_11_2024_12_00am_PST.csv
2/10/24,6:53:24 PM,2/10/24,7:12:55 PM,12.1,b,,"2140 N Northgate Way, Seattle, WA 98133, USA","20019 6 W, Lynnwood, WA 98036, USA",2013 Toyota Prius (New),business_personal_trip_log_02_10_2024_12_00am_PST-02_11_2024_12_00am_PST.csv
2/11/24,9:11:12 AM,2/11/24,9:26:38 AM,6.01,p,,"20019 6 W, Lynnwood, WA 98036, USA","4326 148th St SE, Bothell, WA 98012, USA",2013 Toyota Prius (New),business_personal_trip_log_02_11_2024_12_00am_PST-02_12_2024_12_00am_PST.csv
2/11/24,10:45:08 AM,2/11/24,11:09:58 AM,7.1,p,,"4326 148th St SE, Bothell, WA 98012, USA","20019 6 W, Lynnwood, WA 98036, USA",2013 Toyota Prius (New),business_personal_trip_log_02_11_2024_12_00am_PST-02_12_2024_12_00am_PST.csv
2/11/24,1:04:59 PM,2/11/24,1:23:32 PM,6,b,,"20019 6 W, Lynnwood, WA 98036, USA","18800 Alderwood Mall Pkwy, Lynnwood, WA 98037, USA",2013 Toyota Prius (New),business_personal_trip_log_02_11_2024_12_00am_PST-02_12_2024_12_00am_PST.csv
2/11/24,1:53:04 PM,2/11/24,2:03:07 PM,3,b,,"18800 Alderwood Mall Pkwy, Lynnwood, WA 98037, USA","608 200th Pl SW, Lynnwood, WA 98036, USA",2013 Toyota Prius (New),business_personal_trip_log_02_11_2024_12_00am_PST-02_12_2024_12_00am_PST.csv
2/11/24,2:58:28 PM,2/11/24,3:06:55 PM,4,p,,"20019 6 W, Lynnwood, WA 98036, USA","16411 Larch Way, Lynnwood, WA 98037, USA",2013 Toyota Prius (New),business_personal_trip_log_02_11_2024_12_00am_PST-02_12_2024_12_00am_PST.csv
2/11/24,3:08:55 PM,2/11/24,3:45:48 PM,28.01,p,,"1515 164th St SW, Lynnwood, WA 98087, USA","9804 79th Dr NE, Marysville, WA 98270, USA",2013 Toyota Prius (New),business_personal_trip_log_02_11_2024_12_00am_PST-02_12_2024_12_00am_PST.csv
2/12/24,10:04:57 AM,2/12/24,10:13:29 AM,3,p,,"20019 6 W, Lynnwood, WA 98036, USA","18700 Alderwood Mall Pkwy, Lynnwood, WA 98037, USA",2013 Toyota Prius (New),business_personal_trip_log_02_12_2024_12_00am_PST-02_13_2024_12_00am_PST.csv
2/12/24,11:14:21 AM,2/12/24,11:17:07 AM,1,p,,"18700 Alderwood Mall Pkwy, Lynnwood, WA 98037, USA","17955 Alderwood Mall Pkwy, Lynnwood, WA 98037, USA",2013 Toyota Prius (New),business_personal_trip_log_02_12_2024_12_00am_PST-02_13_2024_12_00am_PST.csv
2/12/24,11:22:49 AM,2/12/24,11:29:34 AM,3.1,p,,"17955 Alderwood Mall Pkwy, Lynnwood, WA 98037, USA","20019 6 W, Lynnwood, WA 98036, USA",2013 Toyota Prius (New),business_personal_trip_log_02_12_2024_12_00am_PST-02_13_2024_12_00am_PST.csv
2/12/24,12:03:32 PM,2/12/24,12:19:49 PM,7,p,,"20019 6 W, Lynnwood, WA 98036, USA","11800 Mukilteo Speedway, Mukilteo, WA 98275, USA",2013 Toyota Prius (New),business_personal_trip_log_02_12_2024_12_00am_PST-02_13_2024_12_00am_PST.csv
2/12/24,12:23:43 PM,2/12/24,12:24:09 PM,0,p,,"11800 Mukilteo Speedway, Mukilteo, WA 98275, USA","11800 Mukilteo Speedway, Mukilteo, WA 98275, USA",2013 Toyota Prius (New),business_personal_trip_log_02_12_2024_12_00am_PST-02_13_2024_12_00am_PST.csv
2/12/24,12:31:17 PM,2/12/24,12:33:55 PM,1,p,,"11700 Mukilteo Speedway, Mukilteo, WA 98275, USA","10601 47th Pl W, Mukilteo, WA 98275, USA",2013 Toyota Prius (New),business_personal_trip_log_02_12_2024_12_00am_PST-02_13_2024_12_00am_PST.csv
2/12/24,2:13:35 PM,2/12/24,2:28:45 PM,5,b,,"10601 47th Pl W, Mukilteo, WA 98275, USA","12714 Mukilteo Speedway, Mukilteo, WA 98275, USA",2013 Toyota Prius (New),business_personal_trip_log_02_12_2024_12_00am_PST-02_13_2024_12_00am_PST.csv
2/12/24,2:30:45 PM,2/12/24,2:35:50 PM,3.01,b,,"13109 Mukilteo Speedway, Lynnwood, WA 98087, USA","18133 33rd Ave W, Lynnwood, WA 98037, USA",2013 Toyota Prius (New),business_personal_trip_log_02_12_2024_12_00am_PST-02_13_2024_12_00am_PST.csv
2/12/24,2:38:46 PM,2/12/24,2:39:52 PM,0,b,,"18133 33rd Ave W, Lynnwood, WA 98037, USA","18133 33rd Ave W, Lynnwood, WA 98037, USA",2013 Toyota Prius (New),business_personal_trip_log_02_12_2024_12_00am_PST-02_13_2024_12_00am_PST.csv
2/12/24,2:54:05 PM,2/12/24,3:19:20 PM,10.1,b,,"18133 33rd Ave W, Lynnwood, WA 98037, USA","20019 6 W, Lynnwood, WA 98036, USA",2013 Toyota Prius (New),business_personal_trip_log_02_12_2024_12_00am_PST-02_13_2024_12_00am_PST.csv
2/12/24,3:27:43 PM,2/12/24,3:35:02 PM,2,b,,"20019 6 W, Lynnwood, WA 98036, USA","19401 Alderwood Mall Pkwy, Lynnwood, WA 98036, USA",2013 Toyota Prius (New),business_personal_trip_log_02_12_2024_12_00am_PST-02_13_2024_12_00am_PST.csv
2/12/24,3:48:16 PM,2/12/24,4:15:06 PM,7.02,b,,"2617 196th St SW, Lynnwood, WA 98036, USA","19615 Highway 99, Lynnwood, WA 98036, USA",2013 Toyota Prius (New),business_personal_trip_log_02_12_2024_12_00am_PST-02_13_2024_12_00am_PST.csv
2/12/24,4:18:07 PM,2/12/24,4:18:35 PM,0,b,,"19615 Highway 99, Lynnwood, WA 98036, USA","19615 Highway 99, Lynnwood, WA 98036, USA",2013 Toyota Prius (New),business_personal_trip_log_02_12_2024_12_00am_PST-02_13_2024_12_00am_PST.csv
2/12/24,4:43:30 PM,2/12/24,4:50:29 PM,2,b,,"19615 Highway 99, Lynnwood, WA 98036, USA","4100 Alderwood Mall Blvd, Lynnwood, WA 98036, USA",2013 Toyota Prius (New),business_personal_trip_log_02_12_2024_12_00am_PST-02_13_2024_12_00am_PST.csv
2/12/24,4:52:29 PM,2/12/24,4:56:29 PM,1,b,,"4029 Alderwood Mall Blvd, Lynnwood, WA 98036, USA","18500 33rd Ave W, Lynnwood, WA 98037, USA",2013 Toyota Prius (New),business_personal_trip_log_02_12_2024_12_00am_PST-02_13_2024_12_00am_PST.csv
2/12/24,4:58:44 PM,2/12/24,5:11:36 PM,4.01,b,,"18500 33rd Ave W, Lynnwood, WA 98037, USA","20019 6 W, Lynnwood, WA 98036, USA",2013 Toyota Prius (New),business_personal_trip_log_02_12_2024_12_00am_PST-02_13_2024_12_00am_PST.csv
2/13/24,10:11:00 AM,2/13/24,10:49:18 AM,25.13,p,,"20019 6 W, Lynnwood, WA 98036, USA","4502 35th Ave SW, Seattle, WA 98126, USA",2013 Toyota Prius (New),business_personal_trip_log_02_13_2024_12_00am_PST-02_14_2024_12_00am_PST.csv
2/13/24,4:06:30 PM,2/13/24,4:07:59 PM,0.04,p,,"4502 35th Ave SW, Seattle, WA 98126, USA","4422 35th Ave SW, Seattle, WA 98126, USA",2013 Toyota Prius (New),business_personal_trip_log_02_13_2024_12_00am_PST-02_14_2024_12_00am_PST.csv
2/13/24,4:43:59 PM,2/13/24,5:53:51 PM,21.01,p,,"4414P 35th Ave SW, Seattle, WA 98126, USA","20019 6 W, Lynnwood, WA 98036, USA",2013 Toyota Prius (New),business_personal_trip_log_02_13_2024_12_00am_PST-02_14_2024_12_00am_PST.csv
2/14/24,9:20:34 AM,2/14/24,10:00:07 AM,17.25,p,,"20019 6 W, Lynnwood, WA 98036, USA","1915 140th Ave NE, Bellevue, WA 98005, USA",2013 Toyota Prius (New),business_personal_trip_log_02_14_2024_12_00am_PST-02_15_2024_12_00am_PST.csv
2/14/24,10:15:01 AM,2/14/24,10:17:36 AM,1,p,,"1915 140th Ave NE, Bellevue, WA 98005, USA","14404 NE 20th St, Bellevue, WA 98007, USA",2013 Toyota Prius (New),business_personal_trip_log_02_14_2024_12_00am_PST-02_15_2024_12_00am_PST.csv
2/14/24,10:32:54 AM,2/14/24,10:35:16 AM,1,p,,"14404 NE 20th St, Bellevue, WA 98007, USA","13238 NE 20th St, Bellevue, WA 98005, USA",2013 Toyota Prius (New),business_personal_trip_log_02_14_2024_12_00am_PST-02_15_2024_12_00am_PST.csv
2/14/24,12:08:45 PM,2/14/24,12:11:55 PM,1,p,,"13238 NE 20th St, Bellevue, WA 98005, USA","14340 NE 20th St, Bellevue, WA 98007, USA",2013 Toyota Prius (New),business_personal_trip_log_02_14_2024_12_00am_PST-02_15_2024_12_00am_PST.csv
2/14/24,1:07:00 PM,2/14/24,1:34:37 PM,17.11,p,,"14340 NE 20th St, Bellevue, WA 98007, USA","20019 6 W, Lynnwood, WA 98036, USA",2013 Toyota Prius (New),business_personal_trip_log_02_14_2024_12_00am_PST-02_15_2024_12_00am_PST.csv
2/14/24,2:25:34 PM,2/14/24,2:41:29 PM,5,p,,"20019 6 W, Lynnwood, WA 98036, USA","15303 33rd Dr SE, Mill Creek, WA 98012, USA",2013 Toyota Prius (New),business_personal_trip_log_02_14_2024_12_00am_PST-02_15_2024_12_00am_PST.csv
2/14/24,2:45:22 PM,2/14/24,2:51:21 PM,2.04,p,,"14928 38 SE, Bothell, WA 98012, USA","6502 142nd St SE, Snohomish, WA 98296, USA",2013 Toyota Prius (New),business_personal_trip_log_02_14_2024_12_00am_PST-02_15_2024_12_00am_PST.csv
2/14/24,3:20:15 PM,2/14/24,3:24:48 PM,3,p,,"6502 142nd St SE, Snohomish, WA 98296, USA","8915 Cathcart Way, Snohomish, WA 98296, USA",2013 Toyota Prius (New),business_personal_trip_log_02_14_2024_12_00am_PST-02_15_2024_12_00am_PST.csv
2/14/24,3:27:04 PM,2/14/24,3:59:27 PM,14.05,p,,"14717 State Route 9 SE, Snohomish, WA 98296, USA","10622 60th St NE, Lake Stevens, WA 98258, USA",2013 Toyota Prius (New),business_personal_trip_log_02_14_2024_12_00am_PST-02_15_2024_12_00am_PST.csv
2/14/24,7:35:59 PM,2/14/24,8:10:54 PM,22.1,p,,"10622 60th St NE, Lake Stevens, WA 98258, USA","20019 6 W, Lynnwood, WA 98036, USA",2013 Toyota Prius (New),business_personal_trip_log_02_14_2024_12_00am_PST-02_15_2024_12_00am_PST.csv
2/15/24,9:49:09 AM,2/15/24,9:57:28 AM,4,p,,"20019 6 W, Lynnwood, WA 98036, USA","18133 33 W, Lynnwood, WA 98037, USA",2013 Toyota Prius (New),business_personal_trip_log_02_15_2024_12_00am_PST-02_16_2024_12_00am_PST.csv
2/15/24,9:59:53 AM,2/15/24,10:00:28 AM,0,p,,"18199 33rd Ave W, Lynnwood, WA 98037, USA","3101 184th St SW, Lynnwood, WA 98037, USA",2013 Toyota Prius (New),business_personal_trip_log_02_15_2024_12_00am_PST-02_16_2024_12_00am_PST.csv
2/15/24,10:13:48 AM,2/15/24,10:21:28 AM,3,p,,"3101 184th St SW, Lynnwood, WA 98037, USA","20012 6th Pl W, Lynnwood, WA 98036, USA",2013 Toyota Prius (New),business_personal_trip_log_02_15_2024_12_00am_PST-02_16_2024_12_00am_PST.csv
2/15/24,11:35:47 AM,2/15/24,1:55:04 PM,125,p,,"20019 6 W, Lynnwood, WA 98036, USA","US-12, Aberdeen, WA 98520, USA",2013 Toyota Prius (New),business_personal_trip_log_02_15_2024_12_00am_PST-02_16_2024_12_00am_PST.csv
2/15/24,1:58:50 PM,2/15/24,2:02:49 PM,1,p,,"US-12, Aberdeen, WA 98520, USA","810 E Wishkah St, Aberdeen, WA 98520, USA",2013 Toyota Prius (New),business_personal_trip_log_02_15_2024_12_00am_PST-02_16_2024_12_00am_PST.csv
2/15/24,2:07:15 PM,2/15/24,2:43:18 PM,24,p,,"806 E Wishkah St, Aberdeen, WA 98520, USA","516 Point Brown Ave NE, Ocean Shores, WA 98569, USA",2013 Toyota Prius (New),business_personal_trip_log_02_15_2024_12_00am_PST-02_16_2024_12_00am_PST.csv
2/15/24,5:08:40 PM,2/15/24,5:18:15 PM,2.01,p,,"516 Point Brown Ave NE, Ocean Shores, WA 98569, USA","729 Pt Brown Ave, Ocean Shores, WA 98569, USA",2013 Toyota Prius (New),business_personal_trip_log_02_15_2024_12_00am_PST-02_16_2024_12_00am_PST.csv
2/15/24,5:44:50 PM,2/15/24,5:46:50 PM,1,p,,"729 Pt Brown Ave, Ocean Shores, WA 98569, USA","798 Ocean Shores Blvd, Ocean Shores, WA 98569, USA",2013 Toyota Prius (New),business_personal_trip_log_02_15_2024_12_00am_PST-02_16_2024_12_00am_PST.csv
2/15/24,7:09:17 PM,2/15/24,7:12:08 PM,1.02,p,,"131 Barnacle St NW, Ocean Shores, WA 98569, USA","516 Point Brown Ave NE, Ocean Shores, WA 98569, USA",2013 Toyota Prius (New),business_personal_trip_log_02_15_2024_12_00am_PST-02_16_2024_12_00am_PST.csv
2/16/24,11:11:54 AM,2/16/24,11:15:11 AM,1,p,,"516 Point Brown Ave NE, Ocean Shores, WA 98569, USA","861 Pt Brown Ave, Ocean Shores, WA 98569, USA",2013 Toyota Prius (New),business_personal_trip_log_02_16_2024_12_00am_PST-02_17_2024_12_00am_PST.csv
2/16/24,11:56:06 AM,2/16/24,11:59:48 AM,0,p,,"861 Pt Brown Ave, Ocean Shores, WA 98569, USA","699 Pt Brown Ave, Ocean Shores, WA 98569, USA",2013 Toyota Prius (New),business_personal_trip_log_02_16_2024_12_00am_PST-02_17_2024_12_00am_PST.csv
2/16/24,12:05:22 PM,2/16/24,12:45:24 PM,23.09,p,,"699 Pt Brown Ave, Ocean Shores, WA 98569, USA","1143 E Wishkah St, Aberdeen, WA 98520, USA",2013 Toyota Prius (New),business_personal_trip_log_02_16_2024_12_00am_PST-02_17_2024_12_00am_PST.csv
2/16/24,1:17:44 PM,2/16/24,1:18:54 PM,0.03,p,,"US-12, Aberdeen, WA 98520, USA","1029 E Wishkah St, Aberdeen, WA 98520, USA",2013 Toyota Prius (New),business_personal_trip_log_02_16_2024_12_00am_PST-02_17_2024_12_00am_PST.csv
2/16/24,2:48:22 PM,2/16/24,2:54:27 PM,1.01,p,,"1143 E Wishkah St, Aberdeen, WA 98520, USA","1021 E Wishkah St, Aberdeen, WA 98520, USA",2013 Toyota Prius (New),business_personal_trip_log_02_16_2024_12_00am_PST-02_17_2024_12_00am_PST.csv
2/16/24,3:09:49 PM,2/16/24,3:13:47 PM,0.01,p,,"US-12, Aberdeen, WA 98520, USA","500 E Market St, Aberdeen, WA 98520, USA",2013 Toyota Prius (New),business_personal_trip_log_02_16_2024_12_00am_PST-02_17_2024_12_00am_PST.csv
2/16/24,3:54:44 PM,2/16/24,3:57:12 PM,1,p,,"118 N F St, Aberdeen, WA 98520, USA","306 N B St, Aberdeen, WA 98520, USA",2013 Toyota Prius (New),business_personal_trip_log_02_16_2024_12_00am_PST-02_17_2024_12_00am_PST.csv
2/16/24,6:10:45 PM,2/16/24,6:48:44 PM,24,p,,"306 N B St, Aberdeen, WA 98520, USA","516 Point Brown Ave NE, Ocean Shores, WA 98569, USA",2013 Toyota Prius (New),business_personal_trip_log_02_16_2024_12_00am_PST-02_17_2024_12_00am_PST.csv
2/17/24,12:10:10 PM,2/17/24,12:12:16 PM,1,p,,"516 Point Brown Ave NE, Ocean Shores, WA 98569, USA","130 E Chance A La Mer NE, Ocean Shores, WA 98569, USA",2013 Toyota Prius (New),business_personal_trip_log_02_17_2024_12_00am_PST-02_18_2024_12_00am_PST.csv
2/17/24,1:09:43 PM,2/17/24,1:47:47 PM,23,p,,"130 E Chance A La Mer NE, Ocean Shores, WA 98569, USA","US-12, Aberdeen, WA 98520, USA",2013 Toyota Prius (New),business_personal_trip_log_02_17_2024_12_00am_PST-02_18_2024_12_00am_PST.csv
2/17/24,1:50:31 PM,2/17/24,3:59:05 PM,126.48,p,,"1021 E Wishkah St, Aberdeen, WA 98520, USA","2608 196th St SW, Lynnwood, WA 98036, USA",2013 Toyota Prius (New),business_personal_trip_log_02_17_2024_12_00am_PST-02_18_2024_12_00am_PST.csv
2/17/24,4:01:34 PM,2/17/24,4:07:43 PM,2,p,,"2608 196th St SW, Lynnwood, WA 98036, USA","20019 6 W, Lynnwood, WA 98036, USA",2013 Toyota Prius (New),business_personal_trip_log_02_17_2024_12_00am_PST-02_18_2024_12_00am_PST.csv
2/17/24,5:40:53 PM,2/17/24,5:42:13 PM,0.01,p,,"20019 6 W, Lynnwood, WA 98036, USA","20019 6th Pl W, Lynnwood, WA 98036, USA",2013 Toyota Prius (New),business_personal_trip_log_02_17_2024_12_00am_PST-02_18_2024_12_00am_PST.csv
2/17/24,6:38:56 PM,2/17/24,6:39:54 PM,0,p,,"20019 6 W, Lynnwood, WA 98036, USA","20019 6 W, Lynnwood, WA 98036, USA",2013 Toyota Prius (New),business_personal_trip_log_02_17_2024_12_00am_PST-02_18_2024_12_00am_PST.csv
2/18/24,9:07:43 AM,2/18/24,9:21:03 AM,7.01,p,,"20019 6 W, Lynnwood, WA 98036, USA","4326 148th St SE, Bothell, WA 98012, USA",2013 Toyota Prius (New),business_personal_trip_log_02_18_2024_12_00am_PST-02_19_2024_12_00am_PST.csv
2/18/24,10:46:23 AM,2/18/24,10:51:10 AM,2,p,,"4326 148th St SE, Bothell, WA 98012, USA","5710 134th Pl SE, Everett, WA 98208, USA",2013 Toyota Prius (New),business_personal_trip_log_02_18_2024_12_00am_PST-02_19_2024_12_00am_PST.csv
2/18/24,12:24:48 PM,2/18/24,12:27:11 PM,0.02,p,,"5802 134th Pl SE, Everett, WA 98208, USA","13710 59th Ave SE, Everett, WA 98208, USA",2013 Toyota Prius (New),business_personal_trip_log_02_18_2024_12_00am_PST-02_19_2024_12_00am_PST.csv
2/18/24,12:52:55 PM,2/18/24,1:11:39 PM,8.06,p,,"13724 59th Ave SE, Everett, WA 98208, USA","20019 6 W, Lynnwood, WA 98036, USA",2013 Toyota Prius (New),business_personal_trip_log_02_18_2024_12_00am_PST-02_19_2024_12_00am_PST.csv
2/18/24,2:21:18 PM,2/18/24,2:51:29 PM,10,b,,"20019 6 W, Lynnwood, WA 98036, USA","18133 33 W, Lynnwood, WA 98037, USA",2013 Toyota Prius (New),business_personal_trip_log_02_18_2024_12_00am_PST-02_19_2024_12_00am_PST.csv
2/18/24,2:55:13 PM,2/18/24,2:56:41 PM,0,b,,"18133 33rd Ave W, Lynnwood, WA 98037, USA","18415 33rd Ave W, Lynnwood, WA 98037, USA",2013 Toyota Prius (New),business_personal_trip_log_02_18_2024_12_00am_PST-02_19_2024_12_00am_PST.csv
2/18/24,3:09:26 PM,2/18/24,3:31:21 PM,4,b,,"3301 184th St SW, Lynnwood, WA 98037, USA","4615 196th St SW, Lynnwood, WA 98036, USA",2013 Toyota Prius (New),business_personal_trip_log_02_18_2024_12_00am_PST-02_19_2024_12_00am_PST.csv
2/18/24,3:46:29 PM,2/18/24,3:54:29 PM,1,b,,"4615 196th St SW, Lynnwood, WA 98036, USA","19415 44th Ave W, Lynnwood, WA 98036, USA",2013 Toyota Prius (New),business_personal_trip_log_02_18_2024_12_00am_PST-02_19_2024_12_00am_PST.csv
2/18/24,4:14:55 PM,2/18/24,4:18:29 PM,0,b,,"19505 44th Ave W, Lynnwood, WA 98036, USA","19720 44th Ave W, Lynnwood, WA 98036, USA",2013 Toyota Prius (New),business_personal_trip_log_02_18_2024_12_00am_PST-02_19_2024_12_00am_PST.csv
2/18/24,4:21:17 PM,2/18/24,4:27:42 PM,2,b,,"19720 44th Ave W, Lynnwood, WA 98036, USA","4615 196th St SW, Lynnwood, WA 98036, USA",2013 Toyota Prius (New),business_personal_trip_log_02_18_2024_12_00am_PST-02_19_2024_12_00am_PST.csv
2/18/24,5:09:22 PM,2/18/24,5:15:41 PM,1,b,,"4615 196th St SW, Lynnwood, WA 98036, USA","19888 40th Ave W, Lynnwood, WA 98036, USA",2013 Toyota Prius (New),business_personal_trip_log_02_18_2024_12_00am_PST-02_19_2024_12_00am_PST.csv
2/18/24,5:48:13 PM,2/18/24,6:35:04 PM,15,b,,"4001 198th St SW, Lynnwood, WA 98036, USA","608 200th Pl SW, Lynnwood, WA 98036, USA",2013 Toyota Prius (New),business_personal_trip_log_02_18_2024_12_00am_PST-02_19_2024_12_00am_PST.csv
2/19/24,8:29:34 AM,2/19/24,8:37:51 AM,3,,p,"20012 6th Pl W, Lynnwood, WA 98036, USA","15833 Mill Creek Blvd, Mill Creek, WA 98012, USA",2013 Toyota Prius (New),business_personal_trip_log_02_19_2024_12_00am_PST-02_20_2024_12_00am_PST.csv
2/19/24,8:40:17 AM,2/19/24,8:41:54 AM,1,,p,"15833 Mill Creek Blvd, Mill Creek, WA 98012, USA","16304 Bothell Everett Hwy, Mill Creek, WA 98012, USA",2013 Toyota Prius (New),business_personal_trip_log_02_19_2024_12_00am_PST-02_20_2024_12_00am_PST.csv
2/19/24,8:49:44 AM,2/19/24,8:58:38 AM,3.01,,p,"16304 Bothell Everett Hwy, Mill Creek, WA 98012, USA","20019 6 W, Lynnwood, WA 98036, USA",2013 Toyota Prius (New),business_personal_trip_log_02_19_2024_12_00am_PST-02_20_2024_12_00am_PST.csv
2/19/24,10:05:56 AM,2/19/24,10:21:33 AM,6,,p,"20019 6 W, Lynnwood, WA 98036, USA","20216 68th Ave W, Lynnwood, WA 98036, USA",2013 Toyota Prius (New),business_personal_trip_log_02_19_2024_12_00am_PST-02_20_2024_12_00am_PST.csv
2/19/24,2:19:11 PM,2/19/24,2:21:43 PM,0,,p,"20216 68th Ave W, Lynnwood, WA 98036, USA","20406 Highway 99, Lynnwood, WA 98036, USA",2013 Toyota Prius (New),business_personal_trip_log_02_19_2024_12_00am_PST-02_20_2024_12_00am_PST.csv
2/19/24,2:23:43 PM,2/19/24,2:34:46 PM,4.01,,p,"6016 204th St SW, Lynnwood, WA 98036, USA","20019 6 W, Lynnwood, WA 98036, USA",2013 Toyota Prius (New),business_personal_trip_log_02_19_2024_12_00am_PST-02_20_2024_12_00am_PST.csv
2/19/24,3:24:40 PM,2/19/24,3:35:30 PM,4,,b,"608 200th Pl SW, Lynnwood, WA 98036, USA","18800 Alderwood Mall Pkwy, Lynnwood, WA 98037, USA",2013 Toyota Prius (New),business_personal_trip_log_02_19_2024_12_00am_PST-02_20_2024_12_00am_PST.csv
2/19/24,4:02:34 PM,2/19/24,4:04:50 PM,0,,b,"18800 Alderwood Mall Pkwy, Lynnwood, WA 98037, USA","3000 184th St SW, Lynnwood, WA 98037, USA",2013 Toyota Prius (New),business_personal_trip_log_02_19_2024_12_00am_PST-02_20_2024_12_00am_PST.csv
2/19/24,4:13:19 PM,2/19/24,4:18:41 PM,1,,b,"3000 184th St SW, Lynnwood, WA 98037, USA","20007 44th Ave W, Lynnwood, WA 98036, USA",2013 Toyota Prius (New),business_personal_trip_log_02_19_2024_12_00am_PST-02_20_2024_12_00am_PST.csv
2/19/24,4:20:41 PM,2/19/24,4:20:41 PM,0,,b,"4717 200th St SW, Lynnwood, WA 98036, USA","4717 200th St SW, Lynnwood, WA 98036, USA",2013 Toyota Prius (New),business_personal_trip_log_02_19_2024_12_00am_PST-02_20_2024_12_00am_PST.csv
2/19/24,4:21:41 PM,2/19/24,4:28:39 PM,1,,b,"5200 200th St SW, Lynnwood, WA 98036, USA","4601 200th St SW, Lynnwood, WA 98036, USA",2013 Toyota Prius (New),business_personal_trip_log_02_19_2024_12_00am_PST-02_20_2024_12_00am_PST.csv
2/19/24,5:02:57 PM,2/19/24,5:18:40 PM,6,,b,"4601 200th St SW, Lynnwood, WA 98036, USA","16320 Bothell-Everett Hwy, Bothell, WA 98012, USA",2013 Toyota Prius (New),business_personal_trip_log_02_19_2024_12_00am_PST-02_20_2024_12_00am_PST.csv
2/19/24,5:25:10 PM,2/19/24,5:36:42 PM,4.1,,b,"16330 Bothell Everett Hwy, Mill Creek, WA 98012, USA","20019 6 W, Lynnwood, WA 98036, USA",2013 Toyota Prius (New),business_personal_trip_log_02_19_2024_12_00am_PST-02_20_2024_12_00am_PST.csv
2/20/24,9:30:10 AM,2/20/24,9:40:54 AM,3,p,,"20019 6 W, Lynnwood, WA 98036, USA","15833 Mill Creek Blvd, Mill Creek, WA 98012, USA",2013 Toyota Prius (New),business_personal_trip_log_02_20_2024_12_00am_PST-02_21_2024_12_00am_PST.csv
2/20/24,9:42:58 AM,2/20/24,9:44:42 AM,1,p,,"15833 Mill Creek Blvd, Mill Creek, WA 98012, USA","911 161st St SE, Mill Creek, WA 98012, USA",2013 Toyota Prius (New),business_personal_trip_log_02_20_2024_12_00am_PST-02_21_2024_12_00am_PST.csv
2/20/24,9:58:23 AM,2/20/24,10:11:28 AM,8,b,,"911 161st St SE, Mill Creek, WA 98012, USA","315 E Casino Rd, Everett, WA 98208, USA",2013 Toyota Prius (New),business_personal_trip_log_02_20_2024_12_00am_PST-02_21_2024_12_00am_PST.csv
2/20/24,10:27:07 AM,2/20/24,10:40:08 AM,8.01,b,,"315 E Casino Rd, Everett, WA 98208, USA","15206 15th Pl W, Lynnwood, WA 98087, USA",2013 Toyota Prius (New),business_personal_trip_log_02_20_2024_12_00am_PST-02_21_2024_12_00am_PST.csv
2/20/24,10:42:28 AM,2/20/24,11:01:37 AM,18,b,,"15215 15th Pl W, Lynnwood, WA 98087, USA","I-5th Expy, Seattle, WA 98109, USA",2013 Toyota Prius (New),business_personal_trip_log_02_20_2024_12_00am_PST-02_21_2024_12_00am_PST.csv
2/20/24,11:03:37 AM,2/20/24,11:19:37 AM,13,b,,"805 S Jackson St, Seattle, WA 98104, USA","17801 International Blvd, Seatac, WA 98158, USA",2013 Toyota Prius (New),business_personal_trip_log_02_20_2024_12_00am_PST-02_21_2024_12_00am_PST.csv
2/20/24,11:22:27 AM,2/20/24,11:35:50 AM,10.03,b,,"18000 International Blvd, Seatac, WA 98188, USA","719 N 10th St, Renton, WA 98057, USA",2013 Toyota Prius (New),business_personal_trip_log_02_20_2024_12_00am_PST-02_21_2024_12_00am_PST.csv
2/20/24,11:46:59 AM,2/20/24,11:52:03 AM,1,b,,"719 N 10th St, Renton, WA 98057, USA","1222 Bronson Way N, Renton, WA 98057, USA",2013 Toyota Prius (New),business_personal_trip_log_02_20_2024_12_00am_PST-02_21_2024_12_00am_PST.csv
2/20/24,12:09:17 PM,2/20/24,12:20:38 PM,4.01,b,,"1222 Bronson Way N, Renton, WA 98057, USA","1717 NE 44th St, Renton, WA 98056, USA",2013 Toyota Prius (New),business_personal_trip_log_02_20_2024_12_00am_PST-02_21_2024_12_00am_PST.csv
2/20/24,12:23:06 PM,2/20/24,12:36:10 PM,9,b,,"1705 NE 44th St, Renton, WA 98056, USA","2450 Newport Way NW, Issaquah, WA 98027, USA",2013 Toyota Prius (New),business_personal_trip_log_02_20_2024_12_00am_PST-02_21_2024_12_00am_PST.csv
2/20/24,12:38:23 PM,2/20/24,12:58:37 PM,14,b,,"2450 Newport Way NW, Issaquah, WA 98027, USA","12026 NE 124th St, Kirkland, WA 98034, USA",2013 Toyota Prius (New),business_personal_trip_log_02_20_2024_12_00am_PST-02_21_2024_12_00am_PST.csv
2/20/24,1:13:41 PM,2/20/24,1:25:00 PM,2,b,,"12026 NE 124th St, Kirkland, WA 98034, USA","13118 114th Ln NE, Kirkland, WA 98034, USA",2013 Toyota Prius (New),business_personal_trip_log_02_20_2024_12_00am_PST-02_21_2024_12_00am_PST.csv
2/20/24,1:40:33 PM,2/20/24,1:59:56 PM,8,b,,"13118 114th Ln NE, Kirkland, WA 98034, USA","22802 Bothell-Everett, Bothell, WA 98021, USA",2013 Toyota Prius (New),business_personal_trip_log_02_20_2024_12_00am_PST-02_21_2024_12_00am_PST.csv
2/20/24,2:02:38 PM,2/20/24,2:28:31 PM,8.04,b,,"22802 Bothell-Everett, Bothell, WA 98021, USA","19801 N Creek Pkwy, Bothell, WA 98011, USA",2013 Toyota Prius (New),business_personal_trip_log_02_20_2024_12_00am_PST-02_21_2024_12_00am_PST.csv
2/20/24,2:34:24 PM,2/20/24,3:22:23 PM,14,b,,"19801 N Creek Pkwy, Bothell, WA 98011, USA","18218 Bothell Way NE, Bothell, WA 98011, USA",2013 Toyota Prius (New),business_personal_trip_log_02_20_2024_12_00am_PST-02_21_2024_12_00am_PST.csv
2/20/24,3:28:39 PM,2/20/24,3:38:55 PM,3.01,b,,"18420 Bothell Way NE, Bothell, WA 98011, USA","22833 Bothell Everett Hwy, Bothell, WA 98021, USA",2013 Toyota Prius (New),business_personal_trip_log_02_20_2024_12_00am_PST-02_21_2024_12_00am_PST.csv
2/20/24,3:53:22 PM,2/20/24,4:02:56 PM,1,b,,"22833 Bothell Everett Hwy, Bothell, WA 98021, USA","22727 Bothell Everett Hwy, Bothell, WA 98021, USA",2013 Toyota Prius (New),business_personal_trip_log_02_20_2024_12_00am_PST-02_21_2024_12_00am_PST.csv
2/20/24,4:04:56 PM,2/20/24,4:51:47 PM,23,b,,"22720 3rd Ave SE, Bothell, WA 98021, USA","4020 Colby Ave, Everett, WA 98201, USA",2013 Toyota Prius (New),business_personal_trip_log_02_20_2024_12_00am_PST-02_21_2024_12_00am_PST.csv
2/20/24,4:54:15 PM,2/20/24,5:38:11 PM,13,b,,"4012 Colby Ave, Everett, WA 98201, USA",Unknown,2013 Toyota Prius (New),business_personal_trip_log_02_20_2024_12_00am_PST-02_21_2024_12_00am_PST.csv
2/20/24,5:57:31 PM,2/20/24,6:37:27 PM,19,b,,"13209 39th Ave SE, Bothell, WA 98012, USA","10200 1st Ave NE, Seattle, WA 98125, USA",2013 Toyota Prius (New),business_personal_trip_log_02_20_2024_12_00am_PST-02_21_2024_12_00am_PST.csv
2/20/24,6:46:34 PM,2/20/24,7:03:52 PM,10,b,,"140 NE 103rd St, Seattle, WA 98125, USA","3000 184th St SW, Lynnwood, WA 98037, USA",2013 Toyota Prius (New),business_personal_trip_log_02_20_2024_12_00am_PST-02_21_2024_12_00am_PST.csv
2/20/24,7:26:22 PM,2/20/24,7:28:22 PM,1.01,b,,"3000 184th St SW, Lynnwood, WA 98037, USA","18811 28th Ave W, Lynnwood, WA 98036, USA",2013 Toyota Prius (New),business_personal_trip_log_02_20_2024_12_00am_PST-02_21_2024_12_00am_PST.csv
2/20/24,7:33:33 PM,2/20/24,8:01:32 PM,9,b,,"18811 28th Ave W, Lynnwood, WA 98036, USA","20019 6 W, Lynnwood, WA 98036, USA",2013 Toyota Prius (New),business_personal_trip_log_02_20_2024_12_00am_PST-02_21_2024_12_00am_PST.csv
2/21/24,1:08:53 PM,2/21/24,1:26:55 PM,9.01,p,,"20019 6 W, Lynnwood, WA 98036, USA","10601 47th Pl W, Mukilteo, WA 98275, USA",2013 Toyota Prius (New),business_personal_trip_log_02_21_2024_12_00am_PST-02_22_2024_12_00am_PST.csv
2/21/24,3:49:20 PM,2/21/24,4:01:03 PM,5.03,b,,"10601 47th Pl W, Mukilteo, WA 98275, USA","18133 33 W, Lynnwood, WA 98037, USA",2013 Toyota Prius (New),business_personal_trip_log_02_21_2024_12_00am_PST-02_22_2024_12_00am_PST.csv
2/21/24,4:03:15 PM,2/21/24,4:03:37 PM,0,b,,"18133 33rd Ave W, Lynnwood, WA 98037, USA","3101 184th St SW, Lynnwood, WA 98037, USA",2013 Toyota Prius (New),business_personal_trip_log_02_21_2024_12_00am_PST-02_22_2024_12_00am_PST.csv
2/21/24,4:09:53 PM,2/21/24,4:13:53 PM,1,b,,"18133 33rd Ave W, Lynnwood, WA 98037, USA","19324 Alderwood Mall Pkwy, Lynnwood, WA 98036, USA",2013 Toyota Prius (New),business_personal_trip_log_02_21_2024_12_00am_PST-02_22_2024_12_00am_PST.csv
2/21/24,4:23:24 PM,2/21/24,4:49:29 PM,6.01,b,,"19500 Alderwood Mall Pkwy, Lynnwood, WA 98036, USA","19820 Scriber Lake Rd, Lynnwood, WA 98036, USA",2013 Toyota Prius (New),business_personal_trip_log_02_21_2024_12_00am_PST-02_22_2024_12_00am_PST.csv
2/21/24,4:53:39 PM,2/21/24,5:08:38 PM,3,b,,"19820 Scriber Lake Rd, Lynnwood, WA 98036, USA","4200 196th St SW, Lynnwood, WA 98036, USA",2013 Toyota Prius (New),business_personal_trip_log_02_21_2024_12_00am_PST-02_22_2024_12_00am_PST.csv
2/21/24,5:10:38 PM,2/21/24,5:38:11 PM,19,b,,"3910 196th St SW, Lynnwood, WA 98036, USA","1048 116th Ave NE, Bellevue, WA 98004, USA",2013 Toyota Prius (New),business_personal_trip_log_02_21_2024_12_00am_PST-02_22_2024_12_00am_PST.csv
2/21/24,5:52:09 PM,2/21/24,6:09:02 PM,5,b,,"1048 116th Ave NE, Bellevue, WA 98004, USA","8515 124th Ave NE, Kirkland, WA 98033, USA",2013 Toyota Prius (New),business_personal_trip_log_02_21_2024_12_00am_PST-02_22_2024_12_00am_PST.csv
2/21/24,6:15:15 PM,2/21/24,7:17:57 PM,22,b,,"8515 124th Ave NE, Kirkland, WA 98033, USA","5629 137th Pl SE, Everett, WA 98208, USA",2013 Toyota Prius (New),business_personal_trip_log_02_21_2024_12_00am_PST-02_22_2024_12_00am_PST.csv
2/21/24,7:20:56 PM,2/21/24,7:41:01 PM,7,b,,"5625 137th Pl SE, Everett, WA 98208, USA","20019 6th Pl W, Lynnwood, WA 98036, USA",2013 Toyota Prius (New),business_personal_trip_log_02_21_2024_12_00am_PST-02_22_2024_12_00am_PST.csv
2/22/24,8:39:51 AM,2/22/24,8:59:39 AM,5,b,,"20019 6 W, Lynnwood, WA 98036, USA","1515 164th St SW, Lynnwood, WA 98087, USA",2013 Toyota Prius (New),business_personal_trip_log_02_22_2024_12_00am_PST-02_23_2024_12_00am_PST.csv
2/22/24,9:09:43 AM,2/22/24,9:12:17 AM,1,b,,"1515 164th St SW, Lynnwood, WA 98087, USA","I-5, Everett, WA 98204, USA",2013 Toyota Prius (New),business_personal_trip_log_02_22_2024_12_00am_PST-02_23_2024_12_00am_PST.csv
2/22/24,9:18:14 AM,2/22/24,9:31:19 AM,3,b,,"16327 Ash Way, Lynnwood, WA 98087, USA","1233 164th St SW, Lynnwood, WA 98087, USA",2013 Toyota Prius (New),business_personal_trip_log_02_22_2024_12_00am_PST-02_23_2024_12_00am_PST.csv
2/22/24,9:44:06 AM,2/22/24,10:02:06 AM,6,b,,"1233 164th St SW, Lynnwood, WA 98087, USA","3000 184th St SW, Lynnwood, WA 98037, USA",2013 Toyota Prius (New),business_personal_trip_log_02_22_2024_12_00am_PST-02_23_2024_12_00am_PST.csv
2/22/24,10:09:37 AM,2/22/24,10:17:57 AM,1,b,,"3000 184th St SW, Lynnwood, WA 98037, USA","5305 193rd Pl SW, Lynnwood, WA 98036, USA",2013 Toyota Prius (New),business_personal_trip_log_02_22_2024_12_00am_PST-02_23_2024_12_00am_PST.csv
2/22/24,10:20:00 AM,2/22/24,10:27:02 AM,2,b,,"5305 193rd Pl SW, Lynnwood, WA 98036, USA","19926 Highway 99, Lynnwood, WA 98036, USA",2013 Toyota Prius (New),business_personal_trip_log_02_22_2024_12_00am_PST-02_23_2024_12_00am_PST.csv
2/22/24,10:29:02 AM,2/22/24,10:42:16 AM,4.01,b,,"5725 200th St SW, Lynnwood, WA 98036, USA","20019 6 W, Lynnwood, WA 98036, USA",2013 Toyota Prius (New),business_personal_trip_log_02_22_2024_12_00am_PST-02_23_2024_12_00am_PST.csv
2/22/24,11:48:25 AM,2/22/24,12:24:24 PM,22,p,,"20019 6 W, Lynnwood, WA 98036, USA","4101 Beacon Ave S, Seattle, WA 98108, USA",2013 Toyota Prius (New),business_personal_trip_log_02_22_2024_12_00am_PST-02_23_2024_12_00am_PST.csv
2/22/24,4:35:57 PM,2/22/24,4:36:26 PM,0.04,p,,"4101 Beacon Ave S, Seattle, WA 98108, USA","4101 Beacon Ave S, Seattle, WA 98108, USA",2013 Toyota Prius (New),business_personal_trip_log_02_22_2024_12_00am_PST-02_23_2024_12_00am_PST.csv
2/22/24,5:20:02 PM,2/22/24,5:23:28 PM,1,p,,"4101 Beacon Ave S, Seattle, WA 98108, USA","3432 17th Ave S, Seattle, WA 98144, USA",2013 Toyota Prius (New),business_personal_trip_log_02_22_2024_12_00am_PST-02_23_2024_12_00am_PST.csv
2/22/24,5:25:28 PM,2/22/24,6:10:29 PM,21.01,p,,"3443 16th Ave S, Seattle, WA 98144, USA","20019 6 W, Lynnwood, WA 98036, USA",2013 Toyota Prius (New),business_personal_trip_log_02_22_2024_12_00am_PST-02_23_2024_12_00am_PST.csv
2/23/24,9:29:30 AM,2/23/24,9:30:02 AM,0,p,,"20019 6 W, Lynnwood, WA 98036, USA","20019 6 W, Lynnwood, WA 98036, USA",2013 Toyota Prius (New),business_personal_trip_log_02_23_2024_12_00am_PST-02_24_2024_12_00am_PST.csv
2/23/24,11:19:32 AM,2/23/24,11:33:42 AM,7,b,,"20012 6th Pl W, Lynnwood, WA 98036, USA","3717 Harbour Pointe Blvd SW, Mukilteo, WA 98275, USA",2013 Toyota Prius (New),business_personal_trip_log_02_23_2024_12_00am_PST-02_24_2024_12_00am_PST.csv
2/23/24,11:47:31 AM,2/23/24,12:06:17 PM,6.01,b,,"3717 Harbour Pointe Blvd SW, Mukilteo, WA 98275, USA","1130 SE Everett Mall Way, Everett, WA 98208, USA",2013 Toyota Prius (New),business_personal_trip_log_02_23_2024_12_00am_PST-02_24_2024_12_00am_PST.csv
2/23/24,12:08:31 PM,2/23/24,12:37:01 PM,8.21,b,,"1130 SE Everett Mall Way, Everett, WA 98208, USA","16108 Ash Way, Lynnwood, WA 98087, USA",2013 Toyota Prius (New),business_personal_trip_log_02_23_2024_12_00am_PST-02_24_2024_12_00am_PST.csv
2/23/24,12:45:44 PM,2/23/24,12:52:12 PM,1,b,,"16216 Ash Way, Lynnwood, WA 98087, USA","1010 164th St SW, Lynnwood, WA 98087, USA",2013 Toyota Prius (New),business_personal_trip_log_02_23_2024_12_00am_PST-02_24_2024_12_00am_PST.csv
2/23/24,12:54:12 PM,2/23/24,12:54:12 PM,0,b,,"606 164th St SW, Lynnwood, WA 98087, USA","606 164th St SW, Lynnwood, WA 98087, USA",2013 Toyota Prius (New),business_personal_trip_log_02_23_2024_12_00am_PST-02_24_2024_12_00am_PST.csv
2/23/24,12:54:53 PM,2/23/24,1:09:57 PM,4.1,b,,"606 164th St SW, Lynnwood, WA 98087, USA","20019 6 W, Lynnwood, WA 98036, USA",2013 Toyota Prius (New),business_personal_trip_log_02_23_2024_12_00am_PST-02_24_2024_12_00am_PST.csv
2/23/24,1:17:59 PM,2/23/24,1:30:22 PM,4.01,b,,"20012 6 W, Lynnwood, WA 98036, USA",Unknown,2013 Toyota Prius (New),business_personal_trip_log_02_23_2024_12_00am_PST-02_24_2024_12_00am_PST.csv
2/23/24,1:47:37 PM,2/23/24,1:58:39 PM,2.04,b,,"18205 Alderwood Mall Pkwy, Lynnwood, WA 98037, USA","16327 Ash Way, Lynnwood, WA 98087, USA",2013 Toyota Prius (New),business_personal_trip_log_02_23_2024_12_00am_PST-02_24_2024_12_00am_PST.csv
2/23/24,2:04:24 PM,2/23/24,2:16:00 PM,2,b,,"16327 Ash Way, Lynnwood, WA 98087, USA","15500 18th Ave W, Lynnwood, WA 98087, USA",2013 Toyota Prius (New),business_personal_trip_log_02_23_2024_12_00am_PST-02_24_2024_12_00am_PST.csv
2/23/24,2:18:54 PM,2/23/24,2:42:00 PM,8.09,b,,"15500 18th Ave W, Lynnwood, WA 98087, USA","20019 6th Pl W, Lynnwood, WA 98036, USA",2013 Toyota Prius (New),business_personal_trip_log_02_23_2024_12_00am_PST-02_24_2024_12_00am_PST.csv
2/25/24,9:11:02 AM,2/25/24,9:24:24 AM,6.02,p,,"20012 6th Pl W, Lynnwood, WA 98036, USA","4326 148th St SE, Bothell, WA 98012, USA",2013 Toyota Prius (New),business_personal_trip_log_02_25_2024_12_00am_PST-02_26_2024_12_00am_PST.csv
2/25/24,10:56:53 AM,2/25/24,11:01:49 AM,1,p,,"4326 148th St SE, Bothell, WA 98012, USA","13710 59th Ave SE, Everett, WA 98208, USA",2013 Toyota Prius (New),business_personal_trip_log_02_25_2024_12_00am_PST-02_26_2024_12_00am_PST.csv
2/25/24,11:04:59 AM,2/25/24,11:16:03 AM,7,p,,"13710 59th Ave SE, Everett, WA 98208, USA","1024 1st St, Snohomish, WA 98290, USA",2013 Toyota Prius (New),business_personal_trip_log_02_25_2024_12_00am_PST-02_26_2024_12_00am_PST.csv
2/25/24,12:34:06 PM,2/25/24,1:00:48 PM,14.1,p,,"1024 1st St, Snohomish, WA 98290, USA","20019 6 W, Lynnwood, WA 98036, USA",2013 Toyota Prius (New),business_personal_trip_log_02_25_2024_12_00am_PST-02_26_2024_12_00am_PST.csv
2/25/24,4:05:31 PM,2/25/24,4:14:49 PM,4,b,,"20019 6 W, Lynnwood, WA 98036, USA","15833 Mill Creek Blvd, Mill Creek, WA 98012, USA",2013 Toyota Prius (New),business_personal_trip_log_02_25_2024_12_00am_PST-02_26_2024_12_00am_PST.csv
2/25/24,4:17:52 PM,2/25/24,4:19:08 PM,0,b,,"15833 Mill Creek Blvd, Mill Creek, WA 98012, USA","15833 Mill Creek Blvd, Mill Creek, WA 98012, USA",2013 Toyota Prius (New),business_personal_trip_log_02_25_2024_12_00am_PST-02_26_2024_12_00am_PST.csv
2/25/24,4:30:19 PM,2/25/24,4:43:08 PM,2,b,,"15833 Mill Creek Blvd, Mill Creek, WA 98012, USA","15311 Main St, Mill Creek, WA 98012, USA",2013 Toyota Prius (New),business_personal_trip_log_02_25_2024_12_00am_PST-02_26_2024_12_00am_PST.csv
2/25/24,4:54:13 PM,2/25/24,5:09:54 PM,3,b,,"15506 Main St, Mill Creek, WA 98012, USA","15704 Mill Creek Blvd, Mill Creek, WA 98012, USA",2013 Toyota Prius (New),business_personal_trip_log_02_25_2024_12_00am_PST-02_26_2024_12_00am_PST.csv
2/25/24,5:42:27 PM,2/25/24,6:32:50 PM,17,b,,"15704 Mill Creek Blvd, Mill Creek, WA 98012, USA","16330 Bothell Everett Hwy, Mill Creek, WA 98012, USA",2013 Toyota Prius (New),business_personal_trip_log_02_25_2024_12_00am_PST-02_26_2024_12_00am_PST.csv
2/25/24,6:46:30 PM,2/25/24,6:55:58 PM,3,b,,"16330 Bothell Everett Hwy, Mill Creek, WA 98012, USA","20019 6 W, Lynnwood, WA 98036, USA",2013 Toyota Prius (New),business_personal_trip_log_02_25_2024_12_00am_PST-02_26_2024_12_00am_PST.csv
2/26/24,2:12:21 PM,2/26/24,2:29:07 PM,8.01,p,,"20019 6 W, Lynnwood, WA 98036, USA","10601 47th Pl W, Mukilteo, WA 98275, USA",2013 Toyota Prius (New),business_personal_trip_log_02_26_2024_12_00am_PST-02_27_2024_12_00am_PST.csv
2/26/24,3:53:02 PM,2/26/24,4:01:13 PM,2,b,,"10601 47th Pl W, Mukilteo, WA 98275, USA","8601 Mukilteo Speedway, Mukilteo, WA 98275, USA",2013 Toyota Prius (New),business_personal_trip_log_02_26_2024_12_00am_PST-02_27_2024_12_00am_PST.csv
2/26/24,4:04:13 PM,2/26/24,4:21:02 PM,5,b,,"8309 Mukilteo Speedway, Mukilteo, WA 98275, USA","8918 44th Ave W, Mukilteo, WA 98275, USA",2013 Toyota Prius (New),business_personal_trip_log_02_26_2024_12_00am_PST-02_27_2024_12_00am_PST.csv
2/26/24,4:23:02 PM,2/26/24,4:25:02 PM,0,b,,"8808 44th Ave W, Mukilteo, WA 98275, USA","8605 Dreamlifter Dr, Mukilteo, WA 98275, USA",2013 Toyota Prius (New),business_personal_trip_log_02_26_2024_12_00am_PST-02_27_2024_12_00am_PST.csv
2/26/24,4:30:02 PM,2/26/24,4:51:01 PM,5,b,,"8225 44th Ave W, Mukilteo, WA 98275, USA","11011 Airport Rd, Everett, WA 98204, USA",2013 Toyota Prius (New),business_personal_trip_log_02_26_2024_12_00am_PST-02_27_2024_12_00am_PST.csv
2/26/24,4:53:01 PM,2/26/24,4:57:01 PM,1,b,,"11401 Beverly Park Rd, Everett, WA 98204, USA","12609 Beverly Park Rd, Lynnwood, WA 98087, USA",2013 Toyota Prius (New),business_personal_trip_log_02_26_2024_12_00am_PST-02_27_2024_12_00am_PST.csv
2/26/24,5:01:27 PM,2/26/24,5:09:39 PM,3.01,b,,"12721 Mukilteo Speedway, Lynnwood, WA 98087, USA","18133 33 W, Lynnwood, WA 98037, USA",2013 Toyota Prius (New),business_personal_trip_log_02_26_2024_12_00am_PST-02_27_2024_12_00am_PST.csv
2/26/24,5:12:11 PM,2/26/24,5:17:54 PM,2,b,,"18133 33rd Ave W, Lynnwood, WA 98037, USA","2608 196th St SW, Lynnwood, WA 98036, USA",2013 Toyota Prius (New),business_personal_trip_log_02_26_2024_12_00am_PST-02_27_2024_12_00am_PST.csv
2/26/24,5:27:16 PM,2/26/24,5:28:30 PM,0,b,,"2608 196th St SW, Lynnwood, WA 98036, USA","2608 196th St SW, Lynnwood, WA 98036, USA",2013 Toyota Prius (New),business_personal_trip_log_02_26_2024_12_00am_PST-02_27_2024_12_00am_PST.csv
2/26/24,5:33:32 PM,2/26/24,6:09:24 PM,5,b,,"2502 196th St SW, Lynnwood, WA 98036, USA","6001 196th St SW, Lynnwood, WA 98036, USA",2013 Toyota Prius (New),business_personal_trip_log_02_26_2024_12_00am_PST-02_27_2024_12_00am_PST.csv
2/26/24,6:12:01 PM,2/26/24,6:32:40 PM,5.05,b,,"6425 196th St SW, Lynnwood, WA 98036, USA","19615 Highway 99, Lynnwood, WA 98036, USA",2013 Toyota Prius (New),business_personal_trip_log_02_26_2024_12_00am_PST-02_27_2024_12_00am_PST.csv
2/26/24,6:43:08 PM,2/26/24,6:53:07 PM,2,b,,"19615 Highway 99, Lynnwood, WA 98036, USA","20000 68th Ave W, Lynnwood, WA 98036, USA",2013 Toyota Prius (New),business_personal_trip_log_02_26_2024_12_00am_PST-02_27_2024_12_00am_PST.csv
2/26/24,6:55:20 PM,2/26/24,7:36:01 PM,13.09,b,,"20000 68th Ave W, Lynnwood, WA 98036, USA","20019 6 W, Lynnwood, WA 98036, USA",2013 Toyota Prius (New),business_personal_trip_log_02_26_2024_12_00am_PST-02_27_2024_12_00am_PST.csv
2/27/24,1:19:09 PM,2/27/24,1:37:47 PM,8.01,p,,"20019 6 W, Lynnwood, WA 98036, USA","10601 47th Pl W, Mukilteo, WA 98275, USA",2013 Toyota Prius (New),business_personal_trip_log_02_27_2024_12_00am_PST-02_28_2024_12_00am_PST.csv
2/27/24,3:53:01 PM,2/27/24,3:58:28 PM,1,b,,"10601 47th Pl W, Mukilteo, WA 98275, USA","11706 Mukilteo Speedway, Mukilteo, WA 98275, USA",2013 Toyota Prius (New),business_personal_trip_log_02_27_2024_12_00am_PST-02_28_2024_12_00am_PST.csv
2/27/24,4:03:33 PM,2/27/24,5:07:46 PM,22,b,,"11706 Mukilteo Speedway, Mukilteo, WA 98275, USA","115 Marysville Mall Way, Marysville, WA 98270, USA",2013 Toyota Prius (New),business_personal_trip_log_02_27_2024_12_00am_PST-02_28_2024_12_00am_PST.csv
2/27/24,5:10:06 PM,2/27/24,5:42:40 PM,14,b,,"115 Marysville Mall Way, Marysville, WA 98270, USA","7920 Evergreen Way, Everett, WA 98203, USA",2013 Toyota Prius (New),business_personal_trip_log_02_27_2024_12_00am_PST-02_28_2024_12_00am_PST.csv
2/27/24,5:55:17 PM,2/27/24,6:00:16 PM,1,b,,"7920 Evergreen Way, Everett, WA 98203, USA","Boeing Fwy, Everett, WA 98208, USA",2013 Toyota Prius (New),business_personal_trip_log_02_27_2024_12_00am_PST-02_28_2024_12_00am_PST.csv
2/27/24,6:02:52 PM,2/27/24,6:52:16 PM,17,b,,"WQ9R+VJ Everett, WA, USA","10027 Lundeen Pkwy, Lake Stevens, WA 98258, USA",2013 Toyota Prius (New),business_personal_trip_log_02_27_2024_12_00am_PST-02_28_2024_12_00am_PST.csv
2/27/24,6:58:34 PM,2/27/24,7:37:05 PM,23.1,b,,"10027 Lundeen Pkwy, Lake Stevens, WA 98258, USA","20019 6 W, Lynnwood, WA 98036, USA",2013 Toyota Prius (New),business_personal_trip_log_02_27_2024_12_00am_PST-02_28_2024_12_00am_PST.csv
2/28/24,9:48:18 AM,2/28/24,10:00:52 AM,4,b,,"20019 6 W, Lynnwood, WA 98036, USA","926 164th St SE, Mill Creek, WA 98012, USA",2013 Toyota Prius (New),business_personal_trip_log_02_28_2024_12_00am_PST-02_29_2024_12_00am_PST.csv
2/28/24,10:20:16 AM,2/28/24,10:21:27 AM,1,b,,"1012 164th St SE, Mill Creek, WA 98012, USA","16320 Bothell Everett Hwy, Mill Creek, WA 98012, USA",2013 Toyota Prius (New),business_personal_trip_log_02_28_2024_12_00am_PST-02_29_2024_12_00am_PST.csv
2/28/24,10:23:50 AM,2/28/24,10:54:13 AM,16,b,,"16320 Bothell Everett Hwy, Mill Creek, WA 98012, USA","11700 Mukilteo Speedway, Mukilteo, WA 98275, USA",2013 Toyota Prius (New),business_personal_trip_log_02_28_2024_12_00am_PST-02_29_2024_12_00am_PST.csv
2/28/24,11:05:29 AM,2/28/24,11:35:28 AM,11,b,,"11700 Mukilteo Speedway, Mukilteo, WA 98275, USA","16605 6th Ave W, Lynnwood, WA 98037, USA",2013 Toyota Prius (New),business_personal_trip_log_02_28_2024_12_00am_PST-02_29_2024_12_00am_PST.csv
2/28/24,11:38:03 AM,2/28/24,12:04:28 PM,6.07,b,,"16605 6th Ave W, Lynnwood, WA 98037, USA","20019 6 W, Lynnwood, WA 98036, USA",2013 Toyota Prius (New),business_personal_trip_log_02_28_2024_12_00am_PST-02_29_2024_12_00am_PST.csv
2/28/24,2:32:54 PM,2/28/24,2:56:51 PM,9.01,p,,"20019 6 W, Lynnwood, WA 98036, USA","6502 142nd St SE, Snohomish, WA 98296, USA",2013 Toyota Prius (New),business_personal_trip_log_02_28_2024_12_00am_PST-02_29_2024_12_00am_PST.csv
2/28/24,3:19:35 PM,2/28/24,3:52:05 PM,13,p,,"6502 142nd St SE, Snohomish, WA 98296, USA","9511 17th Pl NE, Lake Stevens, WA 98258, USA",2013 Toyota Prius (New),business_personal_trip_log_02_28_2024_12_00am_PST-02_29_2024_12_00am_PST.csv
2/28/24,3:54:05 PM,2/28/24,3:54:05 PM,0,p,,"WA-9, Lake Stevens, WA 98258, USA","WA-9, Lake Stevens, WA 98258, USA",2013 Toyota Prius (New),business_personal_trip_log_02_28_2024_12_00am_PST-02_29_2024_12_00am_PST.csv
2/28/24,3:55:05 PM,2/28/24,4:00:07 PM,3.05,p,,"WA-9, Lake Stevens, WA 98258, USA","10622 60th St NE, Lake Stevens, WA 98258, USA",2013 Toyota Prius (New),business_personal_trip_log_02_28_2024_12_00am_PST-02_29_2024_12_00am_PST.csv
2/28/24,8:00:42 PM,2/28/24,8:36:26 PM,22.1,p,,"10622 60th St NE, Lake Stevens, WA 98258, USA","20019 6 W, Lynnwood, WA 98036, USA",2013 Toyota Prius (New),business_personal_trip_log_02_28_2024_12_00am_PST-02_29_2024_12_00am_PST.csv
2/29/24,8:49:48 AM,2/29/24,9:41:32 AM,34.04,b,,"20124 6 W, Lynnwood, WA 98036, USA","17801 International Blvd, Seatac, WA 98158, USA",2013 Toyota Prius (New),business_personal_trip_log_02_29_2024_12_00am_PST-03_01_2024_12_00am_PST.csv
2/29/24,9:45:17 AM,2/29/24,10:33:10 AM,19.02,b,,"17801 International Blvd, Seatac, WA 98158, USA","2750 77th Ave SE, Mercer Island, WA 98040, USA",2013 Toyota Prius (New),business_personal_trip_log_02_29_2024_12_00am_PST-03_01_2024_12_00am_PST.csv
2/29/24,10:56:45 AM,2/29/24,11:08:08 AM,5,b,,"2807 78th Ave SE, Mercer Island, WA 98040, USA","11408 NE 2nd Pl, Bellevue, WA 98004, USA",2013 Toyota Prius (New),business_personal_trip_log_02_29_2024_12_00am_PST-03_01_2024_12_00am_PST.csv
2/29/24,11:17:41 AM,2/29/24,11:28:31 AM,6.02,b,,"203 116th Ave NE, Bellevue, WA 98004, USA","I-405, Kirkland, WA 98033, USA",2013 Toyota Prius (New),business_personal_trip_log_02_29_2024_12_00am_PST-03_01_2024_12_00am_PST.csv
2/29/24,11:30:59 AM,2/29/24,11:31:58 AM,0,b,,"I-405, Kirkland, WA 98033, USA","I-405, Kirkland, WA 98033, USA",2013 Toyota Prius (New),business_personal_trip_log_02_29_2024_12_00am_PST-03_01_2024_12_00am_PST.csv
2/29/24,11:37:29 AM,2/29/24,11:52:58 AM,7,b,,"11834 NE 90th St, Kirkland, WA 98033, USA","13018 NE 175th St, Woodinville, WA 98072, USA",2013 Toyota Prius (New),business_personal_trip_log_02_29_2024_12_00am_PST-03_01_2024_12_00am_PST.csv
2/29/24,11:54:58 AM,2/29/24,12:42:55 PM,18.45,b,,"13780 NE 175th St, Woodinville, WA 98072, USA","20019 6 W, Lynnwood, WA 98036, USA",2013 Toyota Prius (New),business_personal_trip_log_02_29_2024_12_00am_PST-03_01_2024_12_00am_PST.csv
2/29/24,1:03:36 PM,2/29/24,1:17:43 PM,5.04,p,,"20019 6 W, Lynnwood, WA 98036, USA","511 128th St SE, Everett, WA 98208, USA",2013 Toyota Prius (New),business_personal_trip_log_02_29_2024_12_00am_PST-03_01_2024_12_00am_PST.csv
2/29/24,3:25:23 PM,2/29/24,3:41:24 PM,6.11,p,,"511 128th St SE, Everett, WA 98208, USA","20019 6 W, Lynnwood, WA 98036, USA",2013 Toyota Prius (New),business_personal_trip_log_02_29_2024_12_00am_PST-03_01_2024_12_00am_PST.csv
3/1/24,11:26:29 AM,3/1/24,11:35:18 AM,3,p,,"608 200th Pl SW, Lynnwood, WA 98036, USA","15833 Mill Creek Blvd, Mill Creek, WA 98012, USA",2013 Toyota Prius (New),business_personal_trip_log_03_01_2024_12_00am_PST-03_02_2024_12_00am_PST.csv
3/1/24,11:46:04 AM,3/1/24,11:57:35 AM,5.04,p,,"15824 Mill Creek Blvd, Mill Creek, WA 98012, USA","5828 137th Pl SE, Everett, WA 98208, USA",2013 Toyota Prius (New),business_personal_trip_log_03_01_2024_12_00am_PST-03_02_2024_12_00am_PST.csv
3/1/24,1:29:49 PM,3/1/24,1:33:33 PM,1,b,,"13611 Puget Park Dr, Everett, WA 98208, USA","13209 39th Ave SE, Bothell, WA 98012, USA",2013 Toyota Prius (New),business_personal_trip_log_03_01_2024_12_00am_PST-03_02_2024_12_00am_PST.csv
3/1/24,1:42:14 PM,3/1/24,1:46:53 PM,2,b,,"13223 39th Ave SE, Bothell, WA 98012, USA","3511 148th St SE, Mill Creek, WA 98012, USA",2013 Toyota Prius (New),business_personal_trip_log_03_01_2024_12_00am_PST-03_02_2024_12_00am_PST.csv
3/1/24,1:49:53 PM,3/1/24,2:03:00 PM,3,b,,"16006 35th Ave SE, Mill Creek, WA 98012, USA","3409 177th Pl SE, Bothell, WA 98012, USA",2013 Toyota Prius (New),business_personal_trip_log_03_01_2024_12_00am_PST-03_02_2024_12_00am_PST.csv
3/1/24,2:06:02 PM,3/1/24,2:59:12 PM,15.11,b,,"3409 177th Pl SE, Bothell, WA 98012, USA","20019 6th Pl W, Lynnwood, WA 98036, USA",2013 Toyota Prius (New),business_personal_trip_log_03_01_2024_12_00am_PST-03_02_2024_12_00am_PST.csv
3/1/24,3:20:13 PM,3/1/24,3:36:52 PM,5,b,,"20019 6 W, Lynnwood, WA 98036, USA","16327 Ash Way, Lynnwood, WA 98087, USA",2013 Toyota Prius (New),business_personal_trip_log_03_01_2024_12_00am_PST-03_02_2024_12_00am_PST.csv
3/1/24,3:42:50 PM,3/1/24,4:24:34 PM,10.03,b,,"16327 Ash Way, Lynnwood, WA 98087, USA","2701 184th St SW, Lynnwood, WA 98037, USA",2013 Toyota Prius (New),business_personal_trip_log_03_01_2024_12_00am_PST-03_02_2024_12_00am_PST.csv
3/1/24,4:29:06 PM,3/1/24,4:57:34 PM,5,b,,"2701 184th St SW, Lynnwood, WA 98037, USA","18800 Alderwood Mall Pkwy, Lynnwood, WA 98037, USA",2013 Toyota Prius (New),business_personal_trip_log_03_01_2024_12_00am_PST-03_02_2024_12_00am_PST.csv
3/1/24,5:00:26 PM,3/1/24,5:07:19 PM,2,b,,"18800 Alderwood Mall Pkwy, Lynnwood, WA 98037, USA","19902 40th Ave W, Lynnwood, WA 98036, USA",2013 Toyota Prius (New),business_personal_trip_log_03_01_2024_12_00am_PST-03_02_2024_12_00am_PST.csv
3/1/24,5:10:19 PM,3/1/24,5:33:54 PM,6,b,,"4601 200th St SW, Lynnwood, WA 98036, USA","190 Sunset Ave S, Edmonds, WA 98020, USA",2013 Toyota Prius (New),business_personal_trip_log_03_01_2024_12_00am_PST-03_02_2024_12_00am_PST.csv
3/1/24,5:39:08 PM,3/1/24,7:17:45 PM,42,b,,"190 Sunset Ave S, Edmonds, WA 98020, USA","20019 6 W, Lynnwood, WA 98036, USA",2013 Toyota Prius (New),business_personal_trip_log_03_01_2024_12_00am_PST-03_02_2024_12_00am_PST.csv
3/1/24,7:23:44 PM,3/1/24,7:31:15 PM,2.06,b,,"20019 6 W, Lynnwood, WA 98036, USA","20019 6 W, Lynnwood, WA 98036, USA",2013 Toyota Prius (New),business_personal_trip_log_03_01_2024_12_00am_PST-03_02_2024_12_00am_PST.csv
3/2/24,7:56:11 AM,3/2/24,7:59:06 AM,1,p,,"20019 6 W, Lynnwood, WA 98036, USA","19215 Filbert Rd, Bothell, WA 98012, USA",2013 Toyota Prius (New),business_personal_trip_log_03_02_2024_12_00am_PST-03_03_2024_12_00am_PST.csv
3/2/24,8:04:01 AM,3/2/24,8:06:18 AM,1.1,p,,"19215 Filbert Rd, Bothell, WA 98012, USA","20019 6 W, Lynnwood, WA 98036, USA",2013 Toyota Prius (New),business_personal_trip_log_03_02_2024_12_00am_PST-03_03_2024_12_00am_PST.csv
3/2/24,10:20:37 AM,3/2/24,10:46:07 AM,17,p,,"20019 6 W, Lynnwood, WA 98036, USA","2126 93rd Dr SE, Lake Stevens, WA 98258, USA",2013 Toyota Prius (New),business_personal_trip_log_03_02_2024_12_00am_PST-03_03_2024_12_00am_PST.csv
3/2/24,11:02:47 AM,3/2/24,11:16:24 AM,7.05,b,,"2126 93rd Dr SE, Lake Stevens, WA 98258, USA","10622 60th St NE, Lake Stevens, WA 98258, USA",2013 Toyota Prius (New),business_personal_trip_log_03_02_2024_12_00am_PST-03_03_2024_12_00am_PST.csv
3/2/24,3:19:56 PM,3/2/24,4:40:42 PM,39.1,b,,"10622 60th St NE, Lake Stevens, WA 98258, USA","20019 6 W, Lynnwood, WA 98036, USA",2013 Toyota Prius (New),business_personal_trip_log_03_02_2024_12_00am_PST-03_03_2024_12_00am_PST.csv
3/2/24,6:46:53 PM,3/2/24,7:25:01 PM,24,p,,"20025 6 W, Lynnwood, WA 98036, USA","9804 79th Dr NE, Marysville, WA 98270, USA",2013 Toyota Prius (New),business_personal_trip_log_03_02_2024_12_00am_PST-03_03_2024_12_00am_PST.csv
3/3/24,9:18:56 AM,3/3/24,9:28:19 AM,4.03,p,,"9804 79th Dr NE, Marysville, WA 98270, USA","7201 48th Dr NE, Marysville, WA 98270, USA",2013 Toyota Prius (New),business_personal_trip_log_03_03_2024_12_00am_PST-03_04_2024_12_00am_PST.csv
3/3/24,10:29:03 AM,3/3/24,10:34:58 AM,1,p,,"4804 Grove St, Marysville, WA 98270, USA","1216 4th St, Marysville, WA 98270, USA",2013 Toyota Prius (New),business_personal_trip_log_03_03_2024_12_00am_PST-03_04_2024_12_00am_PST.csv
3/3/24,11:17:19 AM,3/3/24,11:39:41 AM,14,p,,"1215 3rd St, Marysville, WA 98270, USA","2208 W Casino Rd, Everett, WA 98204, USA",2013 Toyota Prius (New),business_personal_trip_log_03_03_2024_12_00am_PST-03_04_2024_12_00am_PST.csv
3/3/24,3:38:06 PM,3/3/24,3:47:31 PM,4,p,,"2208 W Casino Rd, Everett, WA 98204, USA","316 SE Everett Mall Way, Everett, WA 98208, USA",2013 Toyota Prius (New),business_personal_trip_log_03_03_2024_12_00am_PST-03_04_2024_12_00am_PST.csv
3/3/24,3:54:27 PM,3/3/24,4:12:09 PM,12,p,,"316 SE Everett Mall Way, Everett, WA 98208, USA","1262 State Ave, Marysville, WA 98270, USA",2013 Toyota Prius (New),business_personal_trip_log_03_03_2024_12_00am_PST-03_04_2024_12_00am_PST.csv
3/3/24,5:13:28 PM,3/3/24,5:23:14 PM,4,p,,"1262 State Ave, Marysville, WA 98270, USA","9804 79th Dr NE, Marysville, WA 98270, USA",2013 Toyota Prius (New),business_personal_trip_log_03_03_2024_12_00am_PST-03_04_2024_12_00am_PST.csv
3/3/24,10:19:59 PM,3/3/24,10:52:10 PM,24.1,p,,"9804 79th Dr NE, Marysville, WA 98270, USA","20019 6 W, Lynnwood, WA 98036, USA",2013 Toyota Prius (New),business_personal_trip_log_03_03_2024_12_00am_PST-03_04_2024_12_00am_PST.csv
3/4/24,5:49:23 AM,3/4/24,6:20:44 AM,25.05,p,,"20019 6 W, Lynnwood, WA 98036, USA","10622 60th St NE, Lake Stevens, WA 98258, USA",2013 Toyota Prius (New),business_personal_trip_log_03_04_2024_12_00am_PST-03_05_2024_12_00am_PST.csv
3/4/24,9:27:03 AM,3/4/24,9:41:31 AM,6.01,p,,"10622 60th St NE, Lake Stevens, WA 98258, USA","2111 93rd Dr SE, Lake Stevens, WA 98258, USA",2013 Toyota Prius (New),business_personal_trip_log_03_04_2024_12_00am_PST-03_05_2024_12_00am_PST.csv
3/4/24,9:44:58 AM,3/4/24,10:14:19 AM,15.05,p,,"9420 20th St SE, Lake Stevens, WA 98258, USA","15833 Mill Creek Blvd, Mill Creek, WA 98012, USA",2013 Toyota Prius (New),business_personal_trip_log_03_04_2024_12_00am_PST-03_05_2024_12_00am_PST.csv
3/4/24,10:19:25 AM,3/4/24,10:30:42 AM,4.1,p,,"15833 Mill Creek Blvd, Mill Creek, WA 98012, USA","20019 6 W, Lynnwood, WA 98036, USA",2013 Toyota Prius (New),business_personal_trip_log_03_04_2024_12_00am_PST-03_05_2024_12_00am_PST.csv
3/4/24,3:42:35 PM,3/4/24,4:18:54 PM,13,b,,"20012 6 W, Lynnwood, WA 98036, USA","20503 Poplar Way, Lynnwood, WA 98036, USA",2013 Toyota Prius (New),business_personal_trip_log_03_04_2024_12_00am_PST-03_05_2024_12_00am_PST.csv
3/4/24,4:20:54 PM,3/4/24,4:29:57 PM,2,b,,"19904 Poplar Way, Lynnwood, WA 98036, USA","19808 44th Ave W, Lynnwood, WA 98036, USA",2013 Toyota Prius (New),business_personal_trip_log_03_04_2024_12_00am_PST-03_05_2024_12_00am_PST.csv
3/4/24,4:33:06 PM,3/4/24,4:34:04 PM,0.01,b,,"19808 44th Ave W, Lynnwood, WA 98036, USA","19820 44th Ave W, Lynnwood, WA 98036, USA",2013 Toyota Prius (New),business_personal_trip_log_03_04_2024_12_00am_PST-03_05_2024_12_00am_PST.csv
3/4/24,5:14:22 PM,3/4/24,5:32:21 PM,4,b,,"19820 44th Ave W, Lynnwood, WA 98036, USA","19410 Highway 99, Lynnwood, WA 98036, USA",2013 Toyota Prius (New),business_personal_trip_log_03_04_2024_12_00am_PST-03_05_2024_12_00am_PST.csv
3/4/24,5:38:37 PM,3/4/24,5:50:28 PM,3.01,b,,"19410 Highway 99, Lynnwood, WA 98036, USA","4601 200th St SW, Lynnwood, WA 98036, USA",2013 Toyota Prius (New),business_personal_trip_log_03_04_2024_12_00am_PST-03_05_2024_12_00am_PST.csv
3/4/24,6:07:42 PM,3/4/24,6:18:34 PM,3.09,b,,"4601 200th St SW, Lynnwood, WA 98036, USA","20019 6 W, Lynnwood, WA 98036, USA",2013 Toyota Prius (New),business_personal_trip_log_03_04_2024_12_00am_PST-03_05_2024_12_00am_PST.csv
3/4/24,6:24:37 PM,3/4/24,6:33:46 PM,3,p,,"20012 6 W, Lynnwood, WA 98036, USA","3026 196th St SW, Lynnwood, WA 98036, USA",2013 Toyota Prius (New),business_personal_trip_log_03_04_2024_12_00am_PST-03_05_2024_12_00am_PST.csv
3/4/24,6:38:34 PM,3/4/24,6:39:34 PM,0,p,,"3026 196th St SW, Lynnwood, WA 98036, USA","3026 196th St SW, Lynnwood, WA 98036, USA",2013 Toyota Prius (New),business_personal_trip_log_03_04_2024_12_00am_PST-03_05_2024_12_00am_PST.csv
3/4/24,6:44:52 PM,3/4/24,6:53:07 PM,3.1,p,,"3026 196th St SW, Lynnwood, WA 98036, USA","20019 6 W, Lynnwood, WA 98036, USA",2013 Toyota Prius (New),business_personal_trip_log_03_04_2024_12_00am_PST-03_05_2024_12_00am_PST.csv
3/5/24,5:22:26 AM,3/5/24,5:58:40 AM,30.01,p,,"20019 6 W, Lynnwood, WA 98036, USA","16025 International Blvd, Seatac, WA 98188, USA",2013 Toyota Prius (New),business_personal_trip_log_03_05_2024_12_00am_PST-03_06_2024_12_00am_PST.csv
3/5/24,6:07:58 AM,3/5/24,6:08:57 AM,0.03,p,,"16025 International Blvd, Seatac, WA 98188, USA","3109 S 160th St, Seattle, WA 98188, USA",2013 Toyota Prius (New),business_personal_trip_log_03_05_2024_12_00am_PST-03_06_2024_12_00am_PST.csv
3/13/24,9:07:56 PM,3/13/24,9:09:09 PM,0.03,p,,"3109 S 160th St, Seattle, WA 98188, USA","16025 International Blvd, Seatac, WA 98188, USA",2013 Toyota Prius (New),business_personal_trip_log_03_14_2024_12_00am_PST-03_15_2024_12_00am_PST.csv
3/13/24,9:25:34 PM,3/13/24,10:00:50 PM,31.1,p,,"16025 International Blvd, Seatac, WA 98188, USA","20019 6 W, Lynnwood, WA 98036, USA",2013 Toyota Prius (New),business_personal_trip_log_03_14_2024_12_00am_PST-03_15_2024_12_00am_PST.csv
3/14/24,9:21:26 AM,3/14/24,9:35:30 AM,6,p,,"20019 6 W, Lynnwood, WA 98036, USA","20216 68th Ave W, Lynnwood, WA 98036, USA",2013 Toyota Prius (New),business_personal_trip_log_03_14_2024_12_00am_PST-03_15_2024_12_00am_PST.csv
3/14/24,1:08:14 PM,3/14/24,1:22:52 PM,5.1,p,,"20216 68th Ave W, Lynnwood, WA 98036, USA","20019 6 W, Lynnwood, WA 98036, USA",2013 Toyota Prius (New),business_personal_trip_log_03_14_2024_12_00am_PST-03_15_2024_12_00am_PST.csv
3/15/24,12:41:05 PM,3/15/24,1:01:38 PM,8,p,,"20019 6 W, Lynnwood, WA 98036, USA","10601 47th Pl W, Mukilteo, WA 98275, USA",2013 Toyota Prius (New),business_personal_trip_log_03_15_2024_12_00am_PST-03_16_2024_12_00am_PST.csv
3/15/24,1:52:35 PM,3/15/24,2:28:32 PM,11,b,,"10601 47th Pl W, Mukilteo, WA 98275, USA","3717 Harbour Pointe Blvd SW, Mukilteo, WA 98275, USA",2013 Toyota Prius (New),business_personal_trip_log_03_15_2024_12_00am_PST-03_16_2024_12_00am_PST.csv
3/15/24,2:30:47 PM,3/15/24,2:46:03 PM,3,b,,"3717 Harbour Pointe Blvd SW, Mukilteo, WA 98275, USA","12714 Mukilteo Speedway, Mukilteo, WA 98275, USA",2013 Toyota Prius (New),business_personal_trip_log_03_15_2024_12_00am_PST-03_16_2024_12_00am_PST.csv
3/15/24,2:48:03 PM,3/15/24,2:52:03 PM,3,b,,"13432 Mukilteo Speedway, Lynnwood, WA 98087, USA","3005 177th Pl SW, Lynnwood, WA 98037, USA",2013 Toyota Prius (New),business_personal_trip_log_03_15_2024_12_00am_PST-03_16_2024_12_00am_PST.csv
3/15/24,2:54:13 PM,3/15/24,2:57:23 PM,1.01,b,,"17955 Alderwood Mall Pkwy, Lynnwood, WA 98037, USA","18410 33rd Ave W, Lynnwood, WA 98037, USA",2013 Toyota Prius (New),business_personal_trip_log_03_15_2024_12_00am_PST-03_16_2024_12_00am_PST.csv
3/15/24,3:25:51 PM,3/15/24,3:43:04 PM,3.01,b,,"18420 33rd Ave W, Lynnwood, WA 98037, USA","17531 Highway 99, Lynnwood, WA 98037, USA",2013 Toyota Prius (New),business_personal_trip_log_03_15_2024_12_00am_PST-03_16_2024_12_00am_PST.csv
3/15/24,3:52:54 PM,3/15/24,4:07:21 PM,5.01,p,,"17531 Highway 99, Lynnwood, WA 98037, USA","10601 47th Pl W, Mukilteo, WA 98275, USA",2013 Toyota Prius (New),business_personal_trip_log_03_15_2024_12_00am_PST-03_16_2024_12_00am_PST.csv
3/15/24,5:34:58 PM,3/15/24,5:54:12 PM,5,b,,"10601 47th Pl W, Mukilteo, WA 98275, USA","1614 128th St SW, Everett, WA 98204, USA",2013 Toyota Prius (New),business_personal_trip_log_03_15_2024_12_00am_PST-03_16_2024_12_00am_PST.csv
3/15/24,5:58:39 PM,3/15/24,6:22:35 PM,13,b,,"1614 128th St SW, Everett, WA 98204, USA","3317 Broadway, Everett, WA 98201, USA",2013 Toyota Prius (New),business_personal_trip_log_03_15_2024_12_00am_PST-03_16_2024_12_00am_PST.csv
3/15/24,6:24:35 PM,3/15/24,6:37:32 PM,2,b,,"3105 Broadway, Everett, WA 98201, USA","1918 Wall St, Everett, WA 98201, USA",2013 Toyota Prius (New),business_personal_trip_log_03_15_2024_12_00am_PST-03_16_2024_12_00am_PST.csv
3/15/24,6:43:00 PM,3/15/24,7:07:58 PM,14.1,b,,"1507 Wall St, Everett, WA 98201, USA","20019 6 W, Lynnwood, WA 98036, USA",2013 Toyota Prius (New),business_personal_trip_log_03_15_2024_12_00am_PST-03_16_2024_12_00am_PST.csv
03/16/2024,08:02:31 AM,03/16/2024,08:05:40 AM,2.01,p,,"20019 6 W, Lynnwood, WA 98036, USA","1901 Larch Way, Lynnwood, WA 98036, USA",2013 Toyota Prius (New),business_personal_trip_log_03_16_2024_12_00am_PDT-03_17_2024_12_00am_PDT.csv
03/16/2024,08:08:14 AM,03/16/2024,08:11:17 AM,1.1,p,,"1901 Larch Way, Lynnwood, WA 98036, USA","20019 6 W, Lynnwood, WA 98036, USA",2013 Toyota Prius (New),business_personal_trip_log_03_16_2024_12_00am_PDT-03_17_2024_12_00am_PDT.csv
03/16/2024,11:07:20 AM,03/16/2024,11:24:27 AM,8.01,p,,"20019 6 W, Lynnwood, WA 98036, USA","13710 59th Ave SE, Everett, WA 98208, USA",2013 Toyota Prius (New),business_personal_trip_log_03_16_2024_12_00am_PDT-03_17_2024_12_00am_PDT.csv
03/16/2024,11:45:58 AM,03/16/2024,11:50:19 AM,1,p,,"13715 59th Ave SE, Everett, WA 98208, USA","13102 39th Ave SE, Everett, WA 98208, USA",2013 Toyota Prius (New),business_personal_trip_log_03_16_2024_12_00am_PDT-03_17_2024_12_00am_PDT.csv
03/16/2024,11:53:31 AM,03/16/2024,12:26:45 PM,17.01,p,,"13116 39th Ave SE, Everett, WA 98208, USA","4929 2nd Ave NE, Tulalip, WA 98271, USA",2013 Toyota Prius (New),business_personal_trip_log_03_16_2024_12_00am_PDT-03_17_2024_12_00am_PDT.csv
03/16/2024,12:34:15 PM,03/16/2024,01:12:12 PM,19.02,p,,"4929 2nd Ave NE, Tulalip, WA 98271, USA","13710 59th Ave SE, Everett, WA 98208, USA",2013 Toyota Prius (New),business_personal_trip_log_03_16_2024_12_00am_PDT-03_17_2024_12_00am_PDT.csv
03/16/2024,01:21:01 PM,03/16/2024,01:42:58 PM,8.07,p,,"13832 59th Ave SE, Everett, WA 98208, USA","20019 6 W, Lynnwood, WA 98036, USA",2013 Toyota Prius (New),business_personal_trip_log_03_16_2024_12_00am_PDT-03_17_2024_12_00am_PDT.csv
03/16/2024,03:54:11 PM,03/16/2024,04:01:40 PM,2.03,p,,"20019 6 W, Lynnwood, WA 98036, USA","2608 196th St SW, Lynnwood, WA 98036, USA",2013 Toyota Prius (New),business_personal_trip_log_03_16_2024_12_00am_PDT-03_17_2024_12_00am_PDT.csv
03/16/2024,04:04:29 PM,03/16/2024,04:12:56 PM,1.02,p,,"2608 196th St SW, Lynnwood, WA 98036, USA","18405 Alderwood Mall Pkwy, Lynnwood, WA 98037, USA",2013 Toyota Prius (New),business_personal_trip_log_03_16_2024_12_00am_PDT-03_17_2024_12_00am_PDT.csv
03/16/2024,04:20:16 PM,03/16/2024,04:45:53 PM,12.03,p,,"18405 Alderwood Mall Pkwy, Lynnwood, WA 98037, USA","I-5th Expy, Seattle, WA 98115, USA",2013 Toyota Prius (New),business_personal_trip_log_03_16_2024_12_00am_PDT-03_17_2024_12_00am_PDT.csv
03/16/2024,04:47:53 PM,03/16/2024,04:51:53 PM,1,p,,"I-5, Seattle, WA 98103, USA","I-5, Seattle, WA 98115, USA",2013 Toyota Prius (New),business_personal_trip_log_03_16_2024_12_00am_PDT-03_17_2024_12_00am_PDT.csv
03/16/2024,04:53:53 PM,03/16/2024,04:54:53 PM,0,p,,"356 NE 76th St, Seattle, WA 98115, USA","I-5, Seattle, WA 98115, USA",2013 Toyota Prius (New),business_personal_trip_log_03_16_2024_12_00am_PDT-03_17_2024_12_00am_PDT.csv
03/16/2024,04:56:53 PM,03/16/2024,04:56:53 PM,0,p,,"I-5, Seattle, WA 98115, USA","I-5, Seattle, WA 98115, USA",2013 Toyota Prius (New),business_personal_trip_log_03_16_2024_12_00am_PDT-03_17_2024_12_00am_PDT.csv
03/16/2024,04:57:53 PM,03/16/2024,05:28:20 PM,17,p,,"625 NE 65th St, Seattle, WA 98115, USA","4644 S 188th St, Seattle, WA 98188, USA",2013 Toyota Prius (New),business_personal_trip_log_03_16_2024_12_00am_PDT-03_17_2024_12_00am_PDT.csv
03/16/2024,05:31:04 PM,03/16/2024,06:23:04 PM,51,p,,"4644 S 188th St, Seattle, WA 98188, USA","1204 Cooper Point Rd SW, Olympia, WA 98502, USA",2013 Toyota Prius (New),business_personal_trip_log_03_16_2024_12_00am_PDT-03_17_2024_12_00am_PDT.csv
03/16/2024,06:39:06 PM,03/16/2024,07:59:57 PM,69,p,,"1204 Cooper Point Rd SW, Olympia, WA 98502, USA","516 Point Brown Ave NE, Ocean Shores, WA 98569, USA",2013 Toyota Prius (New),business_personal_trip_log_03_16_2024_12_00am_PDT-03_17_2024_12_00am_PDT.csv
3/20/24,11:47:36 AM,3/20/24,11:57:18 AM,3.02,b,,"20012 6th Pl W, Lynnwood, WA 98036, USA","18133 33 W, Lynnwood, WA 98037, USA",2013 Toyota Prius (New),business_personal_trip_log_03_20_2024_12_00am_PDT-03_21_2024_12_00am_PDT.csv
3/20/24,12:00:19 PM,3/20/24,12:01:18 PM,0.01,b,,"18133 33rd Ave W, Lynnwood, WA 98037, USA","3101 184th St SW, Lynnwood, WA 98037, USA",2013 Toyota Prius (New),business_personal_trip_log_03_20_2024_12_00am_PDT-03_21_2024_12_00am_PDT.csv
3/20/24,12:25:22 PM,3/20/24,12:41:38 PM,4,b,,"3101 184th St SW, Lynnwood, WA 98037, USA","3000 184th St SW, Lynnwood, WA 98037, USA",2013 Toyota Prius (New),business_personal_trip_log_03_20_2024_12_00am_PDT-03_21_2024_12_00am_PDT.csv
3/20/24,12:45:26 PM,3/20/24,1:10:48 PM,11,b,,"3000 184th St SW, Lynnwood, WA 98037, USA","3803 114th St SE, Everett, WA 98208, USA",2013 Toyota Prius (New),business_personal_trip_log_03_20_2024_12_00am_PDT-03_21_2024_12_00am_PDT.csv
3/20/24,1:13:12 PM,3/20/24,2:13:51 PM,30,b,,"3803 114th St SE, Everett, WA 98208, USA","13209 39th Ave SE, Bothell, WA 98012, USA",2013 Toyota Prius (New),business_personal_trip_log_03_20_2024_12_00am_PDT-03_21_2024_12_00am_PDT.csv
3/20/24,2:17:40 PM,3/20/24,2:26:54 PM,3.03,p,,"13223 39th Ave SE, Bothell, WA 98012, USA","15118 Main St, Mill Creek, WA 98012, USA",2013 Toyota Prius (New),business_personal_trip_log_03_20_2024_12_00am_PDT-03_21_2024_12_00am_PDT.csv
3/20/24,2:30:27 PM,3/20/24,2:42:27 PM,4.01,p,,"15117 Main St, Mill Creek, WA 98012, USA","13710 59th Ave SE, Everett, WA 98208, USA",2013 Toyota Prius (New),business_personal_trip_log_03_20_2024_12_00am_PDT-03_21_2024_12_00am_PDT.csv
3/20/24,9:08:12 PM,3/20/24,9:26:01 PM,8.1,p,,"13931 Silver Firs Dr, Everett, WA 98208, USA","20019 6 W, Lynnwood, WA 98036, USA",2013 Toyota Prius (New),business_personal_trip_log_03_20_2024_12_00am_PDT-03_21_2024_12_00am_PDT.csv
3/21/24,12:29:37 PM,3/21/24,12:50:34 PM,5,b,,"20019 6 W, Lynnwood, WA 98036, USA","22833 Bothell Everett Hwy, Bothell, WA 98021, USA",2013 Toyota Prius (New),business_personal_trip_log_03_21_2024_12_00am_PDT-03_22_2024_12_00am_PDT.csv
3/21/24,1:20:54 PM,3/21/24,1:42:36 PM,8,b,,"22833 Bothell Everett Hwy, Bothell, WA 98021, USA","20000 44th Ave W, Lynnwood, WA 98036, USA",2013 Toyota Prius (New),business_personal_trip_log_03_21_2024_12_00am_PDT-03_22_2024_12_00am_PDT.csv
3/21/24,1:44:36 PM,3/21/24,1:47:53 PM,0.01,b,,"19610 44th Ave W, Lynnwood, WA 98036, USA","4615 196th St SW, Lynnwood, WA 98036, USA",2013 Toyota Prius (New),business_personal_trip_log_03_21_2024_12_00am_PDT-03_22_2024_12_00am_PDT.csv
3/21/24,2:13:14 PM,3/21/24,2:29:34 PM,3.01,b,,"4615 196th St SW, Lynnwood, WA 98036, USA","2608 196th St SW, Lynnwood, WA 98036, USA",2013 Toyota Prius (New),business_personal_trip_log_03_21_2024_12_00am_PDT-03_22_2024_12_00am_PDT.csv
3/21/24,2:35:47 PM,3/21/24,2:41:28 PM,3.1,b,,"2608 196th St SW, Lynnwood, WA 98036, USA","20019 6 W, Lynnwood, WA 98036, USA",2013 Toyota Prius (New),business_personal_trip_log_03_21_2024_12_00am_PDT-03_22_2024_12_00am_PDT.csv
3/22/24,9:41:17 AM,3/22/24,11:08:57 AM,83.01,p,,"20012 6 W, Lynnwood, WA 98036, USA","2217 E Gray Sea Eagle Ln SW, Olympia, WA 98512, USA",2013 Toyota Prius (New),business_personal_trip_log_03_22_2024_12_00am_PDT-03_23_2024_12_00am_PDT.csv
3/22/24,12:05:42 PM,3/22/24,12:35:49 PM,19.02,p,,"5081 E Gray Sea Eagle Ln SW, Olympia, WA 98512, USA","2380 Golf House Rd, Dupont, WA 98327, USA",2013 Toyota Prius (New),business_personal_trip_log_03_22_2024_12_00am_PDT-03_23_2024_12_00am_PDT.csv
3/22/24,5:17:53 PM,3/22/24,5:48:28 PM,15,p,,"2300 Golf House Rd, Dupont, WA 98327, USA","2705 Locust Ave W, University Place, WA 98466, USA",2013 Toyota Prius (New),business_personal_trip_log_03_22_2024_12_00am_PDT-03_23_2024_12_00am_PDT.csv
3/22/24,6:19:17 PM,3/22/24,6:23:52 PM,1,p,,"2705 Locust Ave W, University Place, WA 98466, USA","9002 37th St W, University Place, WA 98466, USA",2013 Toyota Prius (New),business_personal_trip_log_03_22_2024_12_00am_PDT-03_23_2024_12_00am_PDT.csv
3/22/24,6:39:26 PM,3/22/24,7:48:15 PM,57,p,,"8702 37th St W, University Place, WA 98466, USA","20019 6 W, Lynnwood, WA 98036, USA",2013 Toyota Prius (New),business_personal_trip_log_03_22_2024_12_00am_PDT-03_23_2024_12_00am_PDT.csv
3/23/24,11:36:45 AM,3/23/24,12:12:37 PM,14,b,,"615 200th Pl SW, Lynnwood, WA 98036, USA","3020 NE 45th St, Seattle, WA 98105, USA",2013 Toyota Prius (New),business_personal_trip_log_03_23_2024_12_00am_PDT-03_24_2024_12_00am_PDT.csv
3/23/24,12:22:05 PM,3/23/24,12:28:01 PM,1.03,b,,Unknown,"5146 25th Ave NE, Seattle, WA 98105, USA",2013 Toyota Prius (New),business_personal_trip_log_03_23_2024_12_00am_PDT-03_24_2024_12_00am_PDT.csv
3/23/24,12:46:06 PM,3/23/24,12:48:06 PM,0,b,,"5146 25th Ave NE, Seattle, WA 98105, USA","6216 25th Ave NE, Seattle, WA 98115, USA",2013 Toyota Prius (New),business_personal_trip_log_03_23_2024_12_00am_PDT-03_24_2024_12_00am_PDT.csv
3/23/24,12:50:06 PM,3/23/24,1:20:06 PM,9,b,,"6258 25th Ave NE, Seattle, WA 98115, USA","1410 N 200th St, Seattle, WA 98133, USA",2013 Toyota Prius (New),business_personal_trip_log_03_23_2024_12_00am_PDT-03_24_2024_12_00am_PDT.csv
3/23/24,1:27:02 PM,3/23/24,1:27:09 PM,0,b,,"1410 N 200th St, Seattle, WA 98133, USA","1410 N 200th St, Seattle, WA 98133, USA",2013 Toyota Prius (New),business_personal_trip_log_03_23_2024_12_00am_PDT-03_24_2024_12_00am_PDT.csv
3/23/24,1:29:33 PM,3/23/24,1:30:29 PM,0,b,,"1410 N 200th St, Seattle, WA 98133, USA","20010 Aurora Ave N, Seattle, WA 98133, USA",2013 Toyota Prius (New),business_personal_trip_log_03_23_2024_12_00am_PDT-03_24_2024_12_00am_PDT.csv
3/23/24,1:37:43 PM,3/23/24,1:54:37 PM,8,b,,"20010 Aurora Ave N, Seattle, WA 98133, USA","20019 6 W, Lynnwood, WA 98036, USA",2013 Toyota Prius (New),business_personal_trip_log_03_23_2024_12_00am_PDT-03_24_2024_12_00am_PDT.csv
3/23/24,2:27:05 PM,3/23/24,3:24:45 PM,24.1,p,,"621 200th Pl SW, Lynnwood, WA 98036, USA","20019 6 W, Lynnwood, WA 98036, USA",2013 Toyota Prius (New),business_personal_trip_log_03_23_2024_12_00am_PDT-03_24_2024_12_00am_PDT.csv
3/23/24,4:17:54 PM,3/23/24,4:53:59 PM,24,p,,"20019 6 W, Lynnwood, WA 98036, USA","9804 79th Dr NE, Marysville, WA 98270, USA",2013 Toyota Prius (New),business_personal_trip_log_03_23_2024_12_00am_PDT-03_24_2024_12_00am_PDT.csv
3/23/24,5:16:20 PM,3/23/24,5:33:31 PM,9.03,p,,"9804 79th Dr NE, Marysville, WA 98270, USA","11307 143rd Dr NE, Lake Stevens, WA 98258, USA",2013 Toyota Prius (New),business_personal_trip_log_03_23_2024_12_00am_PDT-03_24_2024_12_00am_PDT.csv
3/23/24,9:54:00 PM,3/23/24,10:33:48 PM,29.1,p,,"11307 143rd Dr NE, Lake Stevens, WA 98258, USA","20019 6 W, Lynnwood, WA 98036, USA",2013 Toyota Prius (New),business_personal_trip_log_03_23_2024_12_00am_PDT-03_24_2024_12_00am_PDT.csv
3/24/24,9:12:00 AM,3/24/24,9:24:33 AM,6.01,p,,"20019 6 W, Lynnwood, WA 98036, USA","4326 148th St SE, Bothell, WA 98012, USA",2013 Toyota Prius (New),business_personal_trip_log_03_24_2024_12_00am_PDT-03_25_2024_12_00am_PDT.csv
3/24/24,10:59:59 AM,3/24/24,11:08:44 AM,3,p,,"4326 148th St SE, Bothell, WA 98012, USA","13209 39th Ave SE, Bothell, WA 98012, USA",2013 Toyota Prius (New),business_personal_trip_log_03_24_2024_12_00am_PDT-03_25_2024_12_00am_PDT.csv
3/24/24,12:19:15 PM,3/24/24,12:19:53 PM,0,p,,"13209 39th Ave SE, Bothell, WA 98012, USA","13302 39th Ave SE, Bothell, WA 98012, USA",2013 Toyota Prius (New),business_personal_trip_log_03_24_2024_12_00am_PDT-03_25_2024_12_00am_PDT.csv
3/24/24,12:36:47 PM,3/24/24,12:41:41 PM,1.02,p,,"13302 39th Ave SE, Bothell, WA 98012, USA","13710 59th Ave SE, Everett, WA 98208, USA",2013 Toyota Prius (New),business_personal_trip_log_03_24_2024_12_00am_PDT-03_25_2024_12_00am_PDT.csv
3/24/24,12:56:00 PM,3/24/24,1:05:39 PM,4,p,,"13710 59th Ave SE, Everett, WA 98208, USA","1110 164th St SE, Mill Creek, WA 98012, USA",2013 Toyota Prius (New),business_personal_trip_log_03_24_2024_12_00am_PDT-03_25_2024_12_00am_PDT.csv
3/24/24,1:07:39 PM,3/24/24,1:14:49 PM,3.1,p,,"107 164th St SE, Bothell, WA 98012, USA","20019 6 W, Lynnwood, WA 98036, USA",2013 Toyota Prius (New),business_personal_trip_log_03_24_2024_12_00am_PDT-03_25_2024_12_00am_PDT.csv
3/24/24,1:35:27 PM,3/24/24,1:46:42 PM,5,b,,"608 200th Pl SW, Lynnwood, WA 98036, USA","20804 Bothell-Everett, Bothell, WA 98021, USA",2013 Toyota Prius (New),business_personal_trip_log_03_24_2024_12_00am_PDT-03_25_2024_12_00am_PDT.csv
3/24/24,1:49:18 PM,3/24/24,1:51:10 PM,0.03,b,,"20715 Bothell Everett Hwy, Bothell, WA 98012, USA","20511 Bothell Everett Hwy, Bothell, WA 98012, USA",2013 Toyota Prius (New),business_personal_trip_log_03_24_2024_12_00am_PDT-03_25_2024_12_00am_PDT.csv
3/24/24,2:03:55 PM,3/24/24,2:19:26 PM,4,b,,"20511 Bothell Everett Hwy, Bothell, WA 98012, USA","17903 Bothell Everett Hwy, Bothell, WA 98012, USA",2013 Toyota Prius (New),business_personal_trip_log_03_24_2024_12_00am_PDT-03_25_2024_12_00am_PDT.csv
3/24/24,2:24:17 PM,3/24/24,2:42:54 PM,5.01,b,,"17917 Bothell Everett Hwy, Bothell, WA 98012, USA","116 128th St SE, Everett, WA 98208, USA",2013 Toyota Prius (New),business_personal_trip_log_03_24_2024_12_00am_PDT-03_25_2024_12_00am_PDT.csv
3/24/24,2:46:40 PM,3/24/24,2:55:00 PM,1.01,b,,"116 128th St SE, Everett, WA 98208, USA","13916 N Creek Dr, Mill Creek, WA 98012, USA",2013 Toyota Prius (New),business_personal_trip_log_03_24_2024_12_00am_PDT-03_25_2024_12_00am_PDT.csv
3/24/24,2:57:24 PM,3/24/24,3:01:51 PM,0,b,,"1128 144th St SE, Mill Creek, WA 98012, USA","15506 Main St, Mill Creek, WA 98012, USA",2013 Toyota Prius (New),business_personal_trip_log_03_24_2024_12_00am_PDT-03_25_2024_12_00am_PDT.csv
3/24/24,3:10:03 PM,3/24/24,3:31:43 PM,6.3,b,,"15522 Main St, Mill Creek, WA 98012, USA","19200 44th Ave W, Lynnwood, WA 98036, USA",2013 Toyota Prius (New),business_personal_trip_log_03_24_2024_12_00am_PDT-03_25_2024_12_00am_PDT.csv
3/24/24,3:34:21 PM,3/24/24,3:35:13 PM,0,b,,"19200 44th Ave W, Lynnwood, WA 98036, USA","4509 194th St SW, Lynnwood, WA 98036, USA",2013 Toyota Prius (New),business_personal_trip_log_03_24_2024_12_00am_PDT-03_25_2024_12_00am_PDT.csv
3/24/24,3:46:28 PM,3/24/24,4:12:51 PM,12,p,,"4509 194th St SW, Lynnwood, WA 98036, USA","8519 15th Ave NW, Seattle, WA 98117, USA",2013 Toyota Prius (New),business_personal_trip_log_03_24_2024_12_00am_PDT-03_25_2024_12_00am_PDT.csv
3/24/24,4:14:51 PM,3/24/24,4:32:50 PM,4,b,,"7757 15th Ave NW, Seattle, WA 98117, USA","557 N 80th St, Seattle, WA 98103, USA",2013 Toyota Prius (New),business_personal_trip_log_03_24_2024_12_00am_PDT-03_25_2024_12_00am_PDT.csv
3/24/24,4:35:02 PM,3/24/24,5:14:37 PM,18.02,p,,"8003 Linden Ave N, Seattle, WA 98103, USA","4114 198th St SW, Lynnwood, WA 98036, USA",2013 Toyota Prius (New),business_personal_trip_log_03_24_2024_12_00am_PDT-03_25_2024_12_00am_PDT.csv
3/24/24,5:38:47 PM,3/24/24,5:49:48 PM,3.06,p,,"4001 198th St SW, Lynnwood, WA 98036, USA","16327 Ash Way, Lynnwood, WA 98087, USA",2013 Toyota Prius (New),business_personal_trip_log_03_24_2024_12_00am_PDT-03_25_2024_12_00am_PDT.csv
3/24/24,6:17:20 PM,3/24/24,6:28:29 PM,4.02,p,,"16327 Ash Way, Lynnwood, WA 98087, USA","20019 6 W, Lynnwood, WA 98036, USA",2013 Toyota Prius (New),business_personal_trip_log_03_24_2024_12_00am_PDT-03_25_2024_12_00am_PDT.csv
3/25/24,1:13:37 PM,3/25/24,1:22:10 PM,3.02,p,,"20019 6 W, Lynnwood, WA 98036, USA","2800 196th St SW, Lynnwood, WA 98036, USA",2013 Toyota Prius (New),business_personal_trip_log_03_25_2024_12_00am_PDT-03_26_2024_12_00am_PDT.csv
3/25/24,1:25:47 PM,3/25/24,1:37:31 PM,5,p,,"2800 196th St SW, Lynnwood, WA 98036, USA","12721 Mukilteo Speedway, Lynnwood, WA 98087, USA",2013 Toyota Prius (New),business_personal_trip_log_03_25_2024_12_00am_PDT-03_26_2024_12_00am_PDT.csv
3/25/24,1:39:31 PM,3/25/24,1:42:32 PM,1,p,,"3710 Harbour Pointe Blvd SW, Mukilteo, WA 98275, USA","10601 47th Pl W, Mukilteo, WA 98275, USA",2013 Toyota Prius (New),business_personal_trip_log_03_25_2024_12_00am_PDT-03_26_2024_12_00am_PDT.csv
3/25/24,3:51:57 PM,3/25/24,3:52:58 PM,0.02,b,,"10601 47th Pl W, Mukilteo, WA 98275, USA","4410 106th St SW, Mukilteo, WA 98275, USA",2013 Toyota Prius (New),business_personal_trip_log_03_25_2024_12_00am_PDT-03_26_2024_12_00am_PDT.csv
3/25/24,3:54:58 PM,3/25/24,4:06:35 PM,3,b,,"4410 106th St SW, Mukilteo, WA 98275, USA","14626 Highway 99, Lynnwood, WA 98087, USA",2013 Toyota Prius (New),business_personal_trip_log_03_25_2024_12_00am_PDT-03_26_2024_12_00am_PDT.csv
3/25/24,4:09:56 PM,3/25/24,4:18:42 PM,2,b,,"14801 Highway 99, Lynnwood, WA 98087, USA","17308 Highway 99, Lynnwood, WA 98037, USA",2013 Toyota Prius (New),business_personal_trip_log_03_25_2024_12_00am_PDT-03_26_2024_12_00am_PDT.csv
3/25/24,4:20:42 PM,3/25/24,4:32:37 PM,2,b,,"17602 Highway 99, Lynnwood, WA 98037, USA","4424 196th St SW, Lynnwood, WA 98036, USA",2013 Toyota Prius (New),business_personal_trip_log_03_25_2024_12_00am_PDT-03_26_2024_12_00am_PDT.csv
3/25/24,4:34:37 PM,3/25/24,4:40:39 PM,1,b,,"3910 196th St SW, Lynnwood, WA 98036, USA","3101 184th St SW, Lynnwood, WA 98037, USA",2013 Toyota Prius (New),business_personal_trip_log_03_25_2024_12_00am_PDT-03_26_2024_12_00am_PDT.csv
3/25/24,4:42:51 PM,3/25/24,4:43:23 PM,0,b,,"3101 184th St SW, Lynnwood, WA 98037, USA","3015 184th St SW, Lynnwood, WA 98037, USA",2013 Toyota Prius (New),business_personal_trip_log_03_25_2024_12_00am_PDT-03_26_2024_12_00am_PDT.csv
3/25/24,4:56:46 PM,3/25/24,4:59:14 PM,0,b,,"3015 184th St SW, Lynnwood, WA 98037, USA","18109 33 W, Lynnwood, WA 98037, USA",2013 Toyota Prius (New),business_personal_trip_log_03_25_2024_12_00am_PDT-03_26_2024_12_00am_PDT.csv
3/25/24,5:03:38 PM,3/25/24,5:07:13 PM,1.01,b,,"18109 33 W, Lynnwood, WA 98037, USA","18606 Alderwood Mall Pkwy, Lynnwood, WA 98037, USA",2013 Toyota Prius (New),business_personal_trip_log_03_25_2024_12_00am_PDT-03_26_2024_12_00am_PDT.csv
3/25/24,5:09:45 PM,3/25/24,5:10:16 PM,0,b,,"18606 Alderwood Mall Pkwy, Lynnwood, WA 98037, USA","18606 Alderwood Mall Pkwy, Lynnwood, WA 98037, USA",2013 Toyota Prius (New),business_personal_trip_log_03_25_2024_12_00am_PDT-03_26_2024_12_00am_PDT.csv
3/25/24,5:35:00 PM,3/25/24,5:37:13 PM,1,b,,"18606 Alderwood Mall Pkwy, Lynnwood, WA 98037, USA","19500 Alderwood Mall Pkwy, Lynnwood, WA 98036, USA",2013 Toyota Prius (New),business_personal_trip_log_03_25_2024_12_00am_PDT-03_26_2024_12_00am_PDT.csv
3/25/24,5:39:22 PM,3/25/24,5:40:08 PM,0,b,,"19611 Alderwood Mall Pkwy, Lynnwood, WA 98036, USA","2608 196th St SW, Lynnwood, WA 98036, USA",2013 Toyota Prius (New),business_personal_trip_log_03_25_2024_12_00am_PDT-03_26_2024_12_00am_PDT.csv
3/25/24,5:45:08 PM,3/25/24,5:45:47 PM,0.01,b,,"2608 196th St SW, Lynnwood, WA 98036, USA","2608 196th St SW, Lynnwood, WA 98036, USA",2013 Toyota Prius (New),business_personal_trip_log_03_25_2024_12_00am_PDT-03_26_2024_12_00am_PDT.csv
3/25/24,5:57:17 PM,3/25/24,6:01:26 PM,1,b,,"2628 196th St SW, Lynnwood, WA 98036, USA","2617 196th St SW, Lynnwood, WA 98036, USA",2013 Toyota Prius (New),business_personal_trip_log_03_25_2024_12_00am_PDT-03_26_2024_12_00am_PDT.csv
3/25/24,6:06:06 PM,3/25/24,6:18:21 PM,4,p,,"2617 196th St SW, Lynnwood, WA 98036, USA","16304 Bothell Everett Hwy, Mill Creek, WA 98012, USA",2013 Toyota Prius (New),business_personal_trip_log_03_25_2024_12_00am_PDT-03_26_2024_12_00am_PDT.csv
3/25/24,6:27:00 PM,3/25/24,6:37:05 PM,4.1,p,,"16304 Bothell Everett Hwy, Mill Creek, WA 98012, USA","20019 6 W, Lynnwood, WA 98036, USA",2013 Toyota Prius (New),business_personal_trip_log_03_25_2024_12_00am_PDT-03_26_2024_12_00am_PDT.csv
3/26/24,12:17:55 PM,3/26/24,1:03:24 PM,28,p,,"20019 6 W, Lynnwood, WA 98036, USA","4050 Maple Valley Hwy, Renton, WA 98058, USA",2013 Toyota Prius (New),business_personal_trip_log_03_26_2024_12_00am_PDT-03_27_2024_12_00am_PDT.csv
3/26/24,5:55:21 PM,3/26/24,5:55:55 PM,0,p,,"4050 Maple Valley Hwy, Renton, WA 98058, USA","4050 Maple Valley Hwy, Renton, WA 98058, USA",2013 Toyota Prius (New),business_personal_trip_log_03_26_2024_12_00am_PDT-03_27_2024_12_00am_PDT.csv
3/26/24,6:51:36 PM,3/26/24,7:26:46 PM,28,p,,"4050 Maple Valley Hwy, Renton, WA 98058, USA","20019 6th Pl W, Lynnwood, WA 98036, USA",2013 Toyota Prius (New),business_personal_trip_log_03_26_2024_12_00am_PDT-03_27_2024_12_00am_PDT.csv
3/27/24,1:40:39 PM,3/27/24,1:58:33 PM,8,p,,"20019 6 W, Lynnwood, WA 98036, USA","10601 47th Pl W, Mukilteo, WA 98275, USA",2013 Toyota Prius (New),business_personal_trip_log_03_27_2024_12_00am_PDT-03_28_2024_12_00am_PDT.csv
3/27/24,2:07:44 PM,3/27/24,2:26:13 PM,8.1,p,,"10601 47th Pl W, Mukilteo, WA 98275, USA","20019 6 W, Lynnwood, WA 98036, USA",2013 Toyota Prius (New),business_personal_trip_log_03_27_2024_12_00am_PDT-03_28_2024_12_00am_PDT.csv
3/27/24,2:39:22 PM,3/27/24,3:01:10 PM,12,p,,"20012 6 W, Lynnwood, WA 98036, USA","2147 N Northgate Way, Seattle, WA 98133, USA",2013 Toyota Prius (New),business_personal_trip_log_03_27_2024_12_00am_PDT-03_28_2024_12_00am_PDT.csv
3/27/24,3:19:03 PM,3/27/24,3:26:11 PM,2,b,,"2147 N Northgate Way, Seattle, WA 98133, USA","12109 Stone Ave N, Seattle, WA 98133, USA",2013 Toyota Prius (New),business_personal_trip_log_03_27_2024_12_00am_PDT-03_28_2024_12_00am_PDT.csv
3/27/24,4:32:52 PM,3/27/24,4:46:21 PM,2,b,,"12109 Stone Ave N, Seattle, WA 98133, USA","200 NE 100th St, Seattle, WA 98125, USA",2013 Toyota Prius (New),business_personal_trip_log_03_27_2024_12_00am_PDT-03_28_2024_12_00am_PDT.csv
3/27/24,4:52:38 PM,3/27/24,5:21:13 PM,7,b,,"200 NE 100th St, Seattle, WA 98125, USA","7500 35th Ave NE, Seattle, WA 98115, USA",2013 Toyota Prius (New),business_personal_trip_log_03_27_2024_12_00am_PDT-03_28_2024_12_00am_PDT.csv
3/27/24,5:23:13 PM,3/27/24,6:06:06 PM,10,b,,"7501 27th Ave NE, Seattle, WA 98115, USA","909 N 35th St, Seattle, WA 98103, USA",2013 Toyota Prius (New),business_personal_trip_log_03_27_2024_12_00am_PDT-03_28_2024_12_00am_PDT.csv
3/27/24,6:08:38 PM,3/27/24,6:12:33 PM,0,b,,"914 N 38th St, Seattle, WA 98103, USA","610 N 36th St, Seattle, WA 98103, USA",2013 Toyota Prius (New),business_personal_trip_log_03_27_2024_12_00am_PDT-03_28_2024_12_00am_PDT.csv
3/27/24,6:21:50 PM,3/27/24,6:30:14 PM,1,b,,"200 N 36th St, Seattle, WA 98103, USA","4910 Green Lake Way N, Seattle, WA 98103, USA",2013 Toyota Prius (New),business_personal_trip_log_03_27_2024_12_00am_PDT-03_28_2024_12_00am_PDT.csv
3/27/24,6:32:14 PM,3/27/24,6:40:20 PM,2,b,,"4910 Green Lake Way N, Seattle, WA 98103, USA","911 NE 65th St, Seattle, WA 98115, USA",2013 Toyota Prius (New),business_personal_trip_log_03_27_2024_12_00am_PDT-03_28_2024_12_00am_PDT.csv
3/27/24,6:42:20 PM,3/27/24,6:46:22 PM,1,b,,"6327 15th Ave NE, Seattle, WA 98115, USA","6039 30th Ave NE, Seattle, WA 98115, USA",2013 Toyota Prius (New),business_personal_trip_log_03_27_2024_12_00am_PDT-03_28_2024_12_00am_PDT.csv
3/27/24,6:52:06 PM,3/27/24,7:09:57 PM,7,b,,"6021 30th Ave NE, Seattle, WA 98115, USA","15725 Westminster Way N, Shoreline, WA 98133, USA",2013 Toyota Prius (New),business_personal_trip_log_03_27_2024_12_00am_PDT-03_28_2024_12_00am_PDT.csv
3/27/24,8:24:41 PM,3/27/24,8:44:26 PM,10,p,,"15725 Westminster Way N, Shoreline, WA 98133, USA","20019 6 W, Lynnwood, WA 98036, USA",2013 Toyota Prius (New),business_personal_trip_log_03_27_2024_12_00am_PDT-03_28_2024_12_00am_PDT.csv
3/28/24,2:10:48 PM,3/28/24,2:21:58 PM,3,b,,"20019 6 W, Lynnwood, WA 98036, USA","22612 Bothell Everett Hwy, Bothell, WA 98021, USA",2013 Toyota Prius (New),business_personal_trip_log_03_28_2024_12_00am_PDT-03_29_2024_12_00am_PDT.csv
3/28/24,2:23:58 PM,3/28/24,3:03:15 PM,20,b,,"22232 17th Ave SE, Bothell, WA 98021, USA","1201 116th Ave NE, Bellevue, WA 98004, USA",2013 Toyota Prius (New),business_personal_trip_log_03_28_2024_12_00am_PDT-03_29_2024_12_00am_PDT.csv
3/28/24,3:06:20 PM,3/28/24,3:31:45 PM,10,b,,"1201 116th Ave NE, Bellevue, WA 98004, USA","11917 157th Ave NE, Redmond, WA 98052, USA",2013 Toyota Prius (New),business_personal_trip_log_03_28_2024_12_00am_PDT-03_29_2024_12_00am_PDT.csv
3/28/24,3:34:45 PM,3/28/24,3:49:10 PM,6,b,,"12712 Woodinville Redmond Rd NE, Redmond, WA 98052, USA","24002 Snohomish Woodinville Rd, Woodinville, WA 98072, USA",2013 Toyota Prius (New),business_personal_trip_log_03_28_2024_12_00am_PDT-03_29_2024_12_00am_PDT.csv
3/28/24,3:51:29 PM,3/28/24,3:52:14 PM,0,b,,"24002 Snohomish Woodinville Rd, Woodinville, WA 98072, USA","24008 Snohomish Woodinville Rd, Woodinville, WA 98072, USA",2013 Toyota Prius (New),business_personal_trip_log_03_28_2024_12_00am_PDT-03_29_2024_12_00am_PDT.csv
3/28/24,4:05:26 PM,3/28/24,4:21:31 PM,5.01,b,,"24008 Snohomish Woodinville Rd, Woodinville, WA 98072, USA","22110 17 SE, Bothell, WA 98021, USA",2013 Toyota Prius (New),business_personal_trip_log_03_28_2024_12_00am_PDT-03_29_2024_12_00am_PDT.csv
3/28/24,4:24:18 PM,3/28/24,4:33:18 PM,1,b,,"22110 17th Ave SE, Bothell, WA 98021, USA","20802 Bothell Everett Hwy, Bothell, WA 98021, USA",2013 Toyota Prius (New),business_personal_trip_log_03_28_2024_12_00am_PDT-03_29_2024_12_00am_PDT.csv
3/28/24,4:35:18 PM,3/28/24,4:35:46 PM,0,p,,"20611 Bothell Everett Hwy, Bothell, WA 98012, USA","20511 Bothell Everett Hwy, Bothell, WA 98012, USA",2013 Toyota Prius (New),business_personal_trip_log_03_28_2024_12_00am_PDT-03_29_2024_12_00am_PDT.csv
3/28/24,4:46:59 PM,3/28/24,4:49:37 PM,0,p,,"20511 Bothell Everett Hwy, Bothell, WA 98012, USA","20717 Bothell Everett Hwy, Bothell, WA 98012, USA",2013 Toyota Prius (New),business_personal_trip_log_03_28_2024_12_00am_PDT-03_29_2024_12_00am_PDT.csv
3/28/24,4:52:03 PM,3/28/24,4:55:27 PM,2,p,,"20717 Bothell Everett Hwy, Bothell, WA 98012, USA","204 200th Pl SE, Bothell, WA 98012, USA",2013 Toyota Prius (New),business_personal_trip_log_03_28_2024_12_00am_PDT-03_29_2024_12_00am_PDT.csv
3/28/24,4:58:27 PM,3/28/24,5:06:17 PM,1.1,p,,"16 197th St SE, Bothell, WA 98012, USA","20019 6 W, Lynnwood, WA 98036, USA",2013 Toyota Prius (New),business_personal_trip_log_03_28_2024_12_00am_PDT-03_29_2024_12_00am_PDT.csv
3/29/24,9:52:25 AM,3/29/24,11:17:28 AM,52,b,,"20019 6 W, Lynnwood, WA 98036, USA","20216 68th Ave W, Lynnwood, WA 98036, USA",2013 Toyota Prius (New),business_personal_trip_log_03_29_2024_12_00am_PDT-04_07_2024_12_00am_PDT.csv
3/29/24,2:24:19 PM,3/29/24,2:37:12 PM,4,b,,"20216 68th Ave W, Lynnwood, WA 98036, USA","1807 Larch Way, Lynnwood, WA 98036, USA",2013 Toyota Prius (New),business_personal_trip_log_03_29_2024_12_00am_PDT-04_07_2024_12_00am_PDT.csv
3/29/24,2:39:12 PM,3/29/24,2:41:48 PM,1.1,b,,"1515 Logan Rd, Lynnwood, WA 98036, USA","20019 6 W, Lynnwood, WA 98036, USA",2013 Toyota Prius (New),business_personal_trip_log_03_29_2024_12_00am_PDT-04_07_2024_12_00am_PDT.csv
3/29/24,3:42:59 PM,3/29/24,4:20:12 PM,16,p,,"20019 6 W, Lynnwood, WA 98036, USA","8102 Evergreen Way, Everett, WA 98203, USA",2013 Toyota Prius (New),business_personal_trip_log_03_29_2024_12_00am_PDT-04_07_2024_12_00am_PDT.csv
3/29/24,4:43:16 PM,3/29/24,5:09:23 PM,9.01,b,,"8102 Evergreen Way, Everett, WA 98203, USA","7825 Evergreen Way, Everett, WA 98203, USA",2013 Toyota Prius (New),business_personal_trip_log_03_29_2024_12_00am_PDT-04_07_2024_12_00am_PDT.csv
3/29/24,5:19:26 PM,3/29/24,6:01:41 PM,17,b,,"7825 Evergreen Way, Everett, WA 98203, USA","9804 79th Dr NE, Marysville, WA 98270, USA",2013 Toyota Prius (New),business_personal_trip_log_03_29_2024_12_00am_PDT-04_07_2024_12_00am_PDT.csv
3/29/24,6:18:26 PM,3/29/24,6:24:44 PM,2,p,,"9804 79th Dr NE, Marysville, WA 98270, USA","9330 State Ave, Marysville, WA 98270, USA",2013 Toyota Prius (New),business_personal_trip_log_03_29_2024_12_00am_PDT-04_07_2024_12_00am_PDT.csv
3/29/24,7:15:18 PM,3/29/24,7:22:53 PM,3,p,,"9330 State Ave, Marysville, WA 98270, USA","9804 79th Dr NE, Marysville, WA 98270, USA",2013 Toyota Prius (New),business_personal_trip_log_03_29_2024_12_00am_PDT-04_07_2024_12_00am_PDT.csv
3/30/24,8:40:20 AM,3/30/24,8:58:09 AM,10.1,p,,"9804 79th Dr NE, Marysville, WA 98270, USA","19203 Smokey Point Blvd, Arlington, WA 98223, USA",2013 Toyota Prius (New),business_personal_trip_log_03_29_2024_12_00am_PDT-04_07_2024_12_00am_PDT.csv
3/30/24,9:24:55 AM,3/30/24,9:40:47 AM,9,p,,"19203 Smokey Point Blvd, Arlington, WA 98223, USA","9804 79th Dr NE, Marysville, WA 98270, USA",2013 Toyota Prius (New),business_personal_trip_log_03_29_2024_12_00am_PDT-04_07_2024_12_00am_PDT.csv
3/30/24,8:19:17 PM,3/30/24,8:54:14 PM,24.1,p,,"9804 79th Dr NE, Marysville, WA 98270, USA","20019 6 W, Lynnwood, WA 98036, USA",2013 Toyota Prius (New),business_personal_trip_log_03_29_2024_12_00am_PDT-04_07_2024_12_00am_PDT.csv
3/31/24,10:34:15 AM,3/31/24,10:48:00 AM,6.04,p,,"20019 6 W, Lynnwood, WA 98036, USA","4326 148th St SE, Bothell, WA 98012, USA",2013 Toyota Prius (New),business_personal_trip_log_03_29_2024_12_00am_PDT-04_07_2024_12_00am_PDT.csv
3/31/24,12:33:35 PM,3/31/24,12:50:29 PM,9,p,,"4326 148th St SE, Bothell, WA 98012, USA","5729 96th Dr SE, Snohomish, WA 98290, USA",2013 Toyota Prius (New),business_personal_trip_log_03_29_2024_12_00am_PDT-04_07_2024_12_00am_PDT.csv
3/31/24,12:52:29 PM,3/31/24,1:06:23 PM,6.12,p,,"9725 56th St SE, Snohomish, WA 98290, USA","2732 Soper Hill Rd, Lake Stevens, WA 98258, USA",2013 Toyota Prius (New),business_personal_trip_log_03_29_2024_12_00am_PDT-04_07_2024_12_00am_PDT.csv
3/31/24,1:12:04 PM,3/31/24,1:18:31 PM,3.05,p,,"2732 Soper Hill Rd, Lake Stevens, WA 98258, USA","10622 60th St NE, Lake Stevens, WA 98258, USA",2013 Toyota Prius (New),business_personal_trip_log_03_29_2024_12_00am_PDT-04_07_2024_12_00am_PDT.csv
3/31/24,8:04:57 PM,3/31/24,8:38:19 PM,22.1,p,,"10622 60th St NE, Lake Stevens, WA 98258, USA","20019 6 W, Lynnwood, WA 98036, USA",2013 Toyota Prius (New),business_personal_trip_log_03_29_2024_12_00am_PDT-04_07_2024_12_00am_PDT.csv
4/1/24,10:40:18 AM,4/1/24,11:11:31 AM,22.01,p,,"20019 6 W, Lynnwood, WA 98036, USA","4101 Beacon Ave S, Seattle, WA 98108, USA",2013 Toyota Prius (New),business_personal_trip_log_03_29_2024_12_00am_PDT-04_07_2024_12_00am_PDT.csv
4/1/24,11:40:14 AM,4/1/24,11:59:30 AM,15,p,,"4101 Beacon Ave S, Seattle, WA 98108, USA","4050 Maple Valley Hwy, Renton, WA 98058, USA",2013 Toyota Prius (New),business_personal_trip_log_03_29_2024_12_00am_PDT-04_07_2024_12_00am_PDT.csv
4/1/24,6:40:16 PM,4/1/24,7:14:03 PM,28.1,p,,"4050 Maple Valley Hwy, Renton, WA 98058, USA","20019 6 W, Lynnwood, WA 98036, USA",2013 Toyota Prius (New),business_personal_trip_log_03_29_2024_12_00am_PDT-04_07_2024_12_00am_PDT.csv
4/2/24,9:29:25 AM,4/2/24,9:38:41 AM,4.01,p,,"20019 6 W, Lynnwood, WA 98036, USA","18133 33rd Ave W, Lynnwood, WA 98037, USA",2013 Toyota Prius (New),business_personal_trip_log_03_29_2024_12_00am_PDT-04_07_2024_12_00am_PDT.csv
4/2/24,9:41:19 AM,4/2/24,9:49:19 AM,4,p,,"18133 33rd Ave W, Lynnwood, WA 98037, USA","14912 Highway 99, Lynnwood, WA 98087, USA",2013 Toyota Prius (New),business_personal_trip_log_03_29_2024_12_00am_PDT-04_07_2024_12_00am_PDT.csv
4/2/24,10:58:44 AM,4/2/24,11:31:50 AM,22,p,,"14912 Highway 99, Lynnwood, WA 98087, USA","10622 60th St NE, Lake Stevens, WA 98258, USA",2013 Toyota Prius (New),business_personal_trip_log_03_29_2024_12_00am_PDT-04_07_2024_12_00am_PDT.csv
4/2/24,11:34:45 AM,4/2/24,12:35:02 PM,42.09,p,,"10622 60th St NE, Lake Stevens, WA 98258, USA","3071 Shoreline Dr, Camano Island, WA 98282, USA",2013 Toyota Prius (New),business_personal_trip_log_03_29_2024_12_00am_PDT-04_07_2024_12_00am_PDT.csv
4/3/24,6:28:36 PM,4/3/24,6:50:08 PM,12.97,p,,"3121 Shoreline Dr, Camano Island, WA 98282, USA","848 N Sunrise Blvd, Camano Island, WA 98282, USA",2013 Toyota Prius (New),business_personal_trip_log_03_29_2024_12_00am_PDT-04_07_2024_12_00am_PDT.csv
4/3/24,8:27:29 PM,4/3/24,9:15:38 PM,43.09,p,,"848 N Sunrise Blvd, Camano Island, WA 98282, USA","20019 6th Pl W, Lynnwood, WA 98036, USA",2013 Toyota Prius (New),business_personal_trip_log_03_29_2024_12_00am_PDT-04_07_2024_12_00am_PDT.csv
4/4/24,7:28:22 AM,4/4/24,7:35:36 AM,2,b,,"20019 6 W, Lynnwood, WA 98036, USA","19401 Alderwood Mall Pkwy, Lynnwood, WA 98036, USA",2013 Toyota Prius (New),business_personal_trip_log_03_29_2024_12_00am_PDT-04_07_2024_12_00am_PDT.csv
4/4/24,7:48:28 AM,4/4/24,8:05:42 AM,6.04,b,,"19401 Alderwood Mall Pkwy, Lynnwood, WA 98036, USA","20800 44th Ave W, Lynnwood, WA 98036, USA",2013 Toyota Prius (New),business_personal_trip_log_03_29_2024_12_00am_PDT-04_07_2024_12_00am_PDT.csv
4/4/24,8:12:32 AM,4/4/24,8:50:31 AM,12,b,,"20800 44th Ave W, Lynnwood, WA 98036, USA","15804 Highway 99, Lynnwood, WA 98087, USA",2013 Toyota Prius (New),business_personal_trip_log_03_29_2024_12_00am_PDT-04_07_2024_12_00am_PDT.csv
4/4/24,8:53:25 AM,4/4/24,9:01:31 AM,2,b,,"15804 Highway 99, Lynnwood, WA 98087, USA","2510 164th St SW, Lynnwood, WA 98087, USA",2013 Toyota Prius (New),business_personal_trip_log_03_29_2024_12_00am_PDT-04_07_2024_12_00am_PDT.csv
4/4/24,9:05:02 AM,4/4/24,9:18:01 AM,3,b,,"2510 164th St SW, Lynnwood, WA 98087, USA","16108 Ash Way, Lynnwood, WA 98087, USA",2013 Toyota Prius (New),business_personal_trip_log_03_29_2024_12_00am_PDT-04_07_2024_12_00am_PDT.csv
4/4/24,9:20:06 AM,4/4/24,9:27:01 AM,2,b,,"16108 Ash Way, Lynnwood, WA 98087, USA","14712 Meadow Rd, Lynnwood, WA 98087, USA",2013 Toyota Prius (New),business_personal_trip_log_03_29_2024_12_00am_PDT-04_07_2024_12_00am_PDT.csv
4/4/24,9:29:52 AM,4/4/24,9:34:01 AM,1,b,,"14712 Meadow Rd, Lynnwood, WA 98087, USA","1233 164th St SW, Lynnwood, WA 98087, USA",2013 Toyota Prius (New),business_personal_trip_log_03_29_2024_12_00am_PDT-04_07_2024_12_00am_PDT.csv
4/4/24,9:40:05 AM,4/4/24,9:40:42 AM,0.03,b,,"1233 164th St SW, Lynnwood, WA 98087, USA","1331 164th St SW, Lynnwood, WA 98087, USA",2013 Toyota Prius (New),business_personal_trip_log_03_29_2024_12_00am_PDT-04_07_2024_12_00am_PDT.csv
4/4/24,10:09:43 AM,4/4/24,10:18:24 AM,1.02,b,,"16521 13th Ave W, Lynnwood, WA 98037, USA","16605 6th Ave W, Lynnwood, WA 98037, USA",2013 Toyota Prius (New),business_personal_trip_log_03_29_2024_12_00am_PDT-04_07_2024_12_00am_PDT.csv
4/4/24,10:26:51 AM,4/4/24,10:33:04 AM,3.02,b,,"16524 6th Ave W, Lynnwood, WA 98037, USA","20019 6 W, Lynnwood, WA 98036, USA",2013 Toyota Prius (New),business_personal_trip_log_03_29_2024_12_00am_PDT-04_07_2024_12_00am_PDT.csv
4/4/24,10:43:51 AM,4/4/24,11:20:59 AM,21,p,,"20124 6 W, Lynnwood, WA 98036, USA","15220 SE 37th St, Bellevue, WA 98006, USA",2013 Toyota Prius (New),business_personal_trip_log_03_29_2024_12_00am_PDT-04_07_2024_12_00am_PDT.csv
4/4/24,11:23:03 AM,4/4/24,11:26:56 AM,1,p,,"15220 SE 37th St, Bellevue, WA 98006, USA","14350 SE Eastgate Way, Bellevue, WA 98007, USA",2013 Toyota Prius (New),business_personal_trip_log_03_29_2024_12_00am_PDT-04_07_2024_12_00am_PDT.csv
4/4/24,5:07:12 PM,4/4/24,5:13:11 PM,3,p,,"14350 SE Eastgate Way, Bellevue, WA 98007, USA","12523 SE 7th Pl, Bellevue, WA 98005, USA",2013 Toyota Prius (New),business_personal_trip_log_03_29_2024_12_00am_PDT-04_07_2024_12_00am_PDT.csv
4/4/24,5:17:02 PM,4/4/24,6:04:51 PM,17.09,p,,"12138 SE 10th St, Bellevue, WA 98005, USA","20019 6 W, Lynnwood, WA 98036, USA",2013 Toyota Prius (New),business_personal_trip_log_03_29_2024_12_00am_PDT-04_07_2024_12_00am_PDT.csv
4/6/24,10:17:18 AM,4/6/24,11:49:08 AM,80.01,p,,"20019 6 W, Lynnwood, WA 98036, USA","2217 E Gray Sea Eagle Ln SW, Olympia, WA 98512, USA",2013 Toyota Prius (New),business_personal_trip_log_03_29_2024_12_00am_PDT-04_07_2024_12_00am_PDT.csv
4/6/24,12:51:36 PM,4/6/24,12:55:03 PM,1,p,,"5082 Bald Eagle Ln SW, Olympia, WA 98512, USA","5325 Littlerock Rd SW, Tumwater, WA 98512, USA",2013 Toyota Prius (New),business_personal_trip_log_03_29_2024_12_00am_PDT-04_07_2024_12_00am_PDT.csv
4/6/24,12:59:03 PM,4/6/24,1:12:20 PM,10,p,,"501 Trosper Rd SW, Tumwater, WA 98512, USA","8302 Quinault Dr NE, Lacey, WA 98516, USA",2013 Toyota Prius (New),business_personal_trip_log_03_29_2024_12_00am_PDT-04_07_2024_12_00am_PDT.csv
4/6/24,1:14:59 PM,4/6/24,1:15:59 PM,0,p,,"8302 Quinault Dr NE, Lacey, WA 98516, USA","8302 Quinault Dr NE, Lacey, WA 98516, USA",2013 Toyota Prius (New),business_personal_trip_log_03_29_2024_12_00am_PDT-04_07_2024_12_00am_PDT.csv
4/6/24,1:20:21 PM,4/6/24,1:23:54 PM,0,p,,"8302 Quinault Dr NE, Lacey, WA 98516, USA","8316 Quinault Dr NE, Lacey, WA 98516, USA",2013 Toyota Prius (New),business_personal_trip_log_03_29_2024_12_00am_PDT-04_07_2024_12_00am_PDT.csv
4/6/24,1:39:31 PM,4/6/24,2:35:31 PM,31,p,,"8316 Quinault Dr NE, Lacey, WA 98516, USA","7515 145th Ave E, Sumner, WA 98390, USA",2013 Toyota Prius (New),business_personal_trip_log_03_29_2024_12_00am_PDT-04_07_2024_12_00am_PDT.csv
4/6/24,2:49:42 PM,4/6/24,2:56:34 PM,1,p,,"7520 145th Ave E, Sumner, WA 98390, USA","1906 Main St, Sumner, WA 98390, USA",2013 Toyota Prius (New),business_personal_trip_log_03_29_2024_12_00am_PDT-04_07_2024_12_00am_PDT.csv
4/6/24,2:58:57 PM,4/6/24,3:46:08 PM,38,p,,"1818 Main St, Sumner, WA 98390, USA","11834 NE 90th St, Kirkland, WA 98033, USA",2013 Toyota Prius (New),business_personal_trip_log_03_29_2024_12_00am_PDT-04_07_2024_12_00am_PDT.csv
4/6/24,3:49:48 PM,4/6/24,3:50:47 PM,0,p,,"11834 NE 90th St, Kirkland, WA 98033, USA","9224 Slater Ave NE, Kirkland, WA 98033, USA",2013 Toyota Prius (New),business_personal_trip_log_03_29_2024_12_00am_PDT-04_07_2024_12_00am_PDT.csv
4/6/24,3:52:51 PM,4/6/24,3:53:50 PM,0,p,,"9224 Slater Ave NE, Kirkland, WA 98033, USA","I-405, Kirkland, WA 98033, USA",2013 Toyota Prius (New),business_personal_trip_log_03_29_2024_12_00am_PDT-04_07_2024_12_00am_PDT.csv
4/6/24,3:56:05 PM,4/6/24,3:56:16 PM,0.01,p,,"I-405, Kirkland, WA 98033, USA","I-405, Kirkland, WA 98033, USA",2013 Toyota Prius (New),business_personal_trip_log_03_29_2024_12_00am_PDT-04_07_2024_12_00am_PDT.csv
4/6/24,3:58:47 PM,4/6/24,4:17:47 PM,12.01,p,,"I-405, Kirkland, WA 98033, USA","20019 6 W, Lynnwood, WA 98036, USA",2013 Toyota Prius (New),business_personal_trip_log_03_29_2024_12_00am_PDT-04_07_2024_12_00am_PDT.csv
4/6/24,5:02:20 PM,4/6/24,5:33:31 PM,9,b,,"20019 6 W, Lynnwood, WA 98036, USA","22807 44th Ave W, Mountlake Terrace, WA 98043, USA",2013 Toyota Prius (New),business_personal_trip_log_03_29_2024_12_00am_PDT-04_07_2024_12_00am_PDT.csv
4/6/24,6:00:01 PM,4/6/24,6:20:11 PM,5.01,b,,"22805 44th Ave W, Mountlake Terrace, WA 98043, USA","20019 6th Pl W, Lynnwood, WA 98036, USA",2013 Toyota Prius (New),business_personal_trip_log_03_29_2024_12_00am_PDT-04_07_2024_12_00am_PDT.csv
4/6/24,6:38:14 PM,4/6/24,7:04:10 PM,8.07,b,,"20019 6 W, Lynnwood, WA 98036, USA","21527 73rd Pl W, Edmonds, WA 98026, USA",2013 Toyota Prius (New),business_personal_trip_log_03_29_2024_12_00am_PDT-04_07_2024_12_00am_PDT.csv
4/6/24,7:07:50 PM,4/6/24,7:35:48 PM,9.08,b,,"21527 73rd Pl W, Edmonds, WA 98026, USA","20019 6 W, Lynnwood, WA 98036, USA",2013 Toyota Prius (New),business_personal_trip_log_03_29_2024_12_00am_PDT-04_07_2024_12_00am_PDT.csv
4/6/24,7:38:42 PM,4/6/24,7:56:42 PM,7,b,,"20019 6 W, Lynnwood, WA 98036, USA","20019 6 W, Lynnwood, WA 98036, USA",2013 Toyota Prius (New),business_personal_trip_log_03_29_2024_12_00am_PDT-04_07_2024_12_00am_PDT.csv
4/7/24,9:10:30 AM,4/7/24,9:23:35 AM,6,p,,"20019 6 W, Lynnwood, WA 98036, USA","4326 148th St SE, Bothell, WA 98012, USA",2013 Toyota Prius (New),business_personal_trip_log_04_07_2024_12_00am_PDT-04_08_2024_12_00am_PDT.csv
4/7/24,10:54:47 AM,4/7/24,10:58:47 AM,2,p,,Unknown,"13611 Puget Park Dr, Everett, WA 98208, USA",2013 Toyota Prius (New),business_personal_trip_log_04_07_2024_12_00am_PDT-04_08_2024_12_00am_PDT.csv
4/7/24,11:35:23 AM,4/7/24,11:36:10 AM,0.03,p,,"13611 Puget Park Dr, Everett, WA 98208, USA","13716 59th Ave SE, Everett, WA 98208, USA",2013 Toyota Prius (New),business_personal_trip_log_04_07_2024_12_00am_PDT-04_08_2024_12_00am_PDT.csv
4/7/24,12:46:01 PM,4/7/24,12:57:01 PM,4,p,,"13710 59th Ave SE, Everett, WA 98208, USA","16317 Bothell Everett Hwy, Bothell, WA 98012, USA",2013 Toyota Prius (New),business_personal_trip_log_04_07_2024_12_00am_PDT-04_08_2024_12_00am_PDT.csv
4/7/24,12:59:01 PM,4/7/24,1:07:44 PM,2.1,p,,"231 164th St SE, Bothell, WA 98012, USA","20019 6 W, Lynnwood, WA 98036, USA",2013 Toyota Prius (New),business_personal_trip_log_04_07_2024_12_00am_PDT-04_08_2024_12_00am_PDT.csv
4/8/24,5:20:03 PM,4/8/24,5:33:40 PM,4,b,,"20019 6 W, Lynnwood, WA 98036, USA","20406 41st Pl W, Lynnwood, WA 98036, USA",2013 Toyota Prius (New),business_personal_trip_log_04_08_2024_12_00am_PDT-04_09_2024_12_00am_PDT.csv
4/8/24,5:37:37 PM,4/8/24,5:49:22 PM,9.16,b,,"I-5, Lynnwood, WA 98036, USA","118 NE 100th St, Seattle, WA 98125, USA",2013 Toyota Prius (New),business_personal_trip_log_04_08_2024_12_00am_PDT-04_09_2024_12_00am_PDT.csv
4/8/24,5:58:48 PM,4/8/24,6:09:14 PM,2.01,b,,"10200 1st Ave NE, Seattle, WA 98125, USA","11726 Aurora Ave N, Seattle, WA 98133, USA",2013 Toyota Prius (New),business_personal_trip_log_04_08_2024_12_00am_PDT-04_09_2024_12_00am_PDT.csv
4/8/24,6:27:08 PM,4/8/24,6:30:51 PM,1.01,b,,"11726 Aurora Ave N, Seattle, WA 98133, USA","13020 Aurora Ave N, Seattle, WA 98133, USA",2013 Toyota Prius (New),business_personal_trip_log_04_08_2024_12_00am_PDT-04_09_2024_12_00am_PDT.csv
4/8/24,6:35:10 PM,4/8/24,6:57:31 PM,7.04,b,,"13020 Aurora Ave N, Seattle, WA 98133, USA","19615 Highway 99, Lynnwood, WA 98036, USA",2013 Toyota Prius (New),business_personal_trip_log_04_08_2024_12_00am_PDT-04_09_2024_12_00am_PDT.csv
4/8/24,7:08:17 PM,4/8/24,7:26:16 PM,4,b,,"19615 Highway 99, Lynnwood, WA 98036, USA","3100 196th St SW, Lynnwood, WA 98036, USA",2013 Toyota Prius (New),business_personal_trip_log_04_08_2024_12_00am_PDT-04_09_2024_12_00am_PDT.csv
4/8/24,8:16:39 PM,4/8/24,8:28:39 PM,5,b,,"3100 196th St SW, Lynnwood, WA 98036, USA","2409 219th Pl SE, Bothell, WA 98021, USA",2013 Toyota Prius (New),business_personal_trip_log_04_08_2024_12_00am_PDT-04_09_2024_12_00am_PDT.csv
4/8/24,8:30:39 PM,4/8/24,8:43:56 PM,5.06,b,,"2417 219th Pl SE, Bothell, WA 98021, USA","20019 6 W, Lynnwood, WA 98036, USA",2013 Toyota Prius (New),business_personal_trip_log_04_08_2024_12_00am_PDT-04_09_2024_12_00am_PDT.csv
4/9/24,11:51:18 AM,4/9/24,12:13:25 PM,5,b,,"20019 6 W, Lynnwood, WA 98036, USA","4615 196th St SW, Lynnwood, WA 98036, USA",2013 Toyota Prius (New),business_personal_trip_log_04_09_2024_12_00am_PDT-04_10_2024_12_00am_PDT.csv
4/9/24,12:44:14 PM,4/9/24,12:51:05 PM,1,b,,"4615 196th St SW, Lynnwood, WA 98036, USA","3810 196th St SW, Lynnwood, WA 98036, USA",2013 Toyota Prius (New),business_personal_trip_log_04_09_2024_12_00am_PDT-04_10_2024_12_00am_PDT.csv
4/9/24,12:53:05 PM,4/9/24,1:24:53 PM,11,b,,"3321 196th SW, Lynnwood, WA 98036, USA","13314 Bothell Everett Hwy, Mill Creek, WA 98012, USA",2013 Toyota Prius (New),business_personal_trip_log_04_09_2024_12_00am_PDT-04_10_2024_12_00am_PDT.csv
4/9/24,2:03:44 PM,4/9/24,2:10:12 PM,3,b,,"13314 Bothell Everett Hwy, Mill Creek, WA 98012, USA","12020 Airport Rd, Everett, WA 98204, USA",2013 Toyota Prius (New),business_personal_trip_log_04_09_2024_12_00am_PDT-04_10_2024_12_00am_PDT.csv
4/9/24,2:12:12 PM,4/9/24,2:36:03 PM,6.01,b,,"11521 Airport Rd, Everett, WA 98204, USA","3717 Harbour Pointe Blvd SW, Mukilteo, WA 98275, USA",2013 Toyota Prius (New),business_personal_trip_log_04_09_2024_12_00am_PDT-04_10_2024_12_00am_PDT.csv
4/9/24,2:53:01 PM,4/9/24,2:57:18 PM,1,b,,"3717 Harbour Pointe Blvd SW, Mukilteo, WA 98275, USA","12303 Harbour Pointe Blvd, Mukilteo, WA 98275, USA",2013 Toyota Prius (New),business_personal_trip_log_04_09_2024_12_00am_PDT-04_10_2024_12_00am_PDT.csv
4/9/24,2:59:22 PM,4/9/24,3:14:35 PM,6,b,,"12303 Harbour Pointe Blvd, Mukilteo, WA 98275, USA","3101 184th St SW, Lynnwood, WA 98037, USA",2013 Toyota Prius (New),business_personal_trip_log_04_09_2024_12_00am_PDT-04_10_2024_12_00am_PDT.csv
4/9/24,3:42:54 PM,4/9/24,3:57:47 PM,5,b,,"3216 184th St SW, Lynnwood, WA 98037, USA","12909 Mukilteo Speedway, Lynnwood, WA 98087, USA",2013 Toyota Prius (New),business_personal_trip_log_04_09_2024_12_00am_PDT-04_10_2024_12_00am_PDT.csv
4/9/24,3:59:47 PM,4/9/24,4:11:27 PM,4,b,,"12223 Mukilteo Speedway, Lynnwood, WA 98087, USA","12809 Beverly Park Rd, Lynnwood, WA 98087, USA",2013 Toyota Prius (New),business_personal_trip_log_04_09_2024_12_00am_PDT-04_10_2024_12_00am_PDT.csv
4/9/24,4:34:33 PM,4/9/24,4:40:37 PM,3,b,,"12811 Beverly Park Rd, Lynnwood, WA 98087, USA","17955 Alderwood Mall Pkwy, Lynnwood, WA 98037, USA",2013 Toyota Prius (New),business_personal_trip_log_04_09_2024_12_00am_PDT-04_10_2024_12_00am_PDT.csv
4/9/24,4:42:52 PM,4/9/24,5:22:44 PM,12,b,,"17955 Alderwood Mall Pkwy, Lynnwood, WA 98037, USA","1101 164th St SW, Lynnwood, WA 98087, USA",2013 Toyota Prius (New),business_personal_trip_log_04_09_2024_12_00am_PDT-04_10_2024_12_00am_PDT.csv
4/9/24,5:27:44 PM,4/9/24,6:33:04 PM,35.83,b,,"16304 Motor Pl, Lynnwood, WA 98087, USA","20019 6 W, Lynnwood, WA 98036, USA",2013 Toyota Prius (New),business_personal_trip_log_04_09_2024_12_00am_PDT-04_10_2024_12_00am_PDT.csv
4/10/24,9:40:49 AM,4/10/24,9:58:14 AM,8,p,,"20019 6 W, Lynnwood, WA 98036, USA","4500 Harbour Pointe Blvd, Mukilteo, WA 98275, USA",2013 Toyota Prius (New),business_personal_trip_log_04_10_2024_12_00am_PDT-04_11_2024_12_00am_PDT.csv
4/10/24,11:33:25 AM,4/10/24,11:47:00 AM,5.01,p,,"10601 47th Pl W, Mukilteo, WA 98275, USA","18199 33rd Ave W, Lynnwood, WA 98037, USA",2013 Toyota Prius (New),business_personal_trip_log_04_10_2024_12_00am_PDT-04_11_2024_12_00am_PDT.csv
4/10/24,11:49:40 AM,4/10/24,11:59:39 AM,3,p,,"18133 33rd Ave W, Lynnwood, WA 98037, USA","608 200th Pl SW, Lynnwood, WA 98036, USA",2013 Toyota Prius (New),business_personal_trip_log_04_10_2024_12_00am_PDT-04_11_2024_12_00am_PDT.csv
4/10/24,12:01:47 PM,4/10/24,12:02:09 PM,0.02,p,,"608 200th Pl SW, Lynnwood, WA 98036, USA","20019 6 W, Lynnwood, WA 98036, USA",2013 Toyota Prius (New),business_personal_trip_log_04_10_2024_12_00am_PDT-04_11_2024_12_00am_PDT.csv
4/10/24,12:33:45 PM,4/10/24,12:44:16 PM,4,b,,"20019 6 W, Lynnwood, WA 98036, USA","22802 Bothell-Everett Hw, Bothell, WA 98021, USA",2013 Toyota Prius (New),business_personal_trip_log_04_10_2024_12_00am_PDT-04_11_2024_12_00am_PDT.csv
4/10/24,12:46:46 PM,4/10/24,12:48:39 PM,0.02,b,,"1317 228th St SE, Bothell, WA 98021, USA","22833 Bothell Everett Hwy, Bothell, WA 98021, USA",2013 Toyota Prius (New),business_personal_trip_log_04_10_2024_12_00am_PDT-04_11_2024_12_00am_PDT.csv
4/10/24,1:16:59 PM,4/10/24,1:26:52 PM,4,b,,"22833 Bothell Everett Hwy, Bothell, WA 98021, USA","20019 6 W, Lynnwood, WA 98036, USA",2013 Toyota Prius (New),business_personal_trip_log_04_10_2024_12_00am_PDT-04_11_2024_12_00am_PDT.csv
4/10/24,1:31:55 PM,4/10/24,1:53:52 PM,9,b,,"608 200th Pl SW, Lynnwood, WA 98036, USA","13619 Mukilteo Speedway, Lynnwood, WA 98087, USA",2013 Toyota Prius (New),business_personal_trip_log_04_10_2024_12_00am_PDT-04_11_2024_12_00am_PDT.csv
4/10/24,1:56:29 PM,4/10/24,2:14:53 PM,5,b,,"13632 Highway 99, Lynnwood, WA 98087, USA","11700 Mukilteo Speedway, Mukilteo, WA 98275, USA",2013 Toyota Prius (New),business_personal_trip_log_04_10_2024_12_00am_PDT-04_11_2024_12_00am_PDT.csv
4/10/24,2:21:02 PM,4/10/24,2:25:18 PM,1,b,,"11800 Mukilteo Speedway, Mukilteo, WA 98275, USA","4770 Arbors Cir, Mukilteo, WA 98275, USA",2013 Toyota Prius (New),business_personal_trip_log_04_10_2024_12_00am_PDT-04_11_2024_12_00am_PDT.csv
4/10/24,2:27:46 PM,4/10/24,3:02:52 PM,12,b,,"4786 Arbors Cir, Mukilteo, WA 98275, USA","17308 Highway 99, Lynnwood, WA 98037, USA",2013 Toyota Prius (New),business_personal_trip_log_04_10_2024_12_00am_PDT-04_11_2024_12_00am_PDT.csv
4/10/24,3:05:52 PM,4/10/24,3:09:45 PM,1,b,,"18420 Highway 99, Lynnwood, WA 98037, USA","19615 Highway 99, Lynnwood, WA 98036, USA",2013 Toyota Prius (New),business_personal_trip_log_04_10_2024_12_00am_PDT-04_11_2024_12_00am_PDT.csv
4/10/24,3:14:07 PM,4/10/24,3:17:56 PM,1,b,,"19615 Highway 99, Lynnwood, WA 98036, USA","5721 200th St SW, Lynnwood, WA 98036, USA",2013 Toyota Prius (New),business_personal_trip_log_04_10_2024_12_00am_PDT-04_11_2024_12_00am_PDT.csv
4/10/24,3:20:06 PM,4/10/24,3:26:42 PM,1.01,b,,"5721 200th St SW, Lynnwood, WA 98036, USA","4030 Alderwood Mall Blvd, Lynnwood, WA 98036, USA",2013 Toyota Prius (New),business_personal_trip_log_04_10_2024_12_00am_PDT-04_11_2024_12_00am_PDT.csv
4/10/24,3:41:14 PM,4/10/24,3:50:13 PM,3,b,,"4030 Alderwood Mall Blvd, Lynnwood, WA 98036, USA","3611 196th St SW, Lynnwood, WA 98036, USA",2013 Toyota Prius (New),business_personal_trip_log_04_10_2024_12_00am_PDT-04_11_2024_12_00am_PDT.csv
4/10/24,3:52:13 PM,4/10/24,3:52:13 PM,0,b,,"4323 196th St SW, Lynnwood, WA 98036, USA","4323 196th St SW, Lynnwood, WA 98036, USA",2013 Toyota Prius (New),business_personal_trip_log_04_10_2024_12_00am_PDT-04_11_2024_12_00am_PDT.csv
4/10/24,3:54:13 PM,4/10/24,4:02:46 PM,1.05,b,,"19610 44th Ave W, Lynnwood, WA 98036, USA","4114 198th St SW, Lynnwood, WA 98036, USA",2013 Toyota Prius (New),business_personal_trip_log_04_10_2024_12_00am_PDT-04_11_2024_12_00am_PDT.csv
4/10/24,4:23:09 PM,4/10/24,4:27:22 PM,0.08,b,,"4114 198th St SW, Lynnwood, WA 98036, USA","4201 198th St SW, Lynnwood, WA 98036, USA",2013 Toyota Prius (New),business_personal_trip_log_04_10_2024_12_00am_PDT-04_11_2024_12_00am_PDT.csv
4/10/24,4:31:46 PM,4/10/24,4:54:48 PM,7,b,,"4210 198th St SW, Lynnwood, WA 98036, USA","14826 Highway 99, Lynnwood, WA 98087, USA",2013 Toyota Prius (New),business_personal_trip_log_04_10_2024_12_00am_PDT-04_11_2024_12_00am_PDT.csv
4/10/24,5:09:06 PM,4/10/24,5:24:45 PM,3,b,,"14826 Highway 99, Lynnwood, WA 98087, USA","16327 Ash Way, Lynnwood, WA 98087, USA",2013 Toyota Prius (New),business_personal_trip_log_04_10_2024_12_00am_PDT-04_11_2024_12_00am_PDT.csv
4/10/24,5:31:45 PM,4/10/24,5:32:44 PM,0,b,,"16327 Ash Way, Lynnwood, WA 98087, USA",Unknown,2013 Toyota Prius (New),business_personal_trip_log_04_10_2024_12_00am_PDT-04_11_2024_12_00am_PDT.csv
4/10/24,5:39:12 PM,4/10/24,5:39:44 PM,0,b,,"16108 Ash Way, Lynnwood, WA 98087, USA","16110 Ash Way, Lynnwood, WA 98087, USA",2013 Toyota Prius (New),business_personal_trip_log_04_10_2024_12_00am_PDT-04_11_2024_12_00am_PDT.csv
4/10/24,5:42:28 PM,4/10/24,6:07:55 PM,9.02,b,,"16216 Ash Way, Lynnwood, WA 98087, USA","20019 6 W, Lynnwood, WA 98036, USA",2013 Toyota Prius (New),business_personal_trip_log_04_10_2024_12_00am_PDT-04_11_2024_12_00am_PDT.csv
4/11/24,4:10:28 AM,4/11/24,4:47:23 AM,30.02,p,,"20019 6 W, Lynnwood, WA 98036, USA","3610 S 158th St, Tukwila, WA 98188, USA",2013 Toyota Prius (New),business_personal_trip_log_04_11_2024_12_00am_PDT-04_12_2024_12_00am_PDT.csv
4/16/24,10:35:16 PM,4/16/24,11:12:38 PM,29.01,p,,"3851 S 158th St, Seattle, WA 98188, USA","20019 6 W, Lynnwood, WA 98036, USA",2013 Toyota Prius (New),business_personal_trip_log_04_16_2024_12_00am_PDT-04_17_2024_12_00am_PDT.csv
4/17/24,10:23:03 AM,4/17/24,10:33:02 AM,4,b,,"20019 6 W, Lynnwood, WA 98036, USA","18109 33rd Ave W, Lynnwood, WA 98037, USA",2013 Toyota Prius (New),business_personal_trip_log_04_17_2024_12_00am_PDT-04_18_2024_12_00am_PDT.csv
4/17/24,11:16:45 AM,4/17/24,11:21:46 AM,1.06,b,,"18109 33rd Ave W, Lynnwood, WA 98037, USA","2927 Alderwood Mall Blvd, Lynnwood, WA 98036, USA",2013 Toyota Prius (New),business_personal_trip_log_04_17_2024_12_00am_PDT-04_18_2024_12_00am_PDT.csv
4/17/24,11:24:09 AM,4/17/24,11:25:01 AM,0,b,,"2927 Alderwood Mall Blvd, Lynnwood, WA 98036, USA","2927 Alderwood Mall Blvd, Lynnwood, WA 98036, USA",2013 Toyota Prius (New),business_personal_trip_log_04_17_2024_12_00am_PDT-04_18_2024_12_00am_PDT.csv
4/17/24,11:40:16 AM,4/17/24,11:49:22 AM,2,b,,"2927 Alderwood Mall Blvd, Lynnwood, WA 98036, USA","18604 52nd Ave W, Lynnwood, WA 98037, USA",2013 Toyota Prius (New),business_personal_trip_log_04_17_2024_12_00am_PDT-04_18_2024_12_00am_PDT.csv
4/17/24,11:52:40 AM,4/17/24,11:57:39 AM,1,b,,"18604 52nd Ave W, Lynnwood, WA 98037, USA","4424 196th St SW, Lynnwood, WA 98036, USA",2013 Toyota Prius (New),business_personal_trip_log_04_17_2024_12_00am_PDT-04_18_2024_12_00am_PDT.csv
4/17/24,11:59:39 AM,4/17/24,12:09:12 PM,4.1,b,,"3925 196th St SW, Lynnwood, WA 98036, USA","20013 6th Pl W, Lynnwood, WA 98036, USA",2013 Toyota Prius (New),business_personal_trip_log_04_17_2024_12_00am_PDT-04_18_2024_12_00am_PDT.csv
4/17/24,1:16:20 PM,4/17/24,1:34:44 PM,8,p,,"20012 6 W, Lynnwood, WA 98036, USA","10601 47th Pl W, Mukilteo, WA 98275, USA",2013 Toyota Prius (New),business_personal_trip_log_04_17_2024_12_00am_PDT-04_18_2024_12_00am_PDT.csv
4/17/24,2:58:04 PM,4/17/24,3:02:56 PM,1,b,,"4500 Harbour Pointe Blvd, Mukilteo, WA 98275, USA","11700 Mukilteo Speedway, Mukilteo, WA 98275, USA",2013 Toyota Prius (New),business_personal_trip_log_04_17_2024_12_00am_PDT-04_18_2024_12_00am_PDT.csv
4/17/24,3:12:15 PM,4/17/24,3:58:59 PM,15,b,,"11700 Mukilteo Speedway, Mukilteo, WA 98275, USA","1220 228th St SE, Bothell, WA 98021, USA",2013 Toyota Prius (New),business_personal_trip_log_04_17_2024_12_00am_PDT-04_18_2024_12_00am_PDT.csv
4/17/24,4:04:18 PM,4/17/24,4:10:45 PM,1.01,b,,"1220 228th St SE, Bothell, WA 98021, USA","21045 Bothell Everett Hwy, Bothell, WA 98021, USA",2013 Toyota Prius (New),business_personal_trip_log_04_17_2024_12_00am_PDT-04_18_2024_12_00am_PDT.csv
4/17/24,4:34:24 PM,4/17/24,4:36:24 PM,1,b,,"21045 Bothell Everett Hwy, Bothell, WA 98021, USA","20711 Bothell Everett Hwy, Bothell, WA 98012, USA",2013 Toyota Prius (New),business_personal_trip_log_04_17_2024_12_00am_PDT-04_18_2024_12_00am_PDT.csv
4/17/24,5:04:08 PM,4/17/24,5:08:44 PM,1.02,b,,"20711 Bothell Everett Hwy, Bothell, WA 98012, USA","21525 16th Dr SE, Bothell, WA 98021, USA",2013 Toyota Prius (New),business_personal_trip_log_04_17_2024_12_00am_PDT-04_18_2024_12_00am_PDT.csv
4/17/24,5:13:35 PM,4/17/24,5:27:58 PM,5,b,,"21525 16th Dr SE, Bothell, WA 98021, USA","2701 184th St SW, Lynnwood, WA 98037, USA",2013 Toyota Prius (New),business_personal_trip_log_04_17_2024_12_00am_PDT-04_18_2024_12_00am_PDT.csv
4/17/24,5:36:52 PM,4/17/24,6:04:13 PM,12,b,,"2701 184th St SW, Lynnwood, WA 98037, USA","14221 NE 181st Pl, Woodinville, WA 98072, USA",2013 Toyota Prius (New),business_personal_trip_log_04_17_2024_12_00am_PDT-04_18_2024_12_00am_PDT.csv
4/17/24,6:09:08 PM,4/17/24,6:18:12 PM,2.01,b,,"14222 NE 181st Pl, Woodinville, WA 98072, USA","24008 Snohomish Woodinville Rd, Woodinville, WA 98072, USA",2013 Toyota Prius (New),business_personal_trip_log_04_17_2024_12_00am_PDT-04_18_2024_12_00am_PDT.csv
4/17/24,6:32:12 PM,4/17/24,7:04:18 PM,11.16,b,,"24008 Snohomish Woodinville Rd, Woodinville, WA 98072, USA","22833 Bothell Everett Hwy, Bothell, WA 98021, USA",2013 Toyota Prius (New),business_personal_trip_log_04_17_2024_12_00am_PDT-04_18_2024_12_00am_PDT.csv
4/17/24,7:20:01 PM,4/17/24,7:29:15 PM,3.11,b,,"22833 Bothell Everett Hwy, Bothell, WA 98021, USA","20019 6th Pl W, Lynnwood, WA 98036, USA",2013 Toyota Prius (New),business_personal_trip_log_04_17_2024_12_00am_PDT-04_18_2024_12_00am_PDT.csv
4/18/24,9:16:04 AM,4/18/24,9:27:42 AM,4.09,b,,"20019 6 W, Lynnwood, WA 98036, USA","21045 Bothell Everett Hwy, Bothell, WA 98021, USA",2013 Toyota Prius (New),business_personal_trip_log_04_18_2024_12_00am_PDT-04_19_2024_12_00am_PDT.csv
4/18/24,10:41:20 AM,4/18/24,10:51:02 AM,4.01,b,,"21045 Bothell Everett Hwy, Bothell, WA 98021, USA","525 Hubbard Rd, Lynnwood, WA 98036, USA",2013 Toyota Prius (New),business_personal_trip_log_04_18_2024_12_00am_PDT-04_19_2024_12_00am_PDT.csv
4/18/24,10:53:47 AM,4/18/24,11:09:09 AM,4,b,,"525 Hubbard Rd, Lynnwood, WA 98036, USA","18109 33rd Ave W, Lynnwood, WA 98037, USA",2013 Toyota Prius (New),business_personal_trip_log_04_18_2024_12_00am_PDT-04_19_2024_12_00am_PDT.csv
4/18/24,12:29:31 PM,4/18/24,12:35:08 PM,1.05,b,,"18109 33rd Ave W, Lynnwood, WA 98037, USA","19105 36th Ave W, Lynnwood, WA 98036, USA",2013 Toyota Prius (New),business_personal_trip_log_04_18_2024_12_00am_PDT-04_19_2024_12_00am_PDT.csv
4/18/24,12:41:18 PM,4/18/24,12:56:45 PM,6,b,,"19109 36th Ave W, Lynnwood, WA 98036, USA","6306 NE 192nd Ct, Kenmore, WA 98028, USA",2013 Toyota Prius (New),business_personal_trip_log_04_18_2024_12_00am_PDT-04_19_2024_12_00am_PDT.csv
4/18/24,12:59:13 PM,4/18/24,1:10:47 PM,4.1,b,,"6314 NE 192nd Ct, Kenmore, WA 98028, USA","20019 6th Pl W, Lynnwood, WA 98036, USA",2013 Toyota Prius (New),business_personal_trip_log_04_18_2024_12_00am_PDT-04_19_2024_12_00am_PDT.csv
4/18/24,2:07:04 PM,4/18/24,3:03:33 PM,19.02,b,,"20019 6 W, Lynnwood, WA 98036, USA","10803 16th Ave SE, Everett, WA 98208, USA",2013 Toyota Prius (New),business_personal_trip_log_04_18_2024_12_00am_PDT-04_19_2024_12_00am_PDT.csv
4/18/24,3:18:01 PM,4/18/24,3:26:31 PM,2,b,,"10801 16th Ave SE, Everett, WA 98208, USA","12906 19th Ave SE, Everett, WA 98208, USA",2013 Toyota Prius (New),business_personal_trip_log_04_18_2024_12_00am_PDT-04_19_2024_12_00am_PDT.csv
4/18/24,3:30:09 PM,4/18/24,3:42:26 PM,4,b,,"12906 19th Ave SE, Everett, WA 98208, USA","16317 Bothell Everett Hwy, Bothell, WA 98012, USA",2013 Toyota Prius (New),business_personal_trip_log_04_18_2024_12_00am_PDT-04_19_2024_12_00am_PDT.csv
4/18/24,3:44:26 PM,4/18/24,3:57:18 PM,4,b,,"16708 Bothell Everett Hwy, Mill Creek, WA 98012, USA","20715 Bothell Everett Hwy, Bothell, WA 98012, USA",2013 Toyota Prius (New),business_personal_trip_log_04_18_2024_12_00am_PDT-04_19_2024_12_00am_PDT.csv
4/18/24,3:59:38 PM,4/18/24,4:09:41 PM,3,b,,"20715 Bothell Everett Hwy, Bothell, WA 98012, USA","20715 Bothell Everett Hwy, Bothell, WA 98012, USA",2013 Toyota Prius (New),business_personal_trip_log_04_18_2024_12_00am_PDT-04_19_2024_12_00am_PDT.csv
4/18/24,4:13:02 PM,4/18/24,4:14:27 PM,0,b,,"20715 Bothell Everett Hwy, Bothell, WA 98012, USA","20804 Bothell-Everett, Bothell, WA 98021, USA",2013 Toyota Prius (New),business_personal_trip_log_04_18_2024_12_00am_PDT-04_19_2024_12_00am_PDT.csv
4/18/24,4:16:50 PM,4/18/24,4:35:40 PM,6,b,,"20804 Bothell Everett Hwy, Bothell, WA 98021, USA","11 228th St SE, Bothell, WA 98021, USA",2013 Toyota Prius (New),business_personal_trip_log_04_18_2024_12_00am_PDT-04_19_2024_12_00am_PDT.csv
4/18/24,4:37:40 PM,4/18/24,4:51:31 PM,5,b,,"1031 228th St SW, Bothell, WA 98021, USA","20007 44th Ave W, Lynnwood, WA 98036, USA",2013 Toyota Prius (New),business_personal_trip_log_04_18_2024_12_00am_PDT-04_19_2024_12_00am_PDT.csv
4/18/24,4:53:31 PM,4/18/24,4:53:31 PM,0,b,,"19399 44th Ave W, Lynnwood, WA 98036, USA","19399 44th Ave W, Lynnwood, WA 98036, USA",2013 Toyota Prius (New),business_personal_trip_log_04_18_2024_12_00am_PDT-04_19_2024_12_00am_PDT.csv
4/18/24,4:54:31 PM,4/18/24,5:17:24 PM,5,b,,"4325 188th St SW, Lynnwood, WA 98037, USA","2701 184th St SW, Lynnwood, WA 98037, USA",2013 Toyota Prius (New),business_personal_trip_log_04_18_2024_12_00am_PDT-04_19_2024_12_00am_PDT.csv
4/18/24,5:24:21 PM,4/18/24,5:33:00 PM,3,b,,"2701 184th St SW, Lynnwood, WA 98037, USA","19317 7 W, Lynnwood, WA 98036, USA",2013 Toyota Prius (New),business_personal_trip_log_04_18_2024_12_00am_PDT-04_19_2024_12_00am_PDT.csv
4/18/24,5:35:04 PM,4/18/24,5:37:44 PM,1.09,b,,"19306 7 W, Lynnwood, WA 98036, USA","20019 6 W, Lynnwood, WA 98036, USA",2013 Toyota Prius (New),business_personal_trip_log_04_18_2024_12_00am_PDT-04_19_2024_12_00am_PDT.csv
4/19/24,12:42:35 PM,4/19/24,1:03:42 PM,8,p,,"20019 6 W, Lynnwood, WA 98036, USA","10601 47th Pl W, Mukilteo, WA 98275, USA",2013 Toyota Prius (New),business_personal_trip_log_04_19_2024_12_00am_PDT-04_20_2024_12_00am_PDT.csv
4/19/24,2:33:58 PM,4/19/24,2:37:04 PM,1.02,b,,"10601 47th Pl W, Mukilteo, WA 98275, USA","11700 Mukilteo Speedway, Mukilteo, WA 98275, USA",2013 Toyota Prius (New),business_personal_trip_log_04_19_2024_12_00am_PDT-04_20_2024_12_00am_PDT.csv
4/19/24,2:40:36 PM,4/19/24,2:52:52 PM,4.07,b,,"11700 Mukilteo Speedway, Mukilteo, WA 98275, USA","2701 184th St SW, Lynnwood, WA 98037, USA",2013 Toyota Prius (New),business_personal_trip_log_04_19_2024_12_00am_PDT-04_20_2024_12_00am_PDT.csv
4/19/24,2:57:11 PM,4/19/24,3:08:44 PM,2,b,,"2701 184th St SW, Lynnwood, WA 98037, USA","2701 184th St SW, Lynnwood, WA 98037, USA",2013 Toyota Prius (New),business_personal_trip_log_04_19_2024_12_00am_PDT-04_20_2024_12_00am_PDT.csv
4/19/24,3:32:59 PM,4/19/24,4:08:43 PM,14.02,b,,"2701 184th St SW, Lynnwood, WA 98037, USA","9914 Kenwanda Dr, Snohomish, WA 98296, USA",2013 Toyota Prius (New),business_personal_trip_log_04_19_2024_12_00am_PDT-04_20_2024_12_00am_PDT.csv
4/19/24,4:12:39 PM,4/19/24,4:44:14 PM,11,b,,"9914 Kenwanda Dr, Snohomish, WA 98296, USA","1902 98th St SE, Everett, WA 98208, USA",2013 Toyota Prius (New),business_personal_trip_log_04_19_2024_12_00am_PDT-04_20_2024_12_00am_PDT.csv
4/19/24,4:48:14 PM,4/19/24,4:49:14 PM,0,b,,"9508 19th Ave SE, Everett, WA 98208, USA","303 19th Ave SE, Everett, WA 98208, USA",2013 Toyota Prius (New),business_personal_trip_log_04_19_2024_12_00am_PDT-04_20_2024_12_00am_PDT.csv
4/19/24,4:51:14 PM,4/19/24,4:58:45 PM,1,b,,"Eastmont Park & Ride Bay 1, Everett, WA 98208, USA","7825 Evergreen Way, Everett, WA 98203, USA",2013 Toyota Prius (New),business_personal_trip_log_04_19_2024_12_00am_PDT-04_20_2024_12_00am_PDT.csv
4/19/24,5:00:45 PM,4/19/24,5:42:44 PM,14,b,,"7301 Evergreen Way, Everett, WA 98203, USA","10200 19th Ave SE, Everett, WA 98208, USA",2013 Toyota Prius (New),business_personal_trip_log_04_19_2024_12_00am_PDT-04_20_2024_12_00am_PDT.csv
4/19/24,5:44:50 PM,4/19/24,5:45:49 PM,1,b,,"10200 19th Ave SE, Everett, WA 98208, USA","10200 19th Ave SE, Everett, WA 98208, USA",2013 Toyota Prius (New),business_personal_trip_log_04_19_2024_12_00am_PDT-04_20_2024_12_00am_PDT.csv
4/19/24,6:03:00 PM,4/19/24,6:23:19 PM,4.01,b,,"10200 19th Ave SE, Everett, WA 98208, USA","13314 Bothell Everett Hwy, Mill Creek, WA 98012, USA",2013 Toyota Prius (New),business_personal_trip_log_04_19_2024_12_00am_PDT-04_20_2024_12_00am_PDT.csv
4/19/24,6:34:04 PM,4/19/24,6:58:38 PM,14.02,b,,"13314 Bothell Everett Hwy, Mill Creek, WA 98012, USA","13305 NE 171st St, Woodinville, WA 98072, USA",2013 Toyota Prius (New),business_personal_trip_log_04_19_2024_12_00am_PDT-04_20_2024_12_00am_PDT.csv
4/19/24,7:02:05 PM,4/19/24,7:19:51 PM,8,b,,"13305 NE 171st St, Woodinville, WA 98072, USA","20019 6 W, Lynnwood, WA 98036, USA",2013 Toyota Prius (New),business_personal_trip_log_04_19_2024_12_00am_PDT-04_20_2024_12_00am_PDT.csv
4/20/24,10:09:39 AM,4/20/24,10:12:04 AM,0.08,p,,"20019 6 W, Lynnwood, WA 98036, USA","222 196th Pl SW, Lynnwood, WA 98036, USA",2013 Toyota Prius (New),business_personal_trip_log_04_20_2024_12_00am_PDT-04_21_2024_12_00am_PDT.csv
4/20/24,10:17:33 AM,4/20/24,10:26:15 AM,4.04,p,,"215 196th Pl SW, Bothell, WA 98012, USA","16510 14th Ave SE, Mill Creek, WA 98012, USA",2013 Toyota Prius (New),business_personal_trip_log_04_20_2024_12_00am_PDT-04_21_2024_12_00am_PDT.csv
4/20/24,10:37:51 AM,4/20/24,11:11:36 AM,12.09,p,,"16612 14th Ave SE, Mill Creek, WA 98012, USA","20019 6 W, Lynnwood, WA 98036, USA",2013 Toyota Prius (New),business_personal_trip_log_04_20_2024_12_00am_PDT-04_21_2024_12_00am_PDT.csv
4/20/24,12:18:57 PM,4/20/24,1:03:35 PM,16,b,,"20019 6 W, Lynnwood, WA 98036, USA","2102 Hewitt Ave, Everett, WA 98201, USA",2013 Toyota Prius (New),business_personal_trip_log_04_20_2024_12_00am_PDT-04_21_2024_12_00am_PDT.csv
4/20/24,1:05:35 PM,4/20/24,2:07:50 PM,26,b,,"2220 Broadway, Everett, WA 98201, USA","2405 Cedar St, Everett, WA 98201, USA",2013 Toyota Prius (New),business_personal_trip_log_04_20_2024_12_00am_PDT-04_21_2024_12_00am_PDT.csv
4/20/24,2:09:50 PM,4/20/24,2:39:34 PM,15.01,b,,"2331 Cedar St, Everett, WA 98201, USA","2216 State Route 530 NE, Arlington, WA 98223, USA",2013 Toyota Prius (New),business_personal_trip_log_04_20_2024_12_00am_PDT-04_21_2024_12_00am_PDT.csv
4/20/24,2:44:12 PM,4/20/24,3:06:55 PM,10,b,,"2216 State Route 530 NE, Arlington, WA 98223, USA","127 W Gilman Ave, Arlington, WA 98223, USA",2013 Toyota Prius (New),business_personal_trip_log_04_20_2024_12_00am_PDT-04_21_2024_12_00am_PDT.csv
4/20/24,3:08:55 PM,4/20/24,4:09:18 PM,32.03,b,,"208 Southwest Ave, Arlington, WA 98223, USA","2701 184th St SW, Lynnwood, WA 98037, USA",2013 Toyota Prius (New),business_personal_trip_log_04_20_2024_12_00am_PDT-04_21_2024_12_00am_PDT.csv
4/20/24,4:22:39 PM,4/20/24,4:33:17 PM,4.1,b,,"2701 184th St SW, Lynnwood, WA 98037, USA","20019 6 W, Lynnwood, WA 98036, USA",2013 Toyota Prius (New),business_personal_trip_log_04_20_2024_12_00am_PDT-04_21_2024_12_00am_PDT.csv
4/21/24,8:58:16 AM,4/21/24,9:01:32 AM,1,p,,"20019 6 W, Lynnwood, WA 98036, USA","1901 Larch Way, Lynnwood, WA 98036, USA",2013 Toyota Prius (New),business_personal_trip_log_04_21_2024_12_00am_PDT-04_22_2024_12_00am_PDT.csv
4/21/24,9:04:28 AM,4/21/24,9:07:52 AM,1.1,p,,"1901 Larch Way, Lynnwood, WA 98036, USA","20019 6 W, Lynnwood, WA 98036, USA",2013 Toyota Prius (New),business_personal_trip_log_04_21_2024_12_00am_PDT-04_22_2024_12_00am_PDT.csv
4/21/24,10:50:41 AM,4/21/24,11:08:39 AM,5,b,,"20019 6 W, Lynnwood, WA 98036, USA","19225 Alderwood Mall Pkwy, Lynnwood, WA 98036, USA",2013 Toyota Prius (New),business_personal_trip_log_04_21_2024_12_00am_PDT-04_22_2024_12_00am_PDT.csv
4/21/24,11:18:34 AM,4/21/24,11:33:33 AM,4,b,,"19225 Alderwood Mall Pkwy, Lynnwood, WA 98036, USA","2701 184th St SW, Lynnwood, WA 98037, USA",2013 Toyota Prius (New),business_personal_trip_log_04_21_2024_12_00am_PDT-04_22_2024_12_00am_PDT.csv
4/21/24,11:43:54 AM,4/21/24,12:07:19 PM,7,b,,"2701 184th St SW, Lynnwood, WA 98037, USA","22803 44th Ave W, Mountlake Terrace, WA 98043, USA",2013 Toyota Prius (New),business_personal_trip_log_04_21_2024_12_00am_PDT-04_22_2024_12_00am_PDT.csv
4/21/24,12:26:22 PM,4/21/24,12:34:31 PM,2.01,b,,"22803 44th Ave W, Mountlake Terrace, WA 98043, USA","4615 196th St SW, Lynnwood, WA 98036, USA",2013 Toyota Prius (New),business_personal_trip_log_04_21_2024_12_00am_PDT-04_22_2024_12_00am_PDT.csv
4/21/24,12:47:07 PM,4/21/24,12:50:31 PM,1,b,,"4705 194th St SW, Lynnwood, WA 98036, USA","18733 Highway 99, Lynnwood, WA 98037, USA",2013 Toyota Prius (New),business_personal_trip_log_04_21_2024_12_00am_PDT-04_22_2024_12_00am_PDT.csv
4/21/24,12:52:31 PM,4/21/24,12:55:43 PM,1,b,,"5909 188th St SW, Lynnwood, WA 98037, USA","5615 188th St SW, Lynnwood, WA 98037, USA",2013 Toyota Prius (New),business_personal_trip_log_04_21_2024_12_00am_PDT-04_22_2024_12_00am_PDT.csv
4/21/24,12:57:43 PM,4/21/24,1:02:26 PM,1,b,,"5229 188th St SW, Lynnwood, WA 98037, USA","19930 44th Ave W, Lynnwood, WA 98036, USA",2013 Toyota Prius (New),business_personal_trip_log_04_21_2024_12_00am_PDT-04_22_2024_12_00am_PDT.csv
4/21/24,1:04:26 PM,4/21/24,1:16:12 PM,9,b,,"20202 46th Ave W, Lynnwood, WA 98036, USA","10200 1st Ave NE, Seattle, WA 98125, USA",2013 Toyota Prius (New),business_personal_trip_log_04_21_2024_12_00am_PDT-04_22_2024_12_00am_PDT.csv
4/21/24,1:28:08 PM,4/21/24,1:31:07 PM,0,b,,"10200 1st Ave NE, Seattle, WA 98125, USA","10769P 5th Ave NE, Seattle, WA 98125, USA",2013 Toyota Prius (New),business_personal_trip_log_04_21_2024_12_00am_PDT-04_22_2024_12_00am_PDT.csv
4/21/24,1:33:19 PM,4/21/24,1:37:07 PM,1,b,,"353 NE Northgate Way, Seattle, WA 98125, USA","10501 Midvale Ave N, Seattle, WA 98133, USA",2013 Toyota Prius (New),business_personal_trip_log_04_21_2024_12_00am_PDT-04_22_2024_12_00am_PDT.csv
4/21/24,1:40:07 PM,4/21/24,1:42:07 PM,0,b,,"424 N 105th St, Seattle, WA 98133, USA","11242 Palatine Ave N, Seattle, WA 98133, USA",2013 Toyota Prius (New),business_personal_trip_log_04_21_2024_12_00am_PDT-04_22_2024_12_00am_PDT.csv
4/21/24,1:44:35 PM,4/21/24,1:52:07 PM,3,b,,"11504 Palatine Ave N, Seattle, WA 98133, USA","905 N 155th St, Seattle, WA 98133, USA",2013 Toyota Prius (New),business_personal_trip_log_04_21_2024_12_00am_PDT-04_22_2024_12_00am_PDT.csv
4/21/24,1:54:24 PM,4/21/24,2:15:37 PM,6,b,,"15255 Aurora Ave N, Shoreline, WA 98133, USA","14507 Bothell Way NE, Shoreline, WA 98155, USA",2013 Toyota Prius (New),business_personal_trip_log_04_21_2024_12_00am_PDT-04_22_2024_12_00am_PDT.csv
4/21/24,2:22:41 PM,4/21/24,2:26:30 PM,1,b,,"14507 Bothell Way NE, Shoreline, WA 98155, USA","3005 NE 149th St, Shoreline, WA 98155, USA",2013 Toyota Prius (New),business_personal_trip_log_04_21_2024_12_00am_PDT-04_22_2024_12_00am_PDT.csv
4/21/24,2:36:07 PM,4/21/24,3:44:15 PM,20.02,b,,"3005 NE 149th St, Shoreline, WA 98155, USA","22833 Bothell Everett Hwy, Bothell, WA 98021, USA",2013 Toyota Prius (New),business_personal_trip_log_04_21_2024_12_00am_PDT-04_22_2024_12_00am_PDT.csv
4/21/24,4:19:38 PM,4/21/24,4:23:45 PM,1.01,b,,Unknown,"21615 16th Dr SE, Bothell, WA 98021, USA",2013 Toyota Prius (New),business_personal_trip_log_04_21_2024_12_00am_PDT-04_22_2024_12_00am_PDT.csv
4/21/24,4:26:22 PM,4/21/24,4:28:21 PM,1,b,,"21615 16th Dr SE, Bothell, WA 98021, USA","22612 Bothell Everett Hwy, Bothell, WA 98021, USA",2013 Toyota Prius (New),business_personal_trip_log_04_21_2024_12_00am_PDT-04_22_2024_12_00am_PDT.csv
4/21/24,4:30:37 PM,4/21/24,4:48:40 PM,6,b,,"1115 228th St SE, Bothell, WA 98021, USA","21045 Bothell Everett Hwy, Bothell, WA 98021, USA",2013 Toyota Prius (New),business_personal_trip_log_04_21_2024_12_00am_PDT-04_22_2024_12_00am_PDT.csv
4/21/24,5:05:10 PM,4/21/24,5:10:07 PM,1.02,b,,"21045 Bothell Everett Hwy, Bothell, WA 98021, USA","923 228th St SE, Bothell, WA 98021, USA",2013 Toyota Prius (New),business_personal_trip_log_04_21_2024_12_00am_PDT-04_22_2024_12_00am_PDT.csv
4/21/24,5:16:15 PM,4/21/24,5:23:55 PM,3.1,b,,"1027 228th St SE, Bothell, WA 98021, USA","20019 6 W, Lynnwood, WA 98036, USA",2013 Toyota Prius (New),business_personal_trip_log_04_21_2024_12_00am_PDT-04_22_2024_12_00am_PDT.csv
4/22/24,4:26:22 PM,4/22/24,4:37:59 PM,4.01,b,,"20019 6 W, Lynnwood, WA 98036, USA",Unknown,2013 Toyota Prius (New),business_personal_trip_log_04_22_2024_12_00am_PDT-04_23_2024_12_00am_PDT.csv
4/22/24,5:39:46 PM,4/22/24,5:46:41 PM,2.01,b,,"4615 196th St SW, Lynnwood, WA 98036, USA","1919 196th St SW, Lynnwood, WA 98036, USA",2013 Toyota Prius (New),business_personal_trip_log_04_22_2024_12_00am_PDT-04_23_2024_12_00am_PDT.csv
4/22/24,5:50:32 PM,4/22/24,5:55:17 PM,1,b,,"1919 196th St SW, Lynnwood, WA 98036, USA","2617 196th St SW, Lynnwood, WA 98036, USA",2013 Toyota Prius (New),business_personal_trip_log_04_22_2024_12_00am_PDT-04_23_2024_12_00am_PDT.csv
4/22/24,6:12:39 PM,4/22/24,6:17:10 PM,1,b,,"2617 196th St SW, Lynnwood, WA 98036, USA","4323 196th St SW, Lynnwood, WA 98036, USA",2013 Toyota Prius (New),business_personal_trip_log_04_22_2024_12_00am_PDT-04_23_2024_12_00am_PDT.csv
4/22/24,6:19:10 PM,4/22/24,6:19:10 PM,0,b,,"4725 196th St SW, Lynnwood, WA 98036, USA","4725 196th St SW, Lynnwood, WA 98036, USA",2013 Toyota Prius (New),business_personal_trip_log_04_22_2024_12_00am_PDT-04_23_2024_12_00am_PDT.csv
4/22/24,6:21:10 PM,4/22/24,6:30:52 PM,2.01,b,,"5621 196th St SW, Lynnwood, WA 98036, USA","1027 Cascade Ln, Edmonds, WA 98020, USA",2013 Toyota Prius (New),business_personal_trip_log_04_22_2024_12_00am_PDT-04_23_2024_12_00am_PDT.csv
4/22/24,6:33:33 PM,4/22/24,6:40:54 PM,2.01,b,,"1025 Cascade Ln, Edmonds, WA 98020, USA","19507 Highway 99, Lynnwood, WA 98036, USA",2013 Toyota Prius (New),business_personal_trip_log_04_22_2024_12_00am_PDT-04_23_2024_12_00am_PDT.csv
4/22/24,6:47:37 PM,4/22/24,7:14:27 PM,13,b,,"19507 Highway 99, Lynnwood, WA 98036, USA",Unknown,2013 Toyota Prius (New),business_personal_trip_log_04_22_2024_12_00am_PDT-04_23_2024_12_00am_PDT.csv
4/22/24,7:31:32 PM,4/22/24,7:40:26 PM,4.02,b,,"21045 Bothell Everett Hwy, Bothell, WA 98021, USA","17512 83 NE, Kenmore, WA 98028, USA",2013 Toyota Prius (New),business_personal_trip_log_04_22_2024_12_00am_PDT-04_23_2024_12_00am_PDT.csv
4/22/24,7:43:13 PM,4/22/24,7:54:12 PM,5,b,,"17512 83 NE, Kenmore, WA 98028, USA","20019 6 W, Lynnwood, WA 98036, USA",2013 Toyota Prius (New),business_personal_trip_log_04_22_2024_12_00am_PDT-04_23_2024_12_00am_PDT.csv
4/23/24,10:46:19 AM,4/23/24,10:59:31 AM,5,p,,"20019 6 W, Lynnwood, WA 98036, USA","20216 68th Ave W, Lynnwood, WA 98036, USA",2013 Toyota Prius (New),business_personal_trip_log_04_23_2024_12_00am_PDT-04_24_2024_12_00am_PDT.csv
4/23/24,3:36:24 PM,4/23/24,3:54:03 PM,5.1,p,,"20216 68th Ave W, Lynnwood, WA 98036, USA","20019 6 W, Lynnwood, WA 98036, USA",2013 Toyota Prius (New),business_personal_trip_log_04_23_2024_12_00am_PDT-04_24_2024_12_00am_PDT.csv
4/24/24,1:14:36 PM,4/24/24,1:38:39 PM,8,p,,"20019 6 W, Lynnwood, WA 98036, USA","10601 47th Pl W, Mukilteo, WA 98275, USA",2013 Toyota Prius (New),business_personal_trip_log_04_24_2024_12_00am_PDT-04_25_2024_12_00am_PDT.csv
4/24/24,3:01:19 PM,4/24/24,4:02:24 PM,22,b,,"10601 47th Pl W, Mukilteo, WA 98275, USA","I-5, Mountlake Terrace, WA 98043, USA",2013 Toyota Prius (New),business_personal_trip_log_04_24_2024_12_00am_PDT-04_25_2024_12_00am_PDT.csv
4/24/24,4:04:24 PM,4/24/24,4:38:36 PM,9.02,b,,"23008 61st Ave W, Mountlake Terrace, WA 98043, USA","18133 33 W, Lynnwood, WA 98037, USA",2013 Toyota Prius (New),business_personal_trip_log_04_24_2024_12_00am_PDT-04_25_2024_12_00am_PDT.csv
4/24/24,4:40:59 PM,4/24/24,4:41:58 PM,0,b,,"18133 33 W, Lynnwood, WA 98037, USA","3101 184th St SW, Lynnwood, WA 98037, USA",2013 Toyota Prius (New),business_personal_trip_log_04_24_2024_12_00am_PDT-04_25_2024_12_00am_PDT.csv
4/24/24,5:03:08 PM,4/24/24,5:05:58 PM,0.03,b,,"3101 184th St SW, Lynnwood, WA 98037, USA","2701 184th St SW, Lynnwood, WA 98037, USA",2013 Toyota Prius (New),business_personal_trip_log_04_24_2024_12_00am_PDT-04_25_2024_12_00am_PDT.csv
4/24/24,5:16:59 PM,4/24/24,5:24:22 PM,2,b,,"2701 184th St SW, Lynnwood, WA 98037, USA","17601 Highway 99, Lynnwood, WA 98037, USA",2013 Toyota Prius (New),business_personal_trip_log_04_24_2024_12_00am_PDT-04_25_2024_12_00am_PDT.csv
4/24/24,5:26:22 PM,4/24/24,5:29:29 PM,1.01,b,,"5601 176th St SW, Lynnwood, WA 98037, USA","17731 69th Ave W, Edmonds, WA 98026, USA",2013 Toyota Prius (New),business_personal_trip_log_04_24_2024_12_00am_PDT-04_25_2024_12_00am_PDT.csv
4/24/24,5:32:38 PM,4/24/24,6:13:14 PM,21,p,,"17704 69th Ave W, Edmonds, WA 98026, USA","3803 88th St NE, Marysville, WA 98270, USA",2013 Toyota Prius (New),business_personal_trip_log_04_24_2024_12_00am_PDT-04_25_2024_12_00am_PDT.csv
4/24/24,6:16:12 PM,4/24/24,6:17:41 PM,1,p,,"3919 88th St NE, Marysville, WA 98270, USA","9330 State Ave, Marysville, WA 98270, USA",2013 Toyota Prius (New),business_personal_trip_log_04_24_2024_12_00am_PDT-04_25_2024_12_00am_PDT.csv
4/24/24,7:06:58 PM,4/24/24,7:13:43 PM,2,p,,"9330 State Ave, Marysville, WA 98270, USA","9804 79th Dr NE, Marysville, WA 98270, USA",2013 Toyota Prius (New),business_personal_trip_log_04_24_2024_12_00am_PDT-04_25_2024_12_00am_PDT.csv
4/24/24,10:51:27 PM,4/24/24,11:23:17 PM,25.1,p,,"9804 79th Dr NE, Marysville, WA 98270, USA","20019 6 W, Lynnwood, WA 98036, USA",2013 Toyota Prius (New),business_personal_trip_log_04_24_2024_12_00am_PDT-04_25_2024_12_00am_PDT.csv
4/25/24,10:39:54 AM,4/25/24,10:46:31 AM,3.01,p,,"20019 6 W, Lynnwood, WA 98036, USA","20617 Bothell Everett Hwy, Bothell, WA 98012, USA",2013 Toyota Prius (New),business_personal_trip_log_04_25_2024_12_00am_PDT-04_26_2024_12_00am_PDT.csv
4/25/24,10:51:40 AM,4/25/24,10:58:31 AM,1,p,,Unknown,"3827 Maltby Rd, Bothell, WA 98012, USA",2013 Toyota Prius (New),business_personal_trip_log_04_25_2024_12_00am_PDT-04_26_2024_12_00am_PDT.csv
4/25/24,11:17:17 AM,4/25/24,11:20:52 AM,2,p,,"3827 Maltby Rd, Bothell, WA 98012, USA","20715 Bothell Everett Hwy, Bothell, WA 98012, USA",2013 Toyota Prius (New),business_personal_trip_log_04_25_2024_12_00am_PDT-04_26_2024_12_00am_PDT.csv
4/25/24,11:22:52 AM,4/25/24,11:27:26 AM,3.02,p,,"1106 207th Pl SE, Bothell, WA 98012, USA","20019 6 W, Lynnwood, WA 98036, USA",2013 Toyota Prius (New),business_personal_trip_log_04_25_2024_12_00am_PDT-04_26_2024_12_00am_PDT.csv
4/25/24,11:53:08 AM,4/25/24,12:03:45 PM,3.02,b,,"20019 6 W, Lynnwood, WA 98036, USA","2701 184th St SW, Lynnwood, WA 98037, USA",2013 Toyota Prius (New),business_personal_trip_log_04_25_2024_12_00am_PDT-04_26_2024_12_00am_PDT.csv
4/25/24,12:32:15 PM,4/25/24,12:47:17 PM,4,b,,"2701 184th St SW, Lynnwood, WA 98037, USA","2915 184th St SW, Lynnwood, WA 98037, USA",2013 Toyota Prius (New),business_personal_trip_log_04_25_2024_12_00am_PDT-04_26_2024_12_00am_PDT.csv
4/25/24,12:51:31 PM,4/25/24,1:03:02 PM,2,b,,"2915 184th St SW, Lynnwood, WA 98037, USA","18411 Alderwood Mall Pkwy, Lynnwood, WA 98037, USA",2013 Toyota Prius (New),business_personal_trip_log_04_25_2024_12_00am_PDT-04_26_2024_12_00am_PDT.csv
4/25/24,1:05:41 PM,4/25/24,1:06:44 PM,0.03,b,,"18411 Alderwood Mall Pkwy, Lynnwood, WA 98037, USA","2701 184th St SW, Lynnwood, WA 98037, USA",2013 Toyota Prius (New),business_personal_trip_log_04_25_2024_12_00am_PDT-04_26_2024_12_00am_PDT.csv
4/25/24,1:12:44 PM,4/25/24,1:15:25 PM,0.01,b,,"2701 184th St SW, Lynnwood, WA 98037, USA","18109 33rd Ave W, Lynnwood, WA 98037, USA",2013 Toyota Prius (New),business_personal_trip_log_04_25_2024_12_00am_PDT-04_26_2024_12_00am_PDT.csv
4/25/24,2:15:46 PM,4/25/24,2:28:09 PM,2,b,,"3101 184th St SW, Lynnwood, WA 98037, USA","4512 176th St SW, Lynnwood, WA 98037, USA",2013 Toyota Prius (New),business_personal_trip_log_04_25_2024_12_00am_PDT-04_26_2024_12_00am_PDT.csv
4/25/24,2:31:41 PM,4/25/24,2:43:51 PM,3,b,,"4512 176th St SW, Lynnwood, WA 98037, USA","7705 191st St SW, Edmonds, WA 98026, USA",2013 Toyota Prius (New),business_personal_trip_log_04_25_2024_12_00am_PDT-04_26_2024_12_00am_PDT.csv
4/25/24,2:49:27 PM,4/25/24,2:52:51 PM,1,b,,"7628 191st St SW, Edmonds, WA 98026, USA","7518 196th St SW, Lynnwood, WA 98036, USA",2013 Toyota Prius (New),business_personal_trip_log_04_25_2024_12_00am_PDT-04_26_2024_12_00am_PDT.csv
4/25/24,2:56:20 PM,4/25/24,3:40:54 PM,9,b,,"7518 196th St SW, Lynnwood, WA 98036, USA","6707 204th St SW, Lynnwood, WA 98036, USA",2013 Toyota Prius (New),business_personal_trip_log_04_25_2024_12_00am_PDT-04_26_2024_12_00am_PDT.csv
4/25/24,3:43:25 PM,4/25/24,3:45:54 PM,0,b,,"20002 68th Ave W, Lynnwood, WA 98036, USA","6421 200th St SW, Lynnwood, WA 98036, USA",2013 Toyota Prius (New),business_personal_trip_log_04_25_2024_12_00am_PDT-04_26_2024_12_00am_PDT.csv
4/25/24,3:47:54 PM,4/25/24,3:52:54 PM,2,b,,"19926 Highway 99, Lynnwood, WA 98036, USA","17915 Highway 99, Lynnwood, WA 98037, USA",2013 Toyota Prius (New),business_personal_trip_log_04_25_2024_12_00am_PDT-04_26_2024_12_00am_PDT.csv
4/25/24,3:54:54 PM,4/25/24,3:59:54 PM,2,b,,"17711 Highway 99, Lynnwood, WA 98037, USA","2902 164th St SW, Lynnwood, WA 98087, USA",2013 Toyota Prius (New),business_personal_trip_log_04_25_2024_12_00am_PDT-04_26_2024_12_00am_PDT.csv
4/25/24,4:01:54 PM,4/25/24,4:43:27 PM,18,b,,"2226 164th St SW, Lynnwood, WA 98087, USA","25 95th Dr NE, Lake Stevens, WA 98258, USA",2013 Toyota Prius (New),business_personal_trip_log_04_25_2024_12_00am_PDT-04_26_2024_12_00am_PDT.csv
4/25/24,4:48:08 PM,4/25/24,4:58:35 PM,5.05,p,,"25 95th Dr NE, Lake Stevens, WA 98258, USA","10622 60th St NE, Lake Stevens, WA 98258, USA",2013 Toyota Prius (New),business_personal_trip_log_04_25_2024_12_00am_PDT-04_26_2024_12_00am_PDT.csv
4/25/24,8:59:09 PM,4/25/24,9:34:21 PM,22.09,p,,"10622 60th St NE, Lake Stevens, WA 98258, USA","20019 6 W, Lynnwood, WA 98036, USA",2013 Toyota Prius (New),business_personal_trip_log_04_25_2024_12_00am_PDT-04_26_2024_12_00am_PDT.csv
4/26/24,12:03:44 PM,4/26/24,12:54:55 PM,28,p,,"20019 6 W, Lynnwood, WA 98036, USA","4050 Maple Valley Hwy, Renton, WA 98058, USA",2013 Toyota Prius (New),business_personal_trip_log_04_26_2024_12_00am_PDT-04_27_2024_12_00am_PDT.csv
4/26/24,4:22:25 PM,4/26/24,4:23:01 PM,0.06,p,,"4050 Maple Valley Hwy, Renton, WA 98058, USA","4050 Maple Valley Hwy, Renton, WA 98058, USA",2013 Toyota Prius (New),business_personal_trip_log_04_26_2024_12_00am_PDT-04_27_2024_12_00am_PDT.csv
4/26/24,5:03:51 PM,4/26/24,5:50:40 PM,28.01,p,,"4050 Maple Valley Hwy, Renton, WA 98058, USA","20019 6 W, Lynnwood, WA 98036, USA",2013 Toyota Prius (New),business_personal_trip_log_04_26_2024_12_00am_PDT-04_27_2024_12_00am_PDT.csv
4/26/24,8:19:34 PM,4/26/24,8:20:30 PM,1.01,p,,"20019 6 W, Lynnwood, WA 98036, USA","20019 6 W, Lynnwood, WA 98036, USA",2013 Toyota Prius (New),business_personal_trip_log_04_26_2024_12_00am_PDT-04_27_2024_12_00am_PDT.csv
4/27/24,8:57:26 AM,4/27/24,9:26:55 AM,19.01,p,,"20019 6 W, Lynnwood, WA 98036, USA","2732 Soper Hill Rd, Lake Stevens, WA 98258, USA",2013 Toyota Prius (New),business_personal_trip_log_04_27_2024_12_00am_PDT-04_28_2024_12_00am_PDT.csv
4/27/24,9:32:15 AM,4/27/24,9:41:09 AM,4.01,p,,"2732 Soper Hill Rd, Lake Stevens, WA 98258, USA","12806 20th St NE, Lake Stevens, WA 98258, USA",2013 Toyota Prius (New),business_personal_trip_log_04_27_2024_12_00am_PDT-04_28_2024_12_00am_PDT.csv
4/27/24,9:55:21 AM,4/27/24,10:03:52 AM,5.05,p,,"12806 20th St NE, Lake Stevens, WA 98258, USA","10622 60th St NE, Lake Stevens, WA 98258, USA",2013 Toyota Prius (New),business_personal_trip_log_04_27_2024_12_00am_PDT-04_28_2024_12_00am_PDT.csv
4/27/24,3:38:46 PM,4/27/24,4:37:53 PM,31.1,p,,"10622 60th St NE, Lake Stevens, WA 98258, USA","20019 6 W, Lynnwood, WA 98036, USA",2013 Toyota Prius (New),business_personal_trip_log_04_27_2024_12_00am_PDT-04_28_2024_12_00am_PDT.csv
4/27/24,5:55:31 PM,4/27/24,6:11:59 PM,7,p,,"20019 6 W, Lynnwood, WA 98036, USA","13710 59th Ave SE, Everett, WA 98208, USA",2013 Toyota Prius (New),business_personal_trip_log_04_27_2024_12_00am_PDT-04_28_2024_12_00am_PDT.csv
4/28/24,9:16:04 AM,4/28/24,9:30:37 AM,6,p,,"20019 6 W, Lynnwood, WA 98036, USA","4326 148th St SE, Bothell, WA 98012, USA",2013 Toyota Prius (New),business_personal_trip_log_04_28_2024_12_00am_PDT-04_29_2024_12_00am_PDT.csv
4/28/24,10:38:13 AM,4/28/24,10:54:07 AM,6.1,p,,"4326 148th St SE, Bothell, WA 98012, USA","20019 6 W, Lynnwood, WA 98036, USA",2013 Toyota Prius (New),business_personal_trip_log_04_28_2024_12_00am_PDT-04_29_2024_12_00am_PDT.csv
4/28/24,11:35:55 AM,4/28/24,12:02:05 PM,7,b,,"20012 6 W, Lynnwood, WA 98036, USA","22263 9th Dr SE, Bothell, WA 98021, USA",2013 Toyota Prius (New),business_personal_trip_log_04_28_2024_12_00am_PDT-04_29_2024_12_00am_PDT.csv
4/28/24,12:05:30 PM,4/28/24,12:46:09 PM,31,b,,"22265 9th Dr SE, Bothell, WA 98021, USA","17580 International Blvd, Seattle, WA 98188, USA",2013 Toyota Prius (New),business_personal_trip_log_04_28_2024_12_00am_PDT-04_29_2024_12_00am_PDT.csv
4/28/24,12:51:32 PM,4/28/24,1:31:58 PM,23,b,,"18000 International Blvd, Seatac, WA 98188, USA","9224 Slater Ave NE, Kirkland, WA 98033, USA",2013 Toyota Prius (New),business_personal_trip_log_04_28_2024_12_00am_PDT-04_29_2024_12_00am_PDT.csv
4/28/24,1:34:42 PM,4/28/24,1:35:42 PM,0,b,,"9224 Slater Ave NE, Kirkland, WA 98033, USA","9224 Slater Ave NE, Kirkland, WA 98033, USA",2013 Toyota Prius (New),business_personal_trip_log_04_28_2024_12_00am_PDT-04_29_2024_12_00am_PDT.csv
4/28/24,1:38:57 PM,4/28/24,1:39:56 PM,0,b,,"I-405, Kirkland, WA 98033, USA","11834 NE 90th St, Kirkland, WA 98033, USA",2013 Toyota Prius (New),business_personal_trip_log_04_28_2024_12_00am_PDT-04_29_2024_12_00am_PDT.csv
4/28/24,1:45:20 PM,4/28/24,1:48:50 PM,0.01,b,,"11834 NE 90th St, Kirkland, WA 98033, USA","8515 124th Ave NE, Kirkland, WA 98033, USA",2013 Toyota Prius (New),business_personal_trip_log_04_28_2024_12_00am_PDT-04_29_2024_12_00am_PDT.csv
4/28/24,2:02:24 PM,4/28/24,2:21:23 PM,5.02,b,,"8515 124th Ave NE, Kirkland, WA 98033, USA","12815 120th Ave NE, Kirkland, WA 98034, USA",2013 Toyota Prius (New),business_personal_trip_log_04_28_2024_12_00am_PDT-04_29_2024_12_00am_PDT.csv
4/28/24,2:25:05 PM,4/28/24,2:38:59 PM,5,b,,"12815 120th Ave NE, Kirkland, WA 98034, USA","10903 NE 53rd St, Kirkland, WA 98033, USA",2013 Toyota Prius (New),business_personal_trip_log_04_28_2024_12_00am_PDT-04_29_2024_12_00am_PDT.csv
4/28/24,3:08:42 PM,4/28/24,3:22:37 PM,8.01,b,,"10903 NE 53rd St, Kirkland, WA 98033, USA","4055 Factoria Blvd SE, Bellevue, WA 98006, USA",2013 Toyota Prius (New),business_personal_trip_log_04_28_2024_12_00am_PDT-04_29_2024_12_00am_PDT.csv
4/28/24,3:34:18 PM,4/28/24,3:54:59 PM,7,b,,"4055 Factoria Blvd SE, Bellevue, WA 98006, USA","804 N Landing Way, Renton, WA 98057, USA",2013 Toyota Prius (New),business_personal_trip_log_04_28_2024_12_00am_PDT-04_29_2024_12_00am_PDT.csv
4/28/24,4:07:40 PM,4/28/24,5:13:28 PM,33.01,b,,"804 N Landing Way, Renton, WA 98057, USA","605 114th Ave SE, Bellevue, WA 98004, USA",2013 Toyota Prius (New),business_personal_trip_log_04_28_2024_12_00am_PDT-04_29_2024_12_00am_PDT.csv
4/28/24,5:16:49 PM,4/28/24,5:57:47 PM,25.87,b,,"605 114th Ave SE, Bellevue, WA 98004, USA","4615 196th St SW, Lynnwood, WA 98036, USA",2013 Toyota Prius (New),business_personal_trip_log_04_28_2024_12_00am_PDT-04_29_2024_12_00am_PDT.csv
4/28/24,6:10:25 PM,4/28/24,6:15:55 PM,2.01,b,,"4615 196th St SW, Lynnwood, WA 98036, USA","5506 220th St SW, Mountlake Terrace, WA 98043, USA",2013 Toyota Prius (New),business_personal_trip_log_04_28_2024_12_00am_PDT-04_29_2024_12_00am_PDT.csv
4/28/24,6:19:43 PM,4/28/24,6:30:11 PM,8.03,b,,"5506 220th St SW, Mountlake Terrace, WA 98043, USA","22833 Bothell Everett Hwy, Bothell, WA 98021, USA",2013 Toyota Prius (New),business_personal_trip_log_04_28_2024_12_00am_PDT-04_29_2024_12_00am_PDT.csv
4/28/24,6:33:09 PM,4/28/24,6:37:20 PM,2.02,b,,"22833 Bothell Everett Hwy, Bothell, WA 98021, USA","18921 Bothell Way NE, Bothell, WA 98011, USA",2013 Toyota Prius (New),business_personal_trip_log_04_28_2024_12_00am_PDT-04_29_2024_12_00am_PDT.csv
4/28/24,6:47:29 PM,4/28/24,6:53:47 PM,2.02,b,,"18921 Bothell Way NE, Bothell, WA 98011, USA","19809 112th Ave NE, Bothell, WA 98011, USA",2013 Toyota Prius (New),business_personal_trip_log_04_28_2024_12_00am_PDT-04_29_2024_12_00am_PDT.csv
4/28/24,6:57:03 PM,4/28/24,7:06:24 PM,4.01,b,,"19809 112th Ave NE, Bothell, WA 98011, USA","21105 Bothell-Everett, Bothell, WA 98021, USA",2013 Toyota Prius (New),business_personal_trip_log_04_28_2024_12_00am_PDT-04_29_2024_12_00am_PDT.csv
4/28/24,7:41:25 PM,4/28/24,7:46:17 PM,2.01,b,,"21105 Bothell-Everett, Bothell, WA 98021, USA","19821 32 SE, Bothell, WA 98012, USA",2013 Toyota Prius (New),business_personal_trip_log_04_28_2024_12_00am_PDT-04_29_2024_12_00am_PDT.csv
4/28/24,7:48:52 PM,4/28/24,7:58:06 PM,5.1,b,,"3206 199th Pl SE, Bothell, WA 98012, USA","20019 6 W, Lynnwood, WA 98036, USA",2013 Toyota Prius (New),business_personal_trip_log_04_28_2024_12_00am_PDT-04_29_2024_12_00am_PDT.csv
4/29/24,10:45:44 AM,4/29/24,11:03:43 AM,8,p,,"20019 6 W, Lynnwood, WA 98036, USA","10601 47th Pl W, Mukilteo, WA 98275, USA",2013 Toyota Prius (New),business_personal_trip_log_04_29_2024_12_00am_PDT-04_30_2024_12_00am_PDT.csv
4/29/24,12:11:47 PM,4/29/24,12:27:37 PM,8.1,p,,"10601 47th Pl W, Mukilteo, WA 98275, USA","20019 6 W, Lynnwood, WA 98036, USA",2013 Toyota Prius (New),business_personal_trip_log_04_29_2024_12_00am_PDT-04_30_2024_12_00am_PDT.csv
4/29/24,12:57:37 PM,4/29/24,1:19:54 PM,7,b,,"20019 6 W, Lynnwood, WA 98036, USA","22130 Highway 99, Edmonds, WA 98026, USA",2013 Toyota Prius (New),business_personal_trip_log_04_29_2024_12_00am_PDT-04_30_2024_12_00am_PDT.csv
4/29/24,1:27:53 PM,4/29/24,1:35:35 PM,1.07,b,,"22130 Highway 99, Edmonds, WA 98026, USA","21300 Highway 99, Edmonds, WA 98026, USA",2013 Toyota Prius (New),business_personal_trip_log_04_29_2024_12_00am_PDT-04_30_2024_12_00am_PDT.csv
4/29/24,2:20:50 PM,4/29/24,2:35:49 PM,3.02,b,,"21300 Highway 99, Edmonds, WA 98026, USA","4705 194th St SW, Lynnwood, WA 98036, USA",2013 Toyota Prius (New),business_personal_trip_log_04_29_2024_12_00am_PDT-04_30_2024_12_00am_PDT.csv
4/29/24,2:45:58 PM,4/29/24,2:59:42 PM,3,b,,"4705 194th St SW, Lynnwood, WA 98036, USA","2701 184th St SW, Lynnwood, WA 98037, USA",2013 Toyota Prius (New),business_personal_trip_log_04_29_2024_12_00am_PDT-04_30_2024_12_00am_PDT.csv
4/29/24,3:23:11 PM,4/29/24,3:31:31 PM,2.01,b,,"2701 184th St SW, Lynnwood, WA 98037, USA","3333 164th St SW, Lynnwood, WA 98087, USA",2013 Toyota Prius (New),business_personal_trip_log_04_29_2024_12_00am_PDT-04_30_2024_12_00am_PDT.csv
4/29/24,3:35:40 PM,4/29/24,3:39:08 PM,1,b,,"3333 164th St SW, Lynnwood, WA 98087, USA","2902 164th St SW, Lynnwood, WA 98087, USA",2013 Toyota Prius (New),business_personal_trip_log_04_29_2024_12_00am_PDT-04_30_2024_12_00am_PDT.csv
4/29/24,3:41:08 PM,4/29/24,3:53:04 PM,4.1,b,,"2123 164th St SW, Lynnwood, WA 98087, USA","20019 6th Pl W, Lynnwood, WA 98036, USA",2013 Toyota Prius (New),business_personal_trip_log_04_29_2024_12_00am_PDT-04_30_2024_12_00am_PDT.csv
4/30/24,10:00:28 AM,4/30/24,10:33:27 AM,23.01,p,,"20019 6 W, Lynnwood, WA 98036, USA","4101 Beacon Ave S, Seattle, WA 98108, USA",2013 Toyota Prius (New),business_personal_trip_log_04_30_2024_12_00am_PDT-05_01_2024_12_00am_PDT.csv
4/30/24,7:59:58 PM,4/30/24,8:27:51 PM,21.01,p,,"4101 Beacon Ave S, Seattle, WA 98108, USA","20019 6 W, Lynnwood, WA 98036, USA",2013 Toyota Prius (New),business_personal_trip_log_04_30_2024_12_00am_PDT-05_01_2024_12_00am_PDT.csv
5/1/24,10:34:06 AM,5/1/24,10:50:44 AM,8,p,,"726 200th Pl SW, Lynnwood, WA 98036, USA","10601 47th Pl W, Mukilteo, WA 98275, USA",2013 Toyota Prius (New),business_personal_trip_log_05_01_2024_12_00am_PDT-05_02_2024_12_00am_PDT.csv
5/1/24,12:00:52 PM,5/1/24,12:19:26 PM,8.09,p,,"10601 47th Pl W, Mukilteo, WA 98275, USA","20019 6 W, Lynnwood, WA 98036, USA",2013 Toyota Prius (New),business_personal_trip_log_05_01_2024_12_00am_PDT-05_02_2024_12_00am_PDT.csv
5/1/24,1:04:43 PM,5/1/24,1:53:08 PM,34,b,,"20019 6 W, Lynnwood, WA 98036, USA","17801 International Blvd, Seatac, WA 98158, USA",2013 Toyota Prius (New),business_personal_trip_log_05_01_2024_12_00am_PDT-05_02_2024_12_00am_PDT.csv
5/1/24,1:56:08 PM,5/1/24,2:00:16 PM,0,b,,"17801 International Blvd, Seatac, WA 98158, USA","17580 International Blvd, Seattle, WA 98188, USA",2013 Toyota Prius (New),business_personal_trip_log_05_01_2024_12_00am_PDT-05_02_2024_12_00am_PDT.csv
5/1/24,2:06:24 PM,5/1/24,2:09:46 PM,1.01,b,,"18000 International Blvd, Seatac, WA 98188, USA","17225 Air Cargo Rd N, Seattle, WA 98158, USA",2013 Toyota Prius (New),business_personal_trip_log_05_01_2024_12_00am_PDT-05_02_2024_12_00am_PDT.csv
5/1/24,2:32:01 PM,5/1/24,2:37:54 PM,1,b,,"17225 Air Cargo Rd N, Seattle, WA 98158, USA","3035 S 160th St, Seatac, WA 98188, USA",2013 Toyota Prius (New),business_personal_trip_log_05_01_2024_12_00am_PDT-05_02_2024_12_00am_PDT.csv
5/1/24,2:43:23 PM,5/1/24,2:56:25 PM,4.01,b,,"3035 S 160th St, Seatac, WA 98188, USA","690 Strander Blvd, Tukwila, WA 98188, USA",2013 Toyota Prius (New),business_personal_trip_log_05_01_2024_12_00am_PDT-05_02_2024_12_00am_PDT.csv
5/1/24,2:59:00 PM,5/1/24,4:43:24 PM,43,b,,"690 Strander Blvd, Tukwila, WA 98188, USA","16108 Ash Way, Lynnwood, WA 98087, USA",2013 Toyota Prius (New),business_personal_trip_log_05_01_2024_12_00am_PDT-05_02_2024_12_00am_PDT.csv
5/1/24,4:53:00 PM,5/1/24,4:54:46 PM,0.01,b,,"16108 Ash Way, Lynnwood, WA 98087, USA","16327 Ash Way, Lynnwood, WA 98087, USA",2013 Toyota Prius (New),business_personal_trip_log_05_01_2024_12_00am_PDT-05_02_2024_12_00am_PDT.csv
5/1/24,5:26:50 PM,5/1/24,5:33:49 PM,1,b,,"16327 Ash Way, Lynnwood, WA 98087, USA","2824 172nd St SW, Lynnwood, WA 98037, USA",2013 Toyota Prius (New),business_personal_trip_log_05_01_2024_12_00am_PDT-05_02_2024_12_00am_PDT.csv
5/1/24,5:35:49 PM,5/1/24,5:35:49 PM,0,b,,"17955 Alderwood Mall Pkwy, Lynnwood, WA 98037, USA","17955 Alderwood Mall Pkwy, Lynnwood, WA 98037, USA",2013 Toyota Prius (New),business_personal_trip_log_05_01_2024_12_00am_PDT-05_02_2024_12_00am_PDT.csv
5/1/24,5:36:27 PM,5/1/24,5:38:27 PM,0.02,b,,"18121 Alderwood Mall Pkwy, Lynnwood, WA 98037, USA","18133 33 W, Lynnwood, WA 98037, USA",2013 Toyota Prius (New),business_personal_trip_log_05_01_2024_12_00am_PDT-05_02_2024_12_00am_PDT.csv
5/1/24,5:40:45 PM,5/1/24,5:42:15 PM,1.01,b,,"3101 184th St SW, Lynnwood, WA 98037, USA","18109 33rd Ave W, Lynnwood, WA 98037, USA",2013 Toyota Prius (New),business_personal_trip_log_05_01_2024_12_00am_PDT-05_02_2024_12_00am_PDT.csv
5/1/24,6:25:20 PM,5/1/24,6:38:16 PM,2.02,b,,"18109 33rd Ave W, Lynnwood, WA 98037, USA","16116 Ash Way, Lynnwood, WA 98087, USA",2013 Toyota Prius (New),business_personal_trip_log_05_01_2024_12_00am_PDT-05_02_2024_12_00am_PDT.csv
5/1/24,6:40:27 PM,5/1/24,7:41:15 PM,26,b,,"16116 Ash Way, Lynnwood, WA 98087, USA","20019 6 W, Lynnwood, WA 98036, USA",2013 Toyota Prius (New),business_personal_trip_log_05_01_2024_12_00am_PDT-05_02_2024_12_00am_PDT.csv
5/2/24,10:57:28 AM,5/2/24,11:06:01 AM,3,b,,"20019 6 W, Lynnwood, WA 98036, USA","3100 196th St SW, Lynnwood, WA 98036, USA",2013 Toyota Prius (New),business_personal_trip_log_05_02_2024_12_00am_PDT-05_03_2024_12_00am_PDT.csv
5/2/24,11:28:06 AM,5/2/24,11:35:00 AM,3.01,b,,"3100 196th St SW, Lynnwood, WA 98036, USA","20019 6 W, Lynnwood, WA 98036, USA",2013 Toyota Prius (New),business_personal_trip_log_05_02_2024_12_00am_PDT-05_03_2024_12_00am_PDT.csv
5/2/24,1:36:09 PM,5/2/24,1:59:36 PM,10,b,,"608 200th Pl SW, Lynnwood, WA 98036, USA","14452 124th Ave NE, Kirkland, WA 98034, USA",2013 Toyota Prius (New),business_personal_trip_log_05_02_2024_12_00am_PDT-05_03_2024_12_00am_PDT.csv
5/2/24,2:22:39 PM,5/2/24,3:15:44 PM,18.01,b,,"14452 124th Ave NE, Kirkland, WA 98034, USA","20019 6 W, Lynnwood, WA 98036, USA",2013 Toyota Prius (New),business_personal_trip_log_05_02_2024_12_00am_PDT-05_03_2024_12_00am_PDT.csv
5/3/24,9:20:13 AM,5/3/24,9:20:42 AM,0,P,,"20019 6 W, Lynnwood, WA 98036, USA","20019 6 W, Lynnwood, WA 98036, USA",2013 Toyota Prius (New),business_personal_trip_log_05_03_2024_12_00am_PDT-05_04_2024_12_00am_PDT.csv
5/3/24,10:30:04 AM,5/3/24,10:30:20 AM,0,P,,"20019 6 W, Lynnwood, WA 98036, USA","20019 6th Pl W, Lynnwood, WA 98036, USA",2013 Toyota Prius (New),business_personal_trip_log_05_03_2024_12_00am_PDT-05_04_2024_12_00am_PDT.csv
5/3/24,1:39:38 PM,5/3/24,2:06:37 PM,7.02,B,,"20019 6 W, Lynnwood, WA 98036, USA","4615 196th St SW, Lynnwood, WA 98036, USA",2013 Toyota Prius (New),business_personal_trip_log_05_03_2024_12_00am_PDT-05_04_2024_12_00am_PDT.csv
5/3/24,2:24:26 PM,5/3/24,2:29:54 PM,1,B,,"4615 196th St SW, Lynnwood, WA 98036, USA","19930 44th Ave W, Lynnwood, WA 98036, USA",2013 Toyota Prius (New),business_personal_trip_log_05_03_2024_12_00am_PDT-05_04_2024_12_00am_PDT.csv
5/3/24,2:31:54 PM,5/3/24,3:53:31 PM,23.02,B,,"I-5, Lynnwood, WA 98036, USA","21045 Bothell Everett Hwy, Bothell, WA 98021, USA",2013 Toyota Prius (New),business_personal_trip_log_05_03_2024_12_00am_PDT-05_04_2024_12_00am_PDT.csv
5/3/24,4:00:54 PM,5/3/24,4:53:11 PM,16,B,,"21045 Bothell Everett Hwy, Bothell, WA 98021, USA","13131 19th Ave SE, Everett, WA 98208, USA",2013 Toyota Prius (New),business_personal_trip_log_05_03_2024_12_00am_PDT-05_04_2024_12_00am_PDT.csv
5/3/24,4:55:11 PM,5/3/24,5:10:48 PM,5.09,B,,"13212 Bothell Everett Hwy, Mill Creek, WA 98012, USA","20019 6 W, Lynnwood, WA 98036, USA",2013 Toyota Prius (New),business_personal_trip_log_05_03_2024_12_00am_PDT-05_04_2024_12_00am_PDT.csv
5/3/24,7:12:25 PM,5/3/24,7:46:39 PM,24,P,,"20019 6 W, Lynnwood, WA 98036, USA","9804 79th Dr NE, Marysville, WA 98270, USA",2013 Toyota Prius (New),business_personal_trip_log_05_03_2024_12_00am_PDT-05_04_2024_12_00am_PDT.csv
5/4/24,9:05:01 AM,5/4/24,9:27:00 AM,10,P,,"9804 79th Dr NE, Marysville, WA 98270, USA","1912 127th Ave NE, Lake Stevens, WA 98258, USA",2013 Toyota Prius (New),business_personal_trip_log_05_04_2024_12_00am_PDT-05_05_2024_12_00am_PDT.csv
5/4/24,10:08:12 AM,5/4/24,10:35:35 AM,13.05,P,,"1912 127th Ave NE, Lake Stevens, WA 98258, USA","9804 79th Dr NE, Marysville, WA 98270, USA",2013 Toyota Prius (New),business_personal_trip_log_05_04_2024_12_00am_PDT-05_05_2024_12_00am_PDT.csv
5/4/24,10:41:29 PM,5/4/24,11:15:22 PM,24.1,P,,"9804 79th Dr NE, Marysville, WA 98270, USA","20019 6 W, Lynnwood, WA 98036, USA",2013 Toyota Prius (New),business_personal_trip_log_05_04_2024_12_00am_PDT-05_05_2024_12_00am_PDT.csv
5/5/24,9:14:41 AM,5/5/24,9:27:36 AM,6.01,p,,"20012 6 W, Lynnwood, WA 98036, USA","4326 148th St SE, Bothell, WA 98012, USA",2013 Toyota Prius (New),business_personal_trip_log_05_05_2024_12_00am_PDT-05_06_2024_12_00am_PDT.csv
5/5/24,10:36:35 AM,5/5/24,10:50:06 AM,3,p,,"4326 148th St SE, Bothell, WA 98012, USA","16304 Bothell Everett Hwy, Mill Creek, WA 98012, USA",2013 Toyota Prius (New),business_personal_trip_log_05_05_2024_12_00am_PDT-05_06_2024_12_00am_PDT.csv
5/5/24,10:56:05 AM,5/5/24,11:05:06 AM,4.1,p,,"16232 Bothell Everett Hwy, Mill Creek, WA 98012, USA","20019 6 W, Lynnwood, WA 98036, USA",2013 Toyota Prius (New),business_personal_trip_log_05_05_2024_12_00am_PDT-05_06_2024_12_00am_PDT.csv
5/5/24,12:38:34 PM,5/5/24,12:59:47 PM,7.01,b,,"20012 6 W, Lynnwood, WA 98036, USA","4306 228th St SW, Mountlake Terrace, WA 98043, USA",2013 Toyota Prius (New),business_personal_trip_log_05_05_2024_12_00am_PDT-05_06_2024_12_00am_PDT.csv
5/5/24,1:03:23 PM,5/5/24,1:03:57 PM,0,b,,"22803 44th Ave W, Mountlake Terrace, WA 98043, USA","22803 44th Ave W, Mountlake Terrace, WA 98043, USA",2013 Toyota Prius (New),business_personal_trip_log_05_05_2024_12_00am_PDT-05_06_2024_12_00am_PDT.csv
5/5/24,2:08:31 PM,5/5/24,2:18:26 PM,3.02,b,,"22803 44th Ave W, Mountlake Terrace, WA 98043, USA","5313 NE 178th St, Lake Forest Park, WA 98155, USA",2013 Toyota Prius (New),business_personal_trip_log_05_05_2024_12_00am_PDT-05_06_2024_12_00am_PDT.csv
5/5/24,2:21:04 PM,5/5/24,2:45:41 PM,11.06,b,,"5323 NE 178th St, Lake Forest Park, WA 98155, USA","2701 184th St SW, Lynnwood, WA 98037, USA",2013 Toyota Prius (New),business_personal_trip_log_05_05_2024_12_00am_PDT-05_06_2024_12_00am_PDT.csv
5/5/24,3:05:27 PM,5/5/24,3:19:28 PM,6,b,,"2701 184th St SW, Lynnwood, WA 98037, USA","8320 234th St SW, Edmonds, WA 98026, USA",2013 Toyota Prius (New),business_personal_trip_log_05_05_2024_12_00am_PDT-05_06_2024_12_00am_PDT.csv
5/5/24,3:22:34 PM,5/5/24,3:38:45 PM,4.03,b,,"23410 Highway 99, Edmonds, WA 98026, USA","4615 196th St SW, Lynnwood, WA 98036, USA",2013 Toyota Prius (New),business_personal_trip_log_05_05_2024_12_00am_PDT-05_06_2024_12_00am_PDT.csv
5/5/24,5:08:08 PM,5/5/24,5:19:09 PM,4.07,b,,"4615 196th St SW, Lynnwood, WA 98036, USA","9317 215th St SW, Edmonds, WA 98020, USA",2013 Toyota Prius (New),business_personal_trip_log_05_05_2024_12_00am_PDT-05_06_2024_12_00am_PDT.csv
5/5/24,5:22:05 PM,5/5/24,5:23:55 PM,1,b,,"9317 215th St SW, Edmonds, WA 98020, USA","21824 96th Ave W, Edmonds, WA 98020, USA",2013 Toyota Prius (New),business_personal_trip_log_05_05_2024_12_00am_PDT-05_06_2024_12_00am_PDT.csv
5/5/24,5:26:11 PM,5/5/24,5:30:15 PM,1.01,b,,"21811 96th Ave W, Edmonds, WA 98020, USA","1120 5th Ave S, Edmonds, WA 98020, USA",2013 Toyota Prius (New),business_personal_trip_log_05_05_2024_12_00am_PDT-05_06_2024_12_00am_PDT.csv
5/5/24,5:34:05 PM,5/5/24,5:55:15 PM,8,b,,"1120 5th Ave S, Edmonds, WA 98020, USA","4615 196th St SW, Lynnwood, WA 98036, USA",2013 Toyota Prius (New),business_personal_trip_log_05_05_2024_12_00am_PDT-05_06_2024_12_00am_PDT.csv
5/5/24,6:52:17 PM,5/5/24,6:55:46 PM,0,b,,"4615 196th St SW, Lynnwood, WA 98036, USA","4028 196th St SW, Lynnwood, WA 98036, USA",2013 Toyota Prius (New),business_personal_trip_log_05_05_2024_12_00am_PDT-05_06_2024_12_00am_PDT.csv
5/5/24,6:57:46 PM,5/5/24,7:01:18 PM,1.01,b,,"3115 196th St SW, Lynnwood, WA 98036, USA","20420 23 W, Lynnwood, WA 98036, USA",2013 Toyota Prius (New),business_personal_trip_log_05_05_2024_12_00am_PDT-05_06_2024_12_00am_PDT.csv
5/5/24,7:06:15 PM,5/5/24,7:11:49 PM,2,b,,"20420 23 W, Lynnwood, WA 98036, USA","20019 6 W, Lynnwood, WA 98036, USA",2013 Toyota Prius (New),business_personal_trip_log_05_05_2024_12_00am_PDT-05_06_2024_12_00am_PDT.csv
5/6/24,12:58:28 PM,5/6/24,1:19:13 PM,8.01,p,,"20012 6 W, Lynnwood, WA 98036, USA","10601 47th Pl W, Mukilteo, WA 98275, USA",2013 Toyota Prius (New),business_personal_trip_log_05_06_2024_12_00am_PDT-05_07_2024_12_00am_PDT.csv
5/6/24,2:50:35 PM,5/6/24,3:04:31 PM,5,p,,"10601 47th Pl W, Mukilteo, WA 98275, USA","18133 33 W, Lynnwood, WA 98037, USA",2013 Toyota Prius (New),business_personal_trip_log_05_06_2024_12_00am_PDT-05_07_2024_12_00am_PDT.csv
5/6/24,3:07:20 PM,5/6/24,3:10:33 PM,0.01,b,,"18133 33rd Ave W, Lynnwood, WA 98037, USA","3101 184th St SW, Lynnwood, WA 98037, USA",2013 Toyota Prius (New),business_personal_trip_log_05_06_2024_12_00am_PDT-05_07_2024_12_00am_PDT.csv
5/6/24,3:14:38 PM,5/6/24,3:34:11 PM,7,b,,"18133 33rd Ave W, Lynnwood, WA 98037, USA","13004 Meridian Ave S, Everett, WA 98208, USA",2013 Toyota Prius (New),business_personal_trip_log_05_06_2024_12_00am_PDT-05_07_2024_12_00am_PDT.csv
5/6/24,3:59:17 PM,5/6/24,4:46:17 PM,14,b,,"13004 Meridian Ave S, Everett, WA 98208, USA","20715 Bothell Everett Hwy, Bothell, WA 98012, USA",2013 Toyota Prius (New),business_personal_trip_log_05_06_2024_12_00am_PDT-05_07_2024_12_00am_PDT.csv
5/6/24,4:48:31 PM,5/6/24,5:01:17 PM,6,b,,"20715 Bothell Everett Hwy, Bothell, WA 98012, USA","6714 Maltby Rd, Woodinville, WA 98072, USA",2013 Toyota Prius (New),business_personal_trip_log_05_06_2024_12_00am_PDT-05_07_2024_12_00am_PDT.csv
5/6/24,5:03:17 PM,5/6/24,5:28:50 PM,9.04,b,,"6714 Maltby Rd, Woodinville, WA 98072, USA","22803 44th Ave W, Mountlake Terrace, WA 98043, USA",2013 Toyota Prius (New),business_personal_trip_log_05_06_2024_12_00am_PDT-05_07_2024_12_00am_PDT.csv
5/6/24,5:36:58 PM,5/6/24,5:40:10 PM,2,b,,"22803 44th Ave W, Mountlake Terrace, WA 98043, USA","21210 44th Ave W, Mountlake Terrace, WA 98043, USA",2013 Toyota Prius (New),business_personal_trip_log_05_06_2024_12_00am_PDT-05_07_2024_12_00am_PDT.csv
5/6/24,5:42:10 PM,5/6/24,5:42:10 PM,0,b,,"20780 44th Ave W, Lynnwood, WA 98036, USA","20780 44th Ave W, Lynnwood, WA 98036, USA",2013 Toyota Prius (New),business_personal_trip_log_05_06_2024_12_00am_PDT-05_07_2024_12_00am_PDT.csv
5/6/24,5:43:10 PM,5/6/24,6:00:57 PM,7.09,b,,"20115 44th Ave W, Lynnwood, WA 98036, USA","20019 6 W, Lynnwood, WA 98036, USA",2013 Toyota Prius (New),business_personal_trip_log_05_06_2024_12_00am_PDT-05_07_2024_12_00am_PDT.csv
5/7/24,9:25:22 AM,5/7/24,9:42:23 AM,6.01,p,,"608 200th Pl SW, Lynnwood, WA 98036, USA","I-5, Mountlake Terrace, WA 98043, USA",2013 Toyota Prius (New),business_personal_trip_log_05_07_2024_12_00am_PDT-05_08_2024_12_00am_PDT.csv
5/7/24,9:44:23 AM,5/7/24,10:00:50 AM,7.01,p,,"I-5, Mountlake Terrace, WA 98043, USA","11000 Meridian Ave N, Seattle, WA 98133, USA",2013 Toyota Prius (New),business_personal_trip_log_05_07_2024_12_00am_PDT-05_08_2024_12_00am_PDT.csv
5/7/24,10:08:31 AM,5/7/24,11:02:52 AM,45.01,p,,"11016 Meridian Ave N, Seattle, WA 98133, USA","3325 Mountain View Ave W, Tacoma, WA 98466, USA",2013 Toyota Prius (New),business_personal_trip_log_05_07_2024_12_00am_PDT-05_08_2024_12_00am_PDT.csv
5/7/24,7:45:00 PM,5/7/24,8:47:42 PM,55.01,p,,"7904 35th St W, University Place, WA 98466, USA","20019 6th Pl W, Lynnwood, WA 98036, USA",2013 Toyota Prius (New),business_personal_trip_log_05_07_2024_12_00am_PDT-05_08_2024_12_00am_PDT.csv
5/8/24,10:10:46 AM,5/8/24,10:21:34 AM,3.01,p,,"20019 6 W, Lynnwood, WA 98036, USA","15906 Mill Creek Blvd, Mill Creek, WA 98012, USA",2013 Toyota Prius (New),business_personal_trip_log_05_08_2024_12_00am_PDT-05_09_2024_12_00am_PDT.csv
5/8/24,11:01:29 AM,5/8/24,11:02:53 AM,1,p,,"15906 Mill Creek Blvd, Mill Creek, WA 98012, USA","16300 Mill Creek Blvd, Mill Creek, WA 98012, USA",2013 Toyota Prius (New),business_personal_trip_log_05_08_2024_12_00am_PDT-05_09_2024_12_00am_PDT.csv
5/8/24,11:05:53 AM,5/8/24,11:18:26 AM,5.01,p,,"16320 Mill Creek Blvd, Mill Creek, WA 98012, USA","20202 46th Ave W, Lynnwood, WA 98036, USA",2013 Toyota Prius (New),business_personal_trip_log_05_08_2024_12_00am_PDT-05_09_2024_12_00am_PDT.csv
5/8/24,2:44:22 PM,5/8/24,3:08:04 PM,4,b,,"4610 200th St SW, Lynnwood, WA 98036, USA","21109 76th Ave W, Edmonds, WA 98026, USA",2013 Toyota Prius (New),business_personal_trip_log_05_08_2024_12_00am_PDT-05_09_2024_12_00am_PDT.csv
5/8/24,3:11:20 PM,5/8/24,3:18:15 PM,1,b,,"21109 76th Ave W, Edmonds, WA 98026, USA","7009 212th St SW, Edmonds, WA 98026, USA",2013 Toyota Prius (New),business_personal_trip_log_05_08_2024_12_00am_PDT-05_09_2024_12_00am_PDT.csv
5/8/24,3:22:15 PM,5/8/24,3:28:23 PM,2.02,b,,"6619 212th St SW, Lynnwood, WA 98036, USA","21201 44th Ave W, Mountlake Terrace, WA 98043, USA",2013 Toyota Prius (New),business_personal_trip_log_05_08_2024_12_00am_PDT-05_09_2024_12_00am_PDT.csv
5/8/24,3:35:44 PM,5/8/24,3:50:23 PM,3,b,,"21201 44th Ave W, Mountlake Terrace, WA 98043, USA","20000 44th Ave W, Lynnwood, WA 98036, USA",2013 Toyota Prius (New),business_personal_trip_log_05_08_2024_12_00am_PDT-05_09_2024_12_00am_PDT.csv
5/8/24,3:54:23 PM,5/8/24,4:16:42 PM,5,b,,"4001 Alderwood Mall Blvd, Lynnwood, WA 98036, USA","18732 36 W, Lynnwood, WA 98037, USA",2013 Toyota Prius (New),business_personal_trip_log_05_08_2024_12_00am_PDT-05_09_2024_12_00am_PDT.csv
5/8/24,4:18:42 PM,5/8/24,4:43:52 PM,6.09,b,,"3909 188th St SW, Lynnwood, WA 98037, USA","20019 6th Pl W, Lynnwood, WA 98036, USA",2013 Toyota Prius (New),business_personal_trip_log_05_08_2024_12_00am_PDT-05_09_2024_12_00am_PDT.csv
5/9/24,10:21:56 AM,5/9/24,10:38:33 AM,8,p,,"20019 6 W, Lynnwood, WA 98036, USA","10601 47th Pl W, Mukilteo, WA 98275, USA",2013 Toyota Prius (New),business_personal_trip_log_05_09_2024_12_00am_PDT-05_10_2024_12_00am_PDT.csv
5/9/24,11:42:04 AM,5/9/24,11:59:57 AM,8.09,p,,"10601 47th Pl W, Mukilteo, WA 98275, USA","20019 6 W, Lynnwood, WA 98036, USA",2013 Toyota Prius (New),business_personal_trip_log_05_09_2024_12_00am_PDT-05_10_2024_12_00am_PDT.csv
5/9/24,12:46:47 PM,5/9/24,12:53:30 PM,3,b,,"20019 6 W, Lynnwood, WA 98036, USA","19401 Alderwood Mall Pkwy, Lynnwood, WA 98036, USA",2013 Toyota Prius (New),business_personal_trip_log_05_09_2024_12_00am_PDT-05_10_2024_12_00am_PDT.csv
5/9/24,1:00:45 PM,5/9/24,1:22:32 PM,5,b,,"19401 Alderwood Mall Pkwy, Lynnwood, WA 98036, USA","3404 148th St SW, Lynnwood, WA 98087, USA",2013 Toyota Prius (New),business_personal_trip_log_05_09_2024_12_00am_PDT-05_10_2024_12_00am_PDT.csv
5/9/24,1:24:32 PM,5/9/24,1:33:05 PM,2.01,b,,"3625 148th St SW, Lynnwood, WA 98087, USA","14600 60th Pl W, Edmonds, WA 98026, USA",2013 Toyota Prius (New),business_personal_trip_log_05_09_2024_12_00am_PDT-05_10_2024_12_00am_PDT.csv
5/9/24,1:35:57 PM,5/9/24,1:50:16 PM,5,b,,"14600 60th Pl W, Edmonds, WA 98026, USA","10900 Mukilteo Speedway, Mukilteo, WA 98275, USA",2013 Toyota Prius (New),business_personal_trip_log_05_09_2024_12_00am_PDT-05_10_2024_12_00am_PDT.csv
5/9/24,1:53:10 PM,5/9/24,2:01:18 PM,2,b,,"10900 Mukilteo Speedway, Mukilteo, WA 98275, USA","3816 132nd St SW, Lynnwood, WA 98087, USA",2013 Toyota Prius (New),business_personal_trip_log_05_09_2024_12_00am_PDT-05_10_2024_12_00am_PDT.csv
5/9/24,2:05:33 PM,5/9/24,4:13:02 PM,31.11,b,,"3816 132nd St SW, Lynnwood, WA 98087, USA","15631 Ash Way, Lynnwood, WA 98087, USA",2013 Toyota Prius (New),business_personal_trip_log_05_09_2024_12_00am_PDT-05_10_2024_12_00am_PDT.csv
5/9/24,4:15:11 PM,5/9/24,4:25:31 PM,2,b,,"15631 Ash Way, Lynnwood, WA 98087, USA","17955 Alderwood Mall Pkwy, Lynnwood, WA 98037, USA",2013 Toyota Prius (New),business_personal_trip_log_05_09_2024_12_00am_PDT-05_10_2024_12_00am_PDT.csv
5/9/24,4:28:31 PM,5/9/24,4:50:20 PM,5.11,b,,"17955 Alderwood Mall Pkwy, Lynnwood, WA 98037, USA","20019 6 W, Lynnwood, WA 98036, USA",2013 Toyota Prius (New),business_personal_trip_log_05_09_2024_12_00am_PDT-05_10_2024_12_00am_PDT.csv
5/10/24,11:10:33 AM,5/10/24,12:31:56 PM,56.01,p,,"20019 6 W, Lynnwood, WA 98036, USA","2623 Bridgeport Way W, University Place, WA 98466, USA",2013 Toyota Prius (New),business_personal_trip_log_05_10_2024_12_00am_PDT-05_11_2024_12_00am_PDT.csv
5/10/24,12:37:31 PM,5/10/24,12:39:40 PM,1.07,p,,"2623 Bridgeport Way W, University Place, WA 98466, USA","3325 Mountain View Ave W, Tacoma, WA 98466, USA",2013 Toyota Prius (New),business_personal_trip_log_05_10_2024_12_00am_PDT-05_11_2024_12_00am_PDT.csv
5/10/24,7:33:35 PM,5/10/24,7:42:49 PM,3,p,,"3328 Mountain View Ave W, Tacoma, WA 98466, USA","4814 Center St, Tacoma, WA 98409, USA",2013 Toyota Prius (New),business_personal_trip_log_05_10_2024_12_00am_PDT-05_11_2024_12_00am_PDT.csv
5/10/24,7:48:02 PM,5/10/24,8:45:16 PM,52.01,p,,"4814 Center St, Tacoma, WA 98409, USA","20019 6 W, Lynnwood, WA 98036, USA",2013 Toyota Prius (New),business_personal_trip_log_05_10_2024_12_00am_PDT-05_11_2024_12_00am_PDT.csv
5/11/24,9:15:53 AM,5/11/24,9:26:32 AM,4,p,,"20019 6 W, Lynnwood, WA 98036, USA","20202 46th Ave W, Lynnwood, WA 98036, USA",2013 Toyota Prius (New),business_personal_trip_log_05_11_2024_12_00am_PDT-05_12_2024_12_00am_PDT.csv
5/11/24,11:19:18 AM,5/11/24,11:30:26 AM,4.1,p,,"20104 48th Ave W, Lynnwood, WA 98036, USA","20025 6th Pl W, Lynnwood, WA 98036, USA",2013 Toyota Prius (New),business_personal_trip_log_05_11_2024_12_00am_PDT-05_12_2024_12_00am_PDT.csv
5/11/24,12:31:23 PM,5/11/24,12:39:33 PM,3,p,,"20019 6 W, Lynnwood, WA 98036, USA","605 164th St SE, Bothell, WA 98012, USA",2013 Toyota Prius (New),business_personal_trip_log_05_11_2024_12_00am_PDT-05_12_2024_12_00am_PDT.csv
5/11/24,12:42:10 PM,5/11/24,12:43:10 PM,0,p,,"16320 Mill Creek Blvd, Mill Creek, WA 98012, USA","16330 Bothell Everett Hwy, Mill Creek, WA 98012, USA",2013 Toyota Prius (New),business_personal_trip_log_05_11_2024_12_00am_PDT-05_12_2024_12_00am_PDT.csv
5/11/24,12:49:35 PM,5/11/24,12:56:34 PM,3,p,,"16330 Bothell Everett Hwy, Mill Creek, WA 98012, USA","404 N Damson Rd, Lynnwood, WA 98036, USA",2013 Toyota Prius (New),business_personal_trip_log_05_11_2024_12_00am_PDT-05_12_2024_12_00am_PDT.csv
5/11/24,12:58:34 PM,5/11/24,1:00:34 PM,1,p,,"404 N Damson Rd, Lynnwood, WA 98036, USA","20019 6 W, Lynnwood, WA 98036, USA",2013 Toyota Prius (New),business_personal_trip_log_05_11_2024_12_00am_PDT-05_12_2024_12_00am_PDT.csv
5/11/24,1:06:09 PM,5/11/24,1:18:46 PM,3,b,,"608 200th Pl SW, Lynnwood, WA 98036, USA","18133 33rd Ave W, Lynnwood, WA 98037, USA",2013 Toyota Prius (New),business_personal_trip_log_05_11_2024_12_00am_PDT-05_12_2024_12_00am_PDT.csv
5/11/24,1:20:53 PM,5/11/24,1:22:53 PM,0,b,,"18133 33rd Ave W, Lynnwood, WA 98037, USA","2915 184th St SW, Lynnwood, WA 98037, USA",2013 Toyota Prius (New),business_personal_trip_log_05_11_2024_12_00am_PDT-05_12_2024_12_00am_PDT.csv
5/11/24,1:34:06 PM,5/11/24,1:56:06 PM,7,b,,"2915 184th St SW, Lynnwood, WA 98037, USA","17181 Bothell Way NE, Lake Forest Park, WA 98155, USA",2013 Toyota Prius (New),business_personal_trip_log_05_11_2024_12_00am_PDT-05_12_2024_12_00am_PDT.csv
5/11/24,2:11:08 PM,5/11/24,2:21:36 PM,3,b,,"17230 Bothell Way NE, Lake Forest Park, WA 98155, USA","20061 Ballinger Rd NE, Shoreline, WA 98155, USA",2013 Toyota Prius (New),business_personal_trip_log_05_11_2024_12_00am_PDT-05_12_2024_12_00am_PDT.csv
5/11/24,2:27:30 PM,5/11/24,3:14:46 PM,16.01,b,,"20061 Ballinger Rd NE, Shoreline, WA 98155, USA","20019 6 W, Lynnwood, WA 98036, USA",2013 Toyota Prius (New),business_personal_trip_log_05_11_2024_12_00am_PDT-05_12_2024_12_00am_PDT.csv
5/12/24,9:12:05 AM,5/12/24,9:25:56 AM,6,p,,"20019 6 W, Lynnwood, WA 98036, USA","4326 148th St SE, Bothell, WA 98012, USA",2013 Toyota Prius (New),business_personal_trip_log_05_12_2024_12_00am_PDT-05_13_2024_12_00am_PDT.csv
5/12/24,11:24:25 AM,5/12/24,11:32:38 AM,3,p,,"4326 148th St SE, Bothell, WA 98012, USA","16320 Bothell-Everett Hwy, Bothell, WA 98012, USA",2013 Toyota Prius (New),business_personal_trip_log_05_12_2024_12_00am_PDT-05_13_2024_12_00am_PDT.csv
5/12/24,11:46:13 AM,5/12/24,11:56:24 AM,3.1,p,,"16232 Bothell Everett Hwy, Mill Creek, WA 98012, USA","20019 6 W, Lynnwood, WA 98036, USA",2013 Toyota Prius (New),business_personal_trip_log_05_12_2024_12_00am_PDT-05_13_2024_12_00am_PDT.csv
5/12/24,2:09:45 PM,5/12/24,2:20:39 PM,4,p,,"20012 6 W, Lynnwood, WA 98036, USA","1300 164th St SW, Lynnwood, WA 98087, USA",2013 Toyota Prius (New),business_personal_trip_log_05_12_2024_12_00am_PDT-05_13_2024_12_00am_PDT.csv
5/12/24,2:28:00 PM,5/12/24,2:28:59 PM,0,p,,"1330 164th St SW, Lynnwood, WA 98087, USA","1330 164th St SW, Lynnwood, WA 98087, USA",2013 Toyota Prius (New),business_personal_trip_log_05_12_2024_12_00am_PDT-05_13_2024_12_00am_PDT.csv
5/12/24,2:31:06 PM,5/12/24,2:39:11 PM,3.1,p,,"1332 164th St SW, Lynnwood, WA 98087, USA","20019 6 W, Lynnwood, WA 98036, USA",2013 Toyota Prius (New),business_personal_trip_log_05_12_2024_12_00am_PDT-05_13_2024_12_00am_PDT.csv
5/12/24,2:44:45 PM,5/12/24,3:05:22 PM,10,p,,"20019 6 W, Lynnwood, WA 98036, USA","7010 Yew St, Everett, WA 98203, USA",2013 Toyota Prius (New),business_personal_trip_log_05_12_2024_12_00am_PDT-05_13_2024_12_00am_PDT.csv
5/12/24,3:07:22 PM,5/12/24,3:41:27 PM,13.05,p,,"2520 Madison St, Everett, WA 98203, USA","10622 60th St NE, Lake Stevens, WA 98258, USA",2013 Toyota Prius (New),business_personal_trip_log_05_12_2024_12_00am_PDT-05_13_2024_12_00am_PDT.csv
5/12/24,8:53:45 PM,5/12/24,9:28:07 PM,23.1,p,,"10622 60th St NE, Lake Stevens, WA 98258, USA","20019 6 W, Lynnwood, WA 98036, USA",2013 Toyota Prius (New),business_personal_trip_log_05_12_2024_12_00am_PDT-05_13_2024_12_00am_PDT.csv
5/13/24,11:02:24 AM,5/13/24,11:20:00 AM,7.01,p,,"20019 6 W, Lynnwood, WA 98036, USA","13710 59th Ave SE, Everett, WA 98208, USA",2013 Toyota Prius (New),business_personal_trip_log_05_13_2024_12_00am_PDT-05_14_2024_12_00am_PDT.csv
5/13/24,12:29:41 PM,5/13/24,12:34:15 PM,1.01,p,,"13716 59th Ave SE, Everett, WA 98208, USA","13209 39th Ave SE, Bothell, WA 98012, USA",2013 Toyota Prius (New),business_personal_trip_log_05_13_2024_12_00am_PDT-05_14_2024_12_00am_PDT.csv
5/13/24,12:41:22 PM,5/13/24,12:48:00 PM,1,p,,"13223 39th Ave SE, Bothell, WA 98012, USA","2110 132nd St SE, Mill Creek, WA 98012, USA",2013 Toyota Prius (New),business_personal_trip_log_05_13_2024_12_00am_PDT-05_14_2024_12_00am_PDT.csv
5/13/24,1:22:03 PM,5/13/24,1:41:03 PM,6.01,p,,"2110 132nd St SE, Mill Creek, WA 98012, USA","20019 6 W, Lynnwood, WA 98036, USA",2013 Toyota Prius (New),business_personal_trip_log_05_13_2024_12_00am_PDT-05_14_2024_12_00am_PDT.csv
5/13/24,4:05:45 PM,5/13/24,4:15:09 PM,3.01,p,,"20019 6 W, Lynnwood, WA 98036, USA","3100 196th St SW, Lynnwood, WA 98036, USA",2013 Toyota Prius (New),business_personal_trip_log_05_13_2024_12_00am_PDT-05_14_2024_12_00am_PDT.csv
5/13/24,4:28:03 PM,5/13/24,4:38:02 PM,3,p,,"3100 196th St SW, Lynnwood, WA 98036, USA","20019 6 W, Lynnwood, WA 98036, USA",2013 Toyota Prius (New),business_personal_trip_log_05_13_2024_12_00am_PDT-05_14_2024_12_00am_PDT.csv
5/13/24,4:45:49 PM,5/13/24,4:53:55 PM,3.01,p,,"20019 6 W, Lynnwood, WA 98036, USA","3100 196th St SW, Lynnwood, WA 98036, USA",2013 Toyota Prius (New),business_personal_trip_log_05_13_2024_12_00am_PDT-05_14_2024_12_00am_PDT.csv
5/13/24,5:09:16 PM,5/13/24,5:17:32 PM,3.1,p,,"3100 196th St SW, Lynnwood, WA 98036, USA","20013 6 W, Lynnwood, WA 98036, USA",2013 Toyota Prius (New),business_personal_trip_log_05_13_2024_12_00am_PDT-05_14_2024_12_00am_PDT.csv
5/15/24,6:25:29 AM,5/15/24,6:49:22 AM,19,p,,"20019 6 W, Lynnwood, WA 98036, USA","717 State Route 9 NE, Lake Stevens, WA 98258, USA",2013 Toyota Prius (New),business_personal_trip_log_05_15_2024_12_00am_PDT-05_16_2024_12_00am_PDT.csv
5/15/24,6:58:54 AM,5/15/24,7:07:56 AM,4.05,p,,"709 State Route 9 NE, Lake Stevens, WA 98258, USA","10622 60th St NE, Lake Stevens, WA 98258, USA",2013 Toyota Prius (New),business_personal_trip_log_05_15_2024_12_00am_PDT-05_16_2024_12_00am_PDT.csv
5/15/24,10:47:18 AM,5/15/24,11:14:37 AM,17.05,p,,"10622 60th St NE, Lake Stevens, WA 98258, USA","13710 59th Ave SE, Everett, WA 98208, USA",2013 Toyota Prius (New),business_personal_trip_log_05_15_2024_12_00am_PDT-05_16_2024_12_00am_PDT.csv
5/15/24,6:25:59 PM,5/15/24,6:59:04 PM,17.02,p,,"13723 59th Ave SE, Everett, WA 98208, USA","8336 164th Ave NE, Redmond, WA 98052, USA",2013 Toyota Prius (New),business_personal_trip_log_05_15_2024_12_00am_PDT-05_16_2024_12_00am_PDT.csv
5/15/24,7:05:29 PM,5/15/24,7:10:04 PM,1,p,,"8316 164th Ave NE, Redmond, WA 98052, USA","7301 164th Ave NE, Redmond, WA 98052, USA",2013 Toyota Prius (New),business_personal_trip_log_05_15_2024_12_00am_PDT-05_16_2024_12_00am_PDT.csv
5/15/24,9:58:35 PM,5/15/24,10:45:05 PM,25.1,p,,"7301 164th Ave NE, Redmond, WA 98052, USA","20019 6 W, Lynnwood, WA 98036, USA",2013 Toyota Prius (New),business_personal_trip_log_05_15_2024_12_00am_PDT-05_16_2024_12_00am_PDT.csv
5/16/24,8:10:51 AM,5/16/24,8:15:05 AM,1.1,p,,"20019 6 W, Lynnwood, WA 98036, USA","20019 6 W, Lynnwood, WA 98036, USA",2013 Toyota Prius (New),business_personal_trip_log_05_16_2024_12_00am_PDT-05_17_2024_12_00am_PDT.csv
5/16/24,8:17:49 AM,5/16/24,8:35:01 AM,8.01,p,,"20019 6 W, Lynnwood, WA 98036, USA","13716 59th Ave SE, Everett, WA 98208, USA",2013 Toyota Prius (New),business_personal_trip_log_05_16_2024_12_00am_PDT-05_17_2024_12_00am_PDT.csv
5/16/24,8:15:55 PM,5/16/24,8:25:52 PM,4,p,,"13832 59th Ave SE, Everett, WA 98208, USA","16317 Bothell Everett Hwy, Bothell, WA 98012, USA",2013 Toyota Prius (New),business_personal_trip_log_05_16_2024_12_00am_PDT-05_17_2024_12_00am_PDT.csv
5/16/24,8:27:52 PM,5/16/24,8:35:24 PM,3.1,p,,"332 163rd Pl SE, Bothell, WA 98012, USA","20019 6 W, Lynnwood, WA 98036, USA",2013 Toyota Prius (New),business_personal_trip_log_05_16_2024_12_00am_PDT-05_17_2024_12_00am_PDT.csv
5/17/24,8:47:17 AM,5/17/24,9:09:07 AM,8.02,p,,"20019 6 W, Lynnwood, WA 98036, USA","13707 59th Ave SE, Everett, WA 98208, USA",2013 Toyota Prius (New),business_personal_trip_log_05_17_2024_12_00am_PDT-05_18_2024_12_00am_PDT.csv
5/17/24,7:51:56 PM,5/17/24,8:09:32 PM,7.1,p,,"13701 59th Ave SE, Everett, WA 98208, USA","20019 6 W, Lynnwood, WA 98036, USA",2013 Toyota Prius (New),business_personal_trip_log_05_17_2024_12_00am_PDT-05_18_2024_12_00am_PDT.csv
5/18/24,9:50:24 AM,5/18/24,10:09:10 AM,8,p,,"608 200th Pl SW, Lynnwood, WA 98036, USA","15601 60th Dr SE, Snohomish, WA 98296, USA",2013 Toyota Prius (New),business_personal_trip_log_05_18_2024_12_00am_PDT-05_19_2024_12_00am_PDT.csv
5/18/24,10:15:37 AM,5/18/24,10:21:24 AM,1.02,p,,"15601 60th Dr SE, Snohomish, WA 98296, USA","6917 150th Pl SE, Snohomish, WA 98296, USA",2013 Toyota Prius (New),business_personal_trip_log_05_18_2024_12_00am_PDT-05_19_2024_12_00am_PDT.csv
5/18/24,10:25:41 AM,5/18/24,10:27:28 AM,0,p,,"6917 150th Pl SE, Snohomish, WA 98296, USA","15303 67th Dr SE, Snohomish, WA 98296, USA",2013 Toyota Prius (New),business_personal_trip_log_05_18_2024_12_00am_PDT-05_19_2024_12_00am_PDT.csv
5/18/24,10:30:20 AM,5/18/24,10:38:19 AM,2.06,p,,"15308 67th Dr SE, Snohomish, WA 98296, USA","14906 61st Dr SE, Snohomish, WA 98296, USA",2013 Toyota Prius (New),business_personal_trip_log_05_18_2024_12_00am_PDT-05_19_2024_12_00am_PDT.csv
5/18/24,10:47:27 AM,5/18/24,10:49:40 AM,0.07,p,,"14815 61st Dr SE, Snohomish, WA 98296, USA","6301 154th St SE, Snohomish, WA 98296, USA",2013 Toyota Prius (New),business_personal_trip_log_05_18_2024_12_00am_PDT-05_19_2024_12_00am_PDT.csv
5/18/24,10:57:42 AM,5/18/24,11:07:41 AM,3,p,,"6302 154th St SE, Snohomish, WA 98296, USA","6329 151st St SE, Snohomish, WA 98296, USA",2013 Toyota Prius (New),business_personal_trip_log_05_18_2024_12_00am_PDT-05_19_2024_12_00am_PDT.csv
5/18/24,11:11:53 AM,5/18/24,11:23:06 AM,3.01,p,,"6332 151st St SE, Snohomish, WA 98296, USA","13702 59th Ave SE, Everett, WA 98208, USA",2013 Toyota Prius (New),business_personal_trip_log_05_18_2024_12_00am_PDT-05_19_2024_12_00am_PDT.csv
5/18/24,11:39:18 AM,5/18/24,11:44:49 AM,1,p,,"13628 59th Ave SE, Everett, WA 98208, USA","6620 133rd St SE, Snohomish, WA 98296, USA",2013 Toyota Prius (New),business_personal_trip_log_05_18_2024_12_00am_PDT-05_19_2024_12_00am_PDT.csv
5/18/24,11:47:05 AM,5/18/24,11:58:13 AM,4,p,,"13320 67th Ave SE, Snohomish, WA 98296, USA","7914 150th St SE, Snohomish, WA 98296, USA",2013 Toyota Prius (New),business_personal_trip_log_05_18_2024_12_00am_PDT-05_19_2024_12_00am_PDT.csv
5/18/24,12:03:06 PM,5/18/24,12:08:03 PM,1.03,p,,Unknown,"15122 78th Ave SE, Snohomish, WA 98296, USA",2013 Toyota Prius (New),business_personal_trip_log_05_18_2024_12_00am_PDT-05_19_2024_12_00am_PDT.csv
5/18/24,12:23:47 PM,5/18/24,12:28:49 PM,1.04,p,,"15128 78th Ave SE, Snohomish, WA 98296, USA","7708 153rd St SE, Snohomish, WA 98296, USA",2013 Toyota Prius (New),business_personal_trip_log_05_18_2024_12_00am_PDT-05_19_2024_12_00am_PDT.csv
5/18/24,12:31:17 PM,5/18/24,12:32:16 PM,0,p,,"7708 153rd St SE, Snohomish, WA 98296, USA","7630 153rd St SE, Snohomish, WA 98296, USA",2013 Toyota Prius (New),business_personal_trip_log_05_18_2024_12_00am_PDT-05_19_2024_12_00am_PDT.csv
5/18/24,12:38:14 PM,5/18/24,12:40:51 PM,0,p,,"7615 153rd St SE, Snohomish, WA 98296, USA","15119 78th Ave SE, Snohomish, WA 98296, USA",2013 Toyota Prius (New),business_personal_trip_log_05_18_2024_12_00am_PDT-05_19_2024_12_00am_PDT.csv
5/18/24,12:42:51 PM,5/18/24,12:54:22 PM,3,p,,"15110 78th Ave SE, Snohomish, WA 98296, USA","15601 60th Dr SE, Snohomish, WA 98296, USA",2013 Toyota Prius (New),business_personal_trip_log_05_18_2024_12_00am_PDT-05_19_2024_12_00am_PDT.csv
5/18/24,12:57:55 PM,5/18/24,1:15:07 PM,6,p,,"15601 60th Dr SE, Snohomish, WA 98296, USA","404 N Damson Rd, Lynnwood, WA 98036, USA",2013 Toyota Prius (New),business_personal_trip_log_05_18_2024_12_00am_PDT-05_19_2024_12_00am_PDT.csv
5/18/24,1:17:26 PM,5/18/24,1:20:30 PM,1.1,p,,"19225 Damson Rd, Lynnwood, WA 98036, USA","20019 6 W, Lynnwood, WA 98036, USA",2013 Toyota Prius (New),business_personal_trip_log_05_18_2024_12_00am_PDT-05_19_2024_12_00am_PDT.csv
5/18/24,2:18:18 PM,5/18/24,2:57:09 PM,22.02,p,,"726 200th Pl SW, Lynnwood, WA 98036, USA","6810 84th St NE, Marysville, WA 98270, USA",2013 Toyota Prius (New),business_personal_trip_log_05_18_2024_12_00am_PDT-05_19_2024_12_00am_PDT.csv
5/18/24,9:07:33 PM,5/18/24,9:40:38 PM,23,p,,"6810 84th St NE, Marysville, WA 98270, USA","20019 6 W, Lynnwood, WA 98036, USA",2013 Toyota Prius (New),business_personal_trip_log_05_18_2024_12_00am_PDT-05_19_2024_12_00am_PDT.csv
5/19/24,9:12:45 AM,5/19/24,9:26:29 AM,6.01,p,,"20019 6 W, Lynnwood, WA 98036, USA","4326 148th St SE, Bothell, WA 98012, USA",2013 Toyota Prius (New),business_personal_trip_log_05_19_2024_12_00am_PDT-05_20_2024_12_00am_PDT.csv
5/19/24,10:39:27 AM,5/19/24,10:57:40 AM,6.04,p,,"4326 148th St SE, Bothell, WA 98012, USA","20019 6 W, Lynnwood, WA 98036, USA",2013 Toyota Prius (New),business_personal_trip_log_05_19_2024_12_00am_PDT-05_20_2024_12_00am_PDT.csv
5/19/24,12:00:23 PM,5/19/24,12:12:56 PM,4,b,,"20019 6 W, Lynnwood, WA 98036, USA","18133 33 W, Lynnwood, WA 98037, USA",2013 Toyota Prius (New),business_personal_trip_log_05_19_2024_12_00am_PDT-05_20_2024_12_00am_PDT.csv
5/19/24,12:17:19 PM,5/19/24,12:18:18 PM,0,b,,"18133 33 W, Lynnwood, WA 98037, USA","3101 184th St SW, Lynnwood, WA 98037, USA",2013 Toyota Prius (New),business_personal_trip_log_05_19_2024_12_00am_PDT-05_20_2024_12_00am_PDT.csv
5/19/24,1:34:30 PM,5/19/24,1:39:20 PM,0,b,,"18133 33rd Ave W, Lynnwood, WA 98037, USA","17902 30th Pl W, Lynnwood, WA 98037, USA",2013 Toyota Prius (New),business_personal_trip_log_05_19_2024_12_00am_PDT-05_20_2024_12_00am_PDT.csv
5/19/24,1:42:20 PM,5/19/24,2:33:51 PM,20.02,b,,"17955 Alderwood Mall Pkwy, Lynnwood, WA 98037, USA","121 Pontius Ave N, Seattle, WA 98109, USA",2013 Toyota Prius (New),business_personal_trip_log_05_19_2024_12_00am_PDT-05_20_2024_12_00am_PDT.csv
5/19/24,2:46:55 PM,5/19/24,2:53:49 PM,1,b,,"133 Pontius Ave N, Seattle, WA 98109, USA","700 Pike St, Seattle, WA 98101, USA",2013 Toyota Prius (New),business_personal_trip_log_05_19_2024_12_00am_PDT-05_20_2024_12_00am_PDT.csv
5/19/24,3:05:45 PM,5/19/24,3:06:45 PM,0,b,,"1500 9th Ave, Seattle, WA 98101, USA","1112 Pike St, Seattle, WA 98101, USA",2013 Toyota Prius (New),business_personal_trip_log_05_19_2024_12_00am_PDT-05_20_2024_12_00am_PDT.csv
5/19/24,3:09:02 PM,5/19/24,3:18:38 PM,1.01,b,,"309 E Pike St, Seattle, WA 98122, USA","118 6th Ave N, Seattle, WA 98109, USA",2013 Toyota Prius (New),business_personal_trip_log_05_19_2024_12_00am_PDT-05_20_2024_12_00am_PDT.csv
5/19/24,3:32:42 PM,5/19/24,3:49:01 PM,7,b,,"402R 6th Ave N, Seattle, WA 98109, USA","10200 1st Ave NE, Seattle, WA 98125, USA",2013 Toyota Prius (New),business_personal_trip_log_05_19_2024_12_00am_PDT-05_20_2024_12_00am_PDT.csv
5/19/24,3:59:17 PM,5/19/24,4:17:01 PM,11.1,b,,"10300 1st Ave NE, Seattle, WA 98125, USA","20019 6 W, Lynnwood, WA 98036, USA",2013 Toyota Prius (New),business_personal_trip_log_05_19_2024_12_00am_PDT-05_20_2024_12_00am_PDT.csv
5/20/24,11:28:20 AM,5/20/24,11:55:58 AM,11,p,,"20019 6 W, Lynnwood, WA 98036, USA","9010 Marsh Rd, Snohomish, WA 98296, USA",2013 Toyota Prius (New),business_personal_trip_log_05_20_2024_12_00am_PDT-05_21_2024_12_00am_PDT.csv
5/20/24,11:59:28 AM,5/20/24,12:15:49 PM,7.02,p,,"9010 Marsh Rd, Snohomish, WA 98296, USA","1225 Mill Creek Rd, Mill Creek, WA 98012, USA",2013 Toyota Prius (New),business_personal_trip_log_05_20_2024_12_00am_PDT-05_21_2024_12_00am_PDT.csv
5/20/24,12:17:49 PM,5/20/24,12:18:49 PM,0,p,,"16410 Bothell Everett Hwy, Bothell, WA 98012, USA","16314 Bothell Everett Hwy, Mill Creek, WA 98012, USA",2013 Toyota Prius (New),business_personal_trip_log_05_20_2024_12_00am_PDT-05_21_2024_12_00am_PDT.csv
5/20/24,12:20:49 PM,5/20/24,12:27:19 PM,3.1,p,,"125 164th St SE, Bothell, WA 98012, USA","20019 6 W, Lynnwood, WA 98036, USA",2013 Toyota Prius (New),business_personal_trip_log_05_20_2024_12_00am_PDT-05_21_2024_12_00am_PDT.csv
5/20/24,2:27:49 PM,5/20/24,2:28:51 PM,0,b,,"608 200th Pl SW, Lynnwood, WA 98036, USA","717 200th Pl SW, Lynnwood, WA 98036, USA",2013 Toyota Prius (New),business_personal_trip_log_05_20_2024_12_00am_PDT-05_21_2024_12_00am_PDT.csv
5/20/24,2:31:43 PM,5/20/24,2:38:42 PM,2,b,,"717 200th Pl SW, Lynnwood, WA 98036, USA","1427 195th Pl SW, Lynnwood, WA 98036, USA",2013 Toyota Prius (New),business_personal_trip_log_05_20_2024_12_00am_PDT-05_21_2024_12_00am_PDT.csv
5/20/24,2:41:44 PM,5/20/24,3:24:55 PM,15,b,,"1427 195th Pl SW, Lynnwood, WA 98036, USA","11800 Mukilteo Speedway, Mukilteo, WA 98275, USA",2013 Toyota Prius (New),business_personal_trip_log_05_20_2024_12_00am_PDT-05_21_2024_12_00am_PDT.csv
5/20/24,3:30:00 PM,5/20/24,3:42:11 PM,3,b,,"11800 Mukilteo Speedway, Mukilteo, WA 98275, USA","11832 Mukilteo Speedway, Mukilteo, WA 98275, USA",2013 Toyota Prius (New),business_personal_trip_log_05_20_2024_12_00am_PDT-05_21_2024_12_00am_PDT.csv
5/20/24,3:47:58 PM,5/20/24,3:50:46 PM,0,b,,"11832 Mukilteo Speedway, Mukilteo, WA 98275, USA","12714 Mukilteo Speedway, Mukilteo, WA 98275, USA",2013 Toyota Prius (New),business_personal_trip_log_05_20_2024_12_00am_PDT-05_21_2024_12_00am_PDT.csv
5/20/24,3:57:12 PM,5/20/24,4:04:38 PM,2,b,,"12714 Mukilteo Speedway, Mukilteo, WA 98275, USA","14826 Highway 99, Lynnwood, WA 98087, USA",2013 Toyota Prius (New),business_personal_trip_log_05_20_2024_12_00am_PDT-05_21_2024_12_00am_PDT.csv
5/20/24,4:12:38 PM,5/20/24,4:30:12 PM,4,b,,"14826 Highway 99, Lynnwood, WA 98087, USA","12625 4th Ave W, Everett, WA 98204, USA",2013 Toyota Prius (New),business_personal_trip_log_05_20_2024_12_00am_PDT-05_21_2024_12_00am_PDT.csv
5/20/24,4:32:12 PM,5/20/24,4:35:35 PM,0.01,b,,"12625 4th Ave W, Everett, WA 98204, USA","520 128th St SW, Everett, WA 98204, USA",2013 Toyota Prius (New),business_personal_trip_log_05_20_2024_12_00am_PDT-05_21_2024_12_00am_PDT.csv
5/20/24,4:47:27 PM,5/20/24,4:48:49 PM,1,b,,"520 128th St SW, Everett, WA 98204, USA","530 128th St SW, Everett, WA 98204, USA",2013 Toyota Prius (New),business_personal_trip_log_05_20_2024_12_00am_PDT-05_21_2024_12_00am_PDT.csv
5/20/24,4:51:49 PM,5/20/24,4:54:58 PM,0.02,b,,"531 128th St SW, Everett, WA 98204, USA","1007 130th St SW, Everett, WA 98204, USA",2013 Toyota Prius (New),business_personal_trip_log_05_20_2024_12_00am_PDT-05_21_2024_12_00am_PDT.csv
5/20/24,4:57:06 PM,5/20/24,5:05:43 PM,3,b,,"1007 130th St SW, Everett, WA 98204, USA","16327 Ash Way, Lynnwood, WA 98087, USA",2013 Toyota Prius (New),business_personal_trip_log_05_20_2024_12_00am_PDT-05_21_2024_12_00am_PDT.csv
5/20/24,5:36:49 PM,5/20/24,5:50:45 PM,3,b,,"16327 Ash Way, Lynnwood, WA 98087, USA","19500 Alderwood Mall Pkwy, Lynnwood, WA 98036, USA",2013 Toyota Prius (New),business_personal_trip_log_05_20_2024_12_00am_PDT-05_21_2024_12_00am_PDT.csv
5/20/24,5:52:45 PM,5/20/24,6:51:53 PM,37.02,b,,"19824 28 W, Lynnwood, WA 98036, USA","16232 Bothell Everett Hwy, Mill Creek, WA 98012, USA",2013 Toyota Prius (New),business_personal_trip_log_05_20_2024_12_00am_PDT-05_21_2024_12_00am_PDT.csv
5/20/24,7:01:52 PM,5/20/24,7:11:30 PM,4.01,b,,"16232 Bothell Everett Hwy, Mill Creek, WA 98012, USA","20019 6 W, Lynnwood, WA 98036, USA",2013 Toyota Prius (New),business_personal_trip_log_05_20_2024_12_00am_PDT-05_21_2024_12_00am_PDT.csv
5/21/24,7:10:09 AM,5/21/24,7:18:45 AM,3,b,,"20019 6 W, Lynnwood, WA 98036, USA","19401 Alderwood Mall Pkwy, Lynnwood, WA 98036, USA",2013 Toyota Prius (New),business_personal_trip_log_05_21_2024_12_00am_PDT-05_22_2024_12_00am_PDT.csv
5/21/24,7:22:47 AM,5/21/24,7:34:42 AM,3,b,,"19401 Alderwood Mall Pkwy, Lynnwood, WA 98036, USA","20800 44th Ave W, Lynnwood, WA 98036, USA",2013 Toyota Prius (New),business_personal_trip_log_05_21_2024_12_00am_PDT-05_22_2024_12_00am_PDT.csv
5/21/24,7:51:28 AM,5/21/24,8:13:27 AM,4,b,,"20800 44th Ave W, Lynnwood, WA 98036, USA","21600 Highway 99, Edmonds, WA 98026, USA",2013 Toyota Prius (New),business_personal_trip_log_05_21_2024_12_00am_PDT-05_22_2024_12_00am_PDT.csv
5/21/24,8:36:34 AM,5/21/24,8:56:18 AM,6.02,b,,"21600 Highway 99, Edmonds, WA 98026, USA","20019 6 W, Lynnwood, WA 98036, USA",2013 Toyota Prius (New),business_personal_trip_log_05_21_2024_12_00am_PDT-05_22_2024_12_00am_PDT.csv
5/21/24,9:19:15 AM,5/21/24,9:39:43 AM,6,b,,"20124 6 W, Lynnwood, WA 98036, USA","17525 Bothell Way NE, Lake Forest Park, WA 98155, USA",2013 Toyota Prius (New),business_personal_trip_log_05_21_2024_12_00am_PDT-05_22_2024_12_00am_PDT.csv
5/21/24,9:41:43 AM,5/21/24,10:08:40 AM,11,b,,"17400R Bothell Way NE, Seattle, WA 98155, USA","I-5, Seattle, WA 98102, USA",2013 Toyota Prius (New),business_personal_trip_log_05_21_2024_12_00am_PDT-05_22_2024_12_00am_PDT.csv
5/21/24,10:11:40 AM,5/21/24,10:26:26 AM,1,b,,"1304 Stewart St, Seattle, WA 98109, USA","1918 8th Ave, Seattle, WA 98101, USA",2013 Toyota Prius (New),business_personal_trip_log_05_21_2024_12_00am_PDT-05_22_2024_12_00am_PDT.csv
5/21/24,10:29:44 AM,5/21/24,11:03:29 AM,19.11,b,,"2101 Westlake Ave, Seattle, WA 98121, USA","20019 6 W, Lynnwood, WA 98036, USA",2013 Toyota Prius (New),business_personal_trip_log_05_21_2024_12_00am_PDT-05_22_2024_12_00am_PDT.csv
5/21/24,12:58:38 PM,5/21/24,1:15:36 PM,8,p,,"20019 6 W, Lynnwood, WA 98036, USA","10601 47th Pl W, Mukilteo, WA 98275, USA",2013 Toyota Prius (New),business_personal_trip_log_05_21_2024_12_00am_PDT-05_22_2024_12_00am_PDT.csv
5/21/24,2:41:24 PM,5/21/24,2:54:18 PM,2,b,,"10601 47th Pl W, Mukilteo, WA 98275, USA","12909 Mukilteo Speedway, Lynnwood, WA 98087, USA",2013 Toyota Prius (New),business_personal_trip_log_05_21_2024_12_00am_PDT-05_22_2024_12_00am_PDT.csv
5/21/24,2:57:16 PM,5/21/24,3:05:10 PM,2,b,,"12909 Mukilteo Speedway, Lynnwood, WA 98087, USA","811 128th St SW, Everett, WA 98204, USA",2013 Toyota Prius (New),business_personal_trip_log_05_21_2024_12_00am_PDT-05_22_2024_12_00am_PDT.csv
5/21/24,3:07:10 PM,5/21/24,3:07:10 PM,0,b,,"322 128th St SW, Everett, WA 98204, USA","322 128th St SW, Everett, WA 98204, USA",2013 Toyota Prius (New),business_personal_trip_log_05_21_2024_12_00am_PDT-05_22_2024_12_00am_PDT.csv
5/21/24,3:08:25 PM,5/21/24,3:16:09 PM,1,b,,"321 128th St SW, Everett, WA 98204, USA","132 128th St SW, Everett, WA 98204, USA",2013 Toyota Prius (New),business_personal_trip_log_05_21_2024_12_00am_PDT-05_22_2024_12_00am_PDT.csv
5/21/24,3:19:09 PM,5/21/24,3:43:22 PM,7,b,,"210 128th St SE, Everett, WA 98208, USA","15720 Meadow Rd, Lynnwood, WA 98087, USA",2013 Toyota Prius (New),business_personal_trip_log_05_21_2024_12_00am_PDT-05_22_2024_12_00am_PDT.csv
5/21/24,3:47:51 PM,5/21/24,3:49:24 PM,1,b,,"15720 Meadow Rd, Lynnwood, WA 98087, USA","1300 164th St SW, Lynnwood, WA 98087, USA",2013 Toyota Prius (New),business_personal_trip_log_05_21_2024_12_00am_PDT-05_22_2024_12_00am_PDT.csv
5/21/24,3:53:19 PM,5/21/24,5:05:41 PM,32,b,,"1331 164th St SW, Lynnwood, WA 98087, USA","17808 International Blvd, Seatac, WA 98188, USA",2013 Toyota Prius (New),business_personal_trip_log_05_21_2024_12_00am_PDT-05_22_2024_12_00am_PDT.csv
5/21/24,5:09:39 PM,5/21/24,5:16:39 PM,1,b,,"18000 International Blvd, Seatac, WA 98188, USA","17808 International Blvd, Seatac, WA 98188, USA",2013 Toyota Prius (New),business_personal_trip_log_05_21_2024_12_00am_PDT-05_22_2024_12_00am_PDT.csv
5/21/24,5:19:39 PM,5/21/24,5:20:39 PM,0,b,,"17930 International Blvd, Seatac, WA 98188, USA","18000 International Blvd, Seatac, WA 98188, USA",2013 Toyota Prius (New),business_personal_trip_log_05_21_2024_12_00am_PDT-05_22_2024_12_00am_PDT.csv
5/21/24,5:22:39 PM,5/21/24,5:34:39 PM,4,b,,"18220 International Blvd, Seatac, WA 98188, USA","23031 Pacific Hwy S, Des Moines, WA 98198, USA",2013 Toyota Prius (New),business_personal_trip_log_05_21_2024_12_00am_PDT-05_22_2024_12_00am_PDT.csv
5/21/24,5:36:39 PM,5/21/24,5:40:39 PM,2,b,,"23627 Pacific Hwy S, Des Moines, WA 98198, USA","27001 Pacific Hwy S, Des Moines, WA 98198, USA",2013 Toyota Prius (New),business_personal_trip_log_05_21_2024_12_00am_PDT-05_22_2024_12_00am_PDT.csv
5/21/24,5:44:39 PM,5/21/24,6:29:41 PM,29.03,b,,"1645 S 272nd St, Federal Way, WA 98003, USA","I-5, Seattle, WA 98104, USA",2013 Toyota Prius (New),business_personal_trip_log_05_21_2024_12_00am_PDT-05_22_2024_12_00am_PDT.csv
5/21/24,6:31:41 PM,5/21/24,7:02:19 PM,16.04,b,,"1928R Lakeview Blvd E, Seattle, WA 98102, USA","18133 33 W, Lynnwood, WA 98037, USA",2013 Toyota Prius (New),business_personal_trip_log_05_21_2024_12_00am_PDT-05_22_2024_12_00am_PDT.csv
5/21/24,7:04:28 PM,5/21/24,7:06:28 PM,1,b,,"18199 33rd Ave W, Lynnwood, WA 98037, USA","18109 33 W, Lynnwood, WA 98037, USA",2013 Toyota Prius (New),business_personal_trip_log_05_21_2024_12_00am_PDT-05_22_2024_12_00am_PDT.csv
5/21/24,7:22:11 PM,5/21/24,7:31:23 PM,3.1,b,,"18109 33 W, Lynnwood, WA 98037, USA","20019 6 W, Lynnwood, WA 98036, USA",2013 Toyota Prius (New),business_personal_trip_log_05_21_2024_12_00am_PDT-05_22_2024_12_00am_PDT.csv
5/22/24,8:11:26 AM,5/22/24,8:21:07 AM,3,b,,"20019 6 W, Lynnwood, WA 98036, USA","20812 Bothell Everett Hwy, Bothell, WA 98021, USA",2013 Toyota Prius (New),business_personal_trip_log_05_22_2024_12_00am_PDT-05_23_2024_12_00am_PDT.csv
5/22/24,8:35:17 AM,5/22/24,9:24:28 AM,22.03,b,,"20812 Bothell Everett Hwy, Bothell, WA 98021, USA","20019 6 W, Lynnwood, WA 98036, USA",2013 Toyota Prius (New),business_personal_trip_log_05_22_2024_12_00am_PDT-05_23_2024_12_00am_PDT.csv
5/22/24,9:50:36 AM,5/22/24,10:08:42 AM,7.03,p,,"20019 6 W, Lynnwood, WA 98036, USA","13716 59th Ave SE, Everett, WA 98208, USA",2013 Toyota Prius (New),business_personal_trip_log_05_22_2024_12_00am_PDT-05_23_2024_12_00am_PDT.csv
5/22/24,12:54:54 PM,5/22/24,1:15:32 PM,8.1,p,,"13716 59th Ave SE, Everett, WA 98208, USA","20019 6 W, Lynnwood, WA 98036, USA",2013 Toyota Prius (New),business_personal_trip_log_05_22_2024_12_00am_PDT-05_23_2024_12_00am_PDT.csv
5/22/24,3:21:32 PM,5/22/24,3:41:16 PM,3,b,,"20019 6 W, Lynnwood, WA 98036, USA","18801 Alderwood Mall Pkwy, Lynnwood, WA 98037, USA",2013 Toyota Prius (New),business_personal_trip_log_05_22_2024_12_00am_PDT-05_23_2024_12_00am_PDT.csv
5/22/24,4:29:08 PM,5/22/24,4:47:02 PM,4.03,b,,"18801 Alderwood Mall Pkwy, Lynnwood, WA 98037, USA","17424 Highway 99, Lynnwood, WA 98037, USA",2013 Toyota Prius (New),business_personal_trip_log_05_22_2024_12_00am_PDT-05_23_2024_12_00am_PDT.csv
5/22/24,4:57:58 PM,5/22/24,5:01:57 PM,2,b,,"17424 Highway 99, Lynnwood, WA 98037, USA","3247 Highway 99, Lynnwood, WA 98036, USA",2013 Toyota Prius (New),business_personal_trip_log_05_22_2024_12_00am_PDT-05_23_2024_12_00am_PDT.csv
5/22/24,5:04:31 PM,5/22/24,5:05:46 PM,0.01,b,,"19591 Highway 99, Lynnwood, WA 98036, USA","19615 Highway 99, Lynnwood, WA 98036, USA",2013 Toyota Prius (New),business_personal_trip_log_05_22_2024_12_00am_PDT-05_23_2024_12_00am_PDT.csv
5/22/24,5:14:51 PM,5/22/24,5:21:54 PM,1,b,,"19715 Highway 99, Lynnwood, WA 98036, USA","4735 200th St SW, Lynnwood, WA 98036, USA",2013 Toyota Prius (New),business_personal_trip_log_05_22_2024_12_00am_PDT-05_23_2024_12_00am_PDT.csv
5/22/24,5:32:09 PM,5/22/24,6:01:57 PM,7,b,,"4735 200th St SW, Lynnwood, WA 98036, USA","18700 Alderwood Mall Pkwy, Lynnwood, WA 98037, USA",2013 Toyota Prius (New),business_personal_trip_log_05_22_2024_12_00am_PDT-05_23_2024_12_00am_PDT.csv
5/22/24,6:16:56 PM,5/22/24,6:21:25 PM,1,b,,"18700 Alderwood Mall Pkwy, Lynnwood, WA 98037, USA","2921 Alderwood Mall Blvd, Lynnwood, WA 98036, USA",2013 Toyota Prius (New),business_personal_trip_log_05_22_2024_12_00am_PDT-05_23_2024_12_00am_PDT.csv
5/22/24,6:25:12 PM,5/22/24,6:50:21 PM,7.1,b,,"2921 Alderwood Mall Blvd, Lynnwood, WA 98036, USA","20019 6 W, Lynnwood, WA 98036, USA",2013 Toyota Prius (New),business_personal_trip_log_05_22_2024_12_00am_PDT-05_23_2024_12_00am_PDT.csv
5/23/24,7:20:53 AM,5/23/24,7:35:40 AM,5.01,b,,"20019 6 W, Lynnwood, WA 98036, USA","7504 NE Bothell Way, Kenmore, WA 98028, USA",2013 Toyota Prius (New),business_personal_trip_log_05_23_2024_12_00am_PDT-05_24_2024_12_00am_PDT.csv
5/23/24,7:45:58 AM,5/23/24,8:07:58 AM,6,b,,"7504 NE Bothell Way, Kenmore, WA 98028, USA","18134 Bothell Way NE, Bothell, WA 98011, USA",2013 Toyota Prius (New),business_personal_trip_log_05_23_2024_12_00am_PDT-05_24_2024_12_00am_PDT.csv
5/23/24,8:14:33 AM,5/23/24,8:26:17 AM,2.06,b,,"18140 Bothell Way NE, Bothell, WA 98011, USA",Unknown,2013 Toyota Prius (New),business_personal_trip_log_05_23_2024_12_00am_PDT-05_24_2024_12_00am_PDT.csv
5/23/24,8:36:12 AM,5/23/24,9:33:31 AM,30.1,b,,"18203 Bothell Way NE, Bothell, WA 98011, USA","20019 6 W, Lynnwood, WA 98036, USA",2013 Toyota Prius (New),business_personal_trip_log_05_23_2024_12_00am_PDT-05_24_2024_12_00am_PDT.csv
5/23/24,10:24:40 AM,5/23/24,10:42:29 AM,8,p,,"20012 6 W, Lynnwood, WA 98036, USA","4500 Harbour Pointe Blvd, Mukilteo, WA 98275, USA",2013 Toyota Prius (New),business_personal_trip_log_05_23_2024_12_00am_PDT-05_24_2024_12_00am_PDT.csv
5/23/24,12:17:43 PM,5/23/24,12:29:49 PM,5.02,p,,"10601 47th Pl W, Mukilteo, WA 98275, USA","2915 184th St SW, Lynnwood, WA 98037, USA",2013 Toyota Prius (New),business_personal_trip_log_05_23_2024_12_00am_PDT-05_24_2024_12_00am_PDT.csv
5/23/24,12:36:41 PM,5/23/24,12:45:35 PM,4.1,p,,"2901 184th St SW, Lynnwood, WA 98037, USA","20019 6 W, Lynnwood, WA 98036, USA",2013 Toyota Prius (New),business_personal_trip_log_05_23_2024_12_00am_PDT-05_24_2024_12_00am_PDT.csv
5/23/24,3:29:35 PM,5/23/24,3:38:12 PM,2.02,b,,"20019 6 W, Lynnwood, WA 98036, USA","2617 196th St SW, Lynnwood, WA 98036, USA",2013 Toyota Prius (New),business_personal_trip_log_05_23_2024_12_00am_PDT-05_24_2024_12_00am_PDT.csv
5/23/24,4:06:36 PM,5/23/24,4:25:08 PM,5,b,,"2617 196th St SW, Lynnwood, WA 98036, USA","20226 68th Ave W, Lynnwood, WA 98036, USA",2013 Toyota Prius (New),business_personal_trip_log_05_23_2024_12_00am_PDT-05_24_2024_12_00am_PDT.csv
5/23/24,4:49:06 PM,5/23/24,5:58:10 PM,24,b,,"20398 68th Ave W, Lynnwood, WA 98036, USA","409 Filbert Rd, Lynnwood, WA 98036, USA",2013 Toyota Prius (New),business_personal_trip_log_05_23_2024_12_00am_PDT-05_24_2024_12_00am_PDT.csv
5/23/24,6:00:10 PM,5/23/24,6:02:07 PM,0.1,b,,"404 N Damson Rd, Lynnwood, WA 98036, USA","20019 6 W, Lynnwood, WA 98036, USA",2013 Toyota Prius (New),business_personal_trip_log_05_23_2024_12_00am_PDT-05_24_2024_12_00am_PDT.csv
5/23/24,6:48:46 PM,5/23/24,7:32:53 PM,15.1,b,,"20019 6 W, Lynnwood, WA 98036, USA","20019 6 W, Lynnwood, WA 98036, USA",2013 Toyota Prius (New),business_personal_trip_log_05_23_2024_12_00am_PDT-05_24_2024_12_00am_PDT.csv
5/24/24,10:20:45 AM,5/24/24,10:33:48 AM,5,p,,"20019 6 W, Lynnwood, WA 98036, USA","20216 68th Ave W, Lynnwood, WA 98036, USA",2013 Toyota Prius (New),business_personal_trip_log_05_24_2024_12_00am_PDT-05_25_2024_12_00am_PDT.csv
5/24/24,12:58:50 PM,5/24/24,1:13:55 PM,5.01,p,,"20216 68th Ave W, Lynnwood, WA 98036, USA","20019 6 W, Lynnwood, WA 98036, USA",2013 Toyota Prius (New),business_personal_trip_log_05_24_2024_12_00am_PDT-05_25_2024_12_00am_PDT.csv
5/24/24,1:29:00 PM,5/24/24,1:42:24 PM,3,p,,"717 200th Pl SW, Lynnwood, WA 98036, USA","1330 164th St SW, Lynnwood, WA 98087, USA",2013 Toyota Prius (New),business_personal_trip_log_05_24_2024_12_00am_PDT-05_25_2024_12_00am_PDT.csv
5/24/24,1:45:35 PM,5/24/24,2:42:11 PM,21,p,,"1332 164th St SW, Lynnwood, WA 98087, USA","9804 79th Dr NE, Marysville, WA 98270, USA",2013 Toyota Prius (New),business_personal_trip_log_05_24_2024_12_00am_PDT-05_25_2024_12_00am_PDT.csv
5/24/24,2:52:34 PM,5/24/24,2:56:25 PM,1.18,p,,"9804 79th Dr NE, Marysville, WA 98270, USA","6327 94th St NE, Marysville, WA 98270, USA",2013 Toyota Prius (New),business_personal_trip_log_05_24_2024_12_00am_PDT-05_25_2024_12_00am_PDT.csv
5/24/24,3:23:40 PM,5/24/24,3:33:10 PM,4.01,p,,"6315 94th St NE, Marysville, WA 98270, USA","1330 State Ave, Marysville, WA 98270, USA",2013 Toyota Prius (New),business_personal_trip_log_05_24_2024_12_00am_PDT-05_25_2024_12_00am_PDT.csv
5/24/24,5:05:15 PM,5/24/24,5:16:21 PM,4,p,,"1331 State Ave, Marysville, WA 98270, USA","9804 79th Dr NE, Marysville, WA 98270, USA",2013 Toyota Prius (New),business_personal_trip_log_05_24_2024_12_00am_PDT-05_25_2024_12_00am_PDT.csv
5/24/24,8:39:59 PM,5/24/24,8:53:35 PM,7.05,p,,"9804 79th Dr NE, Marysville, WA 98270, USA","10622 60th St NE, Lake Stevens, WA 98258, USA",2013 Toyota Prius (New),business_personal_trip_log_05_24_2024_12_00am_PDT-05_25_2024_12_00am_PDT.csv
5/24/24,9:17:42 PM,5/24/24,9:18:42 PM,0,p,,"10622 60th St NE, Lake Stevens, WA 98258, USA","10622 60th St NE, Lake Stevens, WA 98258, USA",2013 Toyota Prius (New),business_personal_trip_log_05_24_2024_12_00am_PDT-05_25_2024_12_00am_PDT.csv
5/25/24,12:00:33 AM,5/25/24,12:07:29 AM,4,,,"7129 State Route 9 NE, Lake Stevens, WA 98258, USA","9804 79th Dr NE, Marysville, WA 98270, USA",2013 Toyota Prius (New),business_personal_trip_log_05_25_2024_12_00am_PDT-05_26_2024_12_00am_PDT.csv
5/26/24,11:00:19 AM,5/26/24,11:11:18 AM,4.51,p,,"9804 79th Dr NE, Marysville, WA 98270, USA","8713 64th St NE, Marysville, WA 98270, USA",2013 Toyota Prius (New),business_personal_trip_log_05_26_2024_12_00am_PDT-05_27_2024_12_00am_PDT.csv
5/26/24,11:18:29 AM,5/26/24,11:25:52 AM,3.05,p,,"8713 64th St NE, Marysville, WA 98270, USA","10622 60th St NE, Lake Stevens, WA 98258, USA",2013 Toyota Prius (New),business_personal_trip_log_05_26_2024_12_00am_PDT-05_27_2024_12_00am_PDT.csv
5/26/24,2:13:30 PM,5/26/24,2:13:40 PM,0,p,,"10622 60th St NE, Lake Stevens, WA 98258, USA","10622 60th St NE, Lake Stevens, WA 98258, USA",2013 Toyota Prius (New),business_personal_trip_log_05_26_2024_12_00am_PDT-05_27_2024_12_00am_PDT.csv
5/26/24,2:40:38 PM,5/26/24,2:53:05 PM,7.01,p,,"10622 60th St NE, Lake Stevens, WA 98258, USA","2127 93rd Dr SE, Lake Stevens, WA 98258, USA",2013 Toyota Prius (New),business_personal_trip_log_05_26_2024_12_00am_PDT-05_27_2024_12_00am_PDT.csv
5/26/24,4:00:37 PM,5/26/24,4:06:13 PM,2,p,,"2127 93rd Dr SE, Lake Stevens, WA 98258, USA","507 State Route 9 NE, Lake Stevens, WA 98258, USA",2013 Toyota Prius (New),business_personal_trip_log_05_26_2024_12_00am_PDT-05_27_2024_12_00am_PDT.csv
5/26/24,4:19:03 PM,5/26/24,4:27:25 PM,4.06,p,,"507 State Route 9 NE, Lake Stevens, WA 98258, USA","10622 60th St NE, Lake Stevens, WA 98258, USA",2013 Toyota Prius (New),business_personal_trip_log_05_26_2024_12_00am_PDT-05_27_2024_12_00am_PDT.csv
5/26/24,4:36:21 PM,5/26/24,5:11:35 PM,22,p,,"10622 60th St NE, Lake Stevens, WA 98258, USA","20019 6 W, Lynnwood, WA 98036, USA",2013 Toyota Prius (New),business_personal_trip_log_05_26_2024_12_00am_PDT-05_27_2024_12_00am_PDT.csv
5/26/24,6:51:07 PM,5/26/24,6:59:06 PM,4,p,,"20019 6 W, Lynnwood, WA 98036, USA","16304 Bothell Everett Hwy, Mill Creek, WA 98012, USA",2013 Toyota Prius (New),business_personal_trip_log_05_26_2024_12_00am_PDT-05_27_2024_12_00am_PDT.csv
5/26/24,7:06:56 PM,5/26/24,7:15:28 PM,3.09,p,,"16304 Bothell Everett Hwy, Mill Creek, WA 98012, USA","20019 6 W, Lynnwood, WA 98036, USA",2013 Toyota Prius (New),business_personal_trip_log_05_26_2024_12_00am_PDT-05_27_2024_12_00am_PDT.csv
5/27/24,9:35:28 AM,5/27/24,10:36:28 AM,54.19,p,,"20019 6 W, Lynnwood, WA 98036, USA","12606 132nd Ave Ct E, Puyallup, WA 98374, USA",2013 Toyota Prius (New),business_personal_trip_log_05_27_2024_12_00am_PDT-05_28_2024_12_00am_PDT.csv
5/27/24,12:08:07 PM,5/27/24,12:14:54 PM,3,p,,"12608 132nd Ave Ct E, Puyallup, WA 98374, USA","3511 5th St SE, Puyallup, WA 98374, USA",2013 Toyota Prius (New),business_personal_trip_log_05_27_2024_12_00am_PDT-05_28_2024_12_00am_PDT.csv
5/27/24,12:28:09 PM,5/27/24,12:35:58 PM,3.01,p,,"3511 5th St SE, Puyallup, WA 98374, USA","12606 132nd Ave Ct E, Puyallup, WA 98374, USA",2013 Toyota Prius (New),business_personal_trip_log_05_27_2024_12_00am_PDT-05_28_2024_12_00am_PDT.csv
5/27/24,3:50:54 PM,5/27/24,3:57:36 PM,3.01,p,,"12608 132nd Ave Ct E, Puyallup, WA 98374, USA","3008 38th St SE, Puyallup, WA 98374, USA",2013 Toyota Prius (New),business_personal_trip_log_05_27_2024_12_00am_PDT-05_28_2024_12_00am_PDT.csv
5/27/24,8:24:39 PM,5/27/24,9:07:21 PM,38.49,p,,"3008 38th St SE, Puyallup, WA 98374, USA","11848 NE 85th St, Kirkland, WA 98033, USA",2013 Toyota Prius (New),business_personal_trip_log_05_27_2024_12_00am_PDT-05_28_2024_12_00am_PDT.csv
5/27/24,9:10:51 PM,5/27/24,9:27:51 PM,12,p,,"11848 NE 85th St, Kirkland, WA 98033, USA","20019 6 W, Lynnwood, WA 98036, USA",2013 Toyota Prius (New),business_personal_trip_log_05_27_2024_12_00am_PDT-05_28_2024_12_00am_PDT.csv
5/28/24,12:28:12 PM,5/28/24,12:38:53 PM,4.01,p,,"608 200th Pl SW, Lynnwood, WA 98036, USA","15906 Mill Creek Blvd, Mill Creek, WA 98012, USA",2013 Toyota Prius (New),business_personal_trip_log_05_28_2024_12_00am_PDT-05_29_2024_12_00am_PDT.csv
5/28/24,1:33:36 PM,5/28/24,1:42:02 PM,4.1,p,,"15906 Mill Creek Blvd, Mill Creek, WA 98012, USA","20019 6 W, Lynnwood, WA 98036, USA",2013 Toyota Prius (New),business_personal_trip_log_05_28_2024_12_00am_PDT-05_29_2024_12_00am_PDT.csv
5/28/24,3:05:07 PM,5/28/24,3:20:11 PM,3,p,,"608 200th Pl SW, Lynnwood, WA 98036, USA","3611 196th St SW, Lynnwood, WA 98036, USA",2013 Toyota Prius (New),business_personal_trip_log_05_28_2024_12_00am_PDT-05_29_2024_12_00am_PDT.csv
5/28/24,3:22:11 PM,5/28/24,3:25:54 PM,1.02,p,,"4232 196th St SW, Lynnwood, WA 98036, USA","20206 46th Ave W, Lynnwood, WA 98036, USA",2013 Toyota Prius (New),business_personal_trip_log_05_28_2024_12_00am_PDT-05_29_2024_12_00am_PDT.csv
5/28/24,7:35:39 PM,5/28/24,7:51:15 PM,4.1,p,,"20206 46th Ave W, Lynnwood, WA 98036, USA","20019 6th Pl W, Lynnwood, WA 98036, USA",2013 Toyota Prius (New),business_personal_trip_log_05_28_2024_12_00am_PDT-05_29_2024_12_00am_PDT.csv
5/29/24,12:40:22 PM,5/29/24,12:53:45 PM,4,p,,"20019 6 W, Lynnwood, WA 98036, USA","20202 46th Ave W, Lynnwood, WA 98036, USA",2013 Toyota Prius (New),business_personal_trip_log_05_29_2024_12_00am_PDT-05_30_2024_12_00am_PDT.csv
5/29/24,2:54:40 PM,5/29/24,3:03:32 PM,3.11,p,,"I-5, Lynnwood, WA 98036, USA","20019 6th Pl W, Lynnwood, WA 98036, USA",2013 Toyota Prius (New),business_personal_trip_log_05_29_2024_12_00am_PDT-05_30_2024_12_00am_PDT.csv
5/29/24,5:13:11 PM,5/29/24,5:21:04 PM,3,b,,"20019 6 W, Lynnwood, WA 98036, USA","1726 Larch Way, Lynnwood, WA 98036, USA",2013 Toyota Prius (New),business_personal_trip_log_05_29_2024_12_00am_PDT-05_30_2024_12_00am_PDT.csv
5/29/24,5:23:04 PM,5/29/24,5:49:02 PM,7.02,b,,"1515 Logan Rd, Lynnwood, WA 98036, USA","4615 196th St SW, Lynnwood, WA 98036, USA",2013 Toyota Prius (New),business_personal_trip_log_05_29_2024_12_00am_PDT-05_30_2024_12_00am_PDT.csv
5/29/24,6:05:58 PM,5/29/24,6:09:42 PM,1,b,,"4615 196th St SW, Lynnwood, WA 98036, USA","19925 44th Ave W, Lynnwood, WA 98036, USA",2013 Toyota Prius (New),business_personal_trip_log_05_29_2024_12_00am_PDT-05_30_2024_12_00am_PDT.csv
5/29/24,6:11:51 PM,5/29/24,6:38:17 PM,12.47,p,,"20007 44th Ave W, Lynnwood, WA 98036, USA","1124 SE Everett Mall Way, Everett, WA 98208, USA",2013 Toyota Prius (New),business_personal_trip_log_05_29_2024_12_00am_PDT-05_30_2024_12_00am_PDT.csv
5/29/24,6:46:16 PM,5/29/24,7:06:25 PM,14.05,p,,"1124 SE Everett Mall Way, Everett, WA 98208, USA","10622 60th St NE, Lake Stevens, WA 98258, USA",2013 Toyota Prius (New),business_personal_trip_log_05_29_2024_12_00am_PDT-05_30_2024_12_00am_PDT.csv
5/29/24,8:53:03 PM,5/29/24,9:19:14 PM,19,p,,"10622 60th St NE, Lake Stevens, WA 98258, USA","1424 164th St SW, Lynnwood, WA 98087, USA",2013 Toyota Prius (New),business_personal_trip_log_05_29_2024_12_00am_PDT-05_30_2024_12_00am_PDT.csv
5/29/24,9:21:14 PM,5/29/24,9:27:40 PM,3.1,p,,"1000 164th St SW, Lynnwood, WA 98087, USA","20019 6 W, Lynnwood, WA 98036, USA",2013 Toyota Prius (New),business_personal_trip_log_05_29_2024_12_00am_PDT-05_30_2024_12_00am_PDT.csv
5/30/24,10:06:28 AM,5/30/24,10:12:47 AM,3.01,p,,"608 200th Pl SW, Lynnwood, WA 98036, USA","2608 196th St SW, Lynnwood, WA 98036, USA",2013 Toyota Prius (New),business_personal_trip_log_05_30_2024_12_00am_PDT-05_31_2024_12_00am_PDT.csv
5/30/24,10:17:36 AM,5/30/24,10:24:49 AM,1,p,,"2608 196th St SW, Lynnwood, WA 98036, USA","20122 46th Ave W, Lynnwood, WA 98036, USA",2013 Toyota Prius (New),business_personal_trip_log_05_30_2024_12_00am_PDT-05_31_2024_12_00am_PDT.csv
5/30/24,4:55:47 PM,5/30/24,5:07:49 PM,4,p,,"20111 46th Ave W, Lynnwood, WA 98036, USA","20019 6 W, Lynnwood, WA 98036, USA",2013 Toyota Prius (New),business_personal_trip_log_05_30_2024_12_00am_PDT-05_31_2024_12_00am_PDT.csv
5/30/24,5:47:36 PM,5/30/24,6:00:34 PM,3.02,b,,"20019 6 W, Lynnwood, WA 98036, USA","18800 Alderwood Mall Pkwy, Lynnwood, WA 98037, USA",2013 Toyota Prius (New),business_personal_trip_log_05_30_2024_12_00am_PDT-05_31_2024_12_00am_PDT.csv
5/30/24,6:04:47 PM,5/30/24,6:10:29 PM,2,b,,"18800 Alderwood Mall Pkwy, Lynnwood, WA 98037, USA","16415 Ash Way, Lynnwood, WA 98037, USA",2013 Toyota Prius (New),business_personal_trip_log_05_30_2024_12_00am_PDT-05_31_2024_12_00am_PDT.csv
5/30/24,6:12:29 PM,5/30/24,6:37:41 PM,6,b,,"16110 Ash Way, Lynnwood, WA 98087, USA","4615 196th St SW, Lynnwood, WA 98036, USA",2013 Toyota Prius (New),business_personal_trip_log_05_30_2024_12_00am_PDT-05_31_2024_12_00am_PDT.csv
5/30/24,6:54:37 PM,5/30/24,7:20:13 PM,9.09,b,,"4615 196th St SW, Lynnwood, WA 98036, USA","20019 6 W, Lynnwood, WA 98036, USA",2013 Toyota Prius (New),business_personal_trip_log_05_30_2024_12_00am_PDT-05_31_2024_12_00am_PDT.csv
5/31/24,12:06:38 PM,5/31/24,12:27:54 PM,7,b,,"20019 6 W, Lynnwood, WA 98036, USA","16614 13th Ave W, Lynnwood, WA 98037, USA",2013 Toyota Prius (New),business_personal_trip_log_05_31_2024_12_00am_PDT-06_01_2024_12_00am_PDT.csv
5/31/24,12:36:52 PM,5/31/24,12:44:51 PM,3,b,,"16614 13th Ave W, Lynnwood, WA 98037, USA","16514 Ash Way, Lynnwood, WA 98037, USA",2013 Toyota Prius (New),business_personal_trip_log_05_31_2024_12_00am_PDT-06_01_2024_12_00am_PDT.csv
5/31/24,12:46:51 PM,5/31/24,12:48:47 PM,1,b,,"16415 Ash Way, Lynnwood, WA 98037, USA","16327 Ash Way, Lynnwood, WA 98087, USA",2013 Toyota Prius (New),business_personal_trip_log_05_31_2024_12_00am_PDT-06_01_2024_12_00am_PDT.csv
5/31/24,12:55:03 PM,5/31/24,1:02:02 PM,2,b,,"16327 Ash Way, Lynnwood, WA 98087, USA","15907 Ash Way, Lynnwood, WA 98087, USA",2013 Toyota Prius (New),business_personal_trip_log_05_31_2024_12_00am_PDT-06_01_2024_12_00am_PDT.csv
5/31/24,1:08:02 PM,5/31/24,1:11:02 PM,0,b,,"16110 Ash Way, Lynnwood, WA 98087, USA","16216 Ash Way, Lynnwood, WA 98087, USA",2013 Toyota Prius (New),business_personal_trip_log_05_31_2024_12_00am_PDT-06_01_2024_12_00am_PDT.csv
5/31/24,1:15:02 PM,5/31/24,1:32:02 PM,13,b,,"2027 164th St SW, Lynnwood, WA 98087, USA","1206 N 85th St, Seattle, WA 98103, USA",2013 Toyota Prius (New),business_personal_trip_log_05_31_2024_12_00am_PDT-06_01_2024_12_00am_PDT.csv
5/31/24,1:34:02 PM,5/31/24,1:38:02 PM,1,b,,"8502 Aurora Ave N, Seattle, WA 98103, USA","7721 Aurora Ave N, Seattle, WA 98103, USA",2013 Toyota Prius (New),business_personal_trip_log_05_31_2024_12_00am_PDT-06_01_2024_12_00am_PDT.csv
5/31/24,1:40:02 PM,5/31/24,1:47:02 PM,3,b,,"7323 Aurora Ave N, Seattle, WA 98103, USA","626 N 34th St, Seattle, WA 98103, USA",2013 Toyota Prius (New),business_personal_trip_log_05_31_2024_12_00am_PDT-06_01_2024_12_00am_PDT.csv
5/31/24,2:19:11 PM,5/31/24,2:59:30 PM,15,b,,"600 N 34th St, Seattle, WA 98103, USA","21317 Highway 99, Lynnwood, WA 98036, USA",2013 Toyota Prius (New),business_personal_trip_log_05_31_2024_12_00am_PDT-06_01_2024_12_00am_PDT.csv
5/31/24,3:01:30 PM,5/31/24,3:07:19 PM,2,b,,"20423 Highway 99, Lynnwood, WA 98036, USA","17820 Highway 99, Lynnwood, WA 98037, USA",2013 Toyota Prius (New),business_personal_trip_log_05_31_2024_12_00am_PDT-06_01_2024_12_00am_PDT.csv
5/31/24,3:10:19 PM,5/31/24,3:15:39 PM,2.01,b,,"16911 Highway 99, Lynnwood, WA 98037, USA","15332 Highway 99, Lynnwood, WA 98087, USA",2013 Toyota Prius (New),business_personal_trip_log_05_31_2024_12_00am_PDT-06_01_2024_12_00am_PDT.csv
5/31/24,3:18:10 PM,5/31/24,3:29:42 PM,3,b,,"15328 40th Ave W, Lynnwood, WA 98087, USA","19921 68th Ave W, Lynnwood, WA 98036, USA",2013 Toyota Prius (New),business_personal_trip_log_05_31_2024_12_00am_PDT-06_01_2024_12_00am_PDT.csv
5/31/24,3:31:42 PM,5/31/24,4:23:58 PM,16,b,,"19703 68th Ave W, Lynnwood, WA 98036, USA","19220 Alderwood Mall Pkwy, Lynnwood, WA 98036, USA",2013 Toyota Prius (New),business_personal_trip_log_05_31_2024_12_00am_PDT-06_01_2024_12_00am_PDT.csv
5/31/24,4:29:17 PM,5/31/24,4:43:25 PM,3.08,b,,"19220 Alderwood Mall Pkwy, Lynnwood, WA 98036, USA","20025 6 W, Lynnwood, WA 98036, USA",2013 Toyota Prius (New),business_personal_trip_log_05_31_2024_12_00am_PDT-06_01_2024_12_00am_PDT.csv
5/31/24,5:01:33 PM,5/31/24,5:10:11 PM,3,p,,"608 200th Pl SW, Lynnwood, WA 98036, USA","20806 Bothell Everett Hwy, Bothell, WA 98021, USA",2013 Toyota Prius (New),business_personal_trip_log_05_31_2024_12_00am_PDT-06_01_2024_12_00am_PDT.csv
5/31/24,5:12:44 PM,5/31/24,5:43:06 PM,12,p,,"20804 Bothell-Everett, Bothell, WA 98021, USA","700 Ave D, Snohomish, WA 98290, USA",2013 Toyota Prius (New),business_personal_trip_log_05_31_2024_12_00am_PDT-06_01_2024_12_00am_PDT.csv
5/31/24,5:45:16 PM,5/31/24,6:09:26 PM,14,p,,"700 Ave D, Snohomish, WA 98290, USA","3919 88th St NE, Marysville, WA 98270, USA",2013 Toyota Prius (New),business_personal_trip_log_05_31_2024_12_00am_PDT-06_01_2024_12_00am_PDT.csv
5/31/24,6:11:31 PM,5/31/24,6:12:58 PM,1,p,,"3929 88th St NE, Marysville, WA 98270, USA","9330 State Ave, Marysville, WA 98270, USA",2013 Toyota Prius (New),business_personal_trip_log_05_31_2024_12_00am_PDT-06_01_2024_12_00am_PDT.csv
5/31/24,7:07:10 PM,5/31/24,7:07:29 PM,0.01,p,,"9317 State Ave, Marysville, WA 98270, USA","9317 State Ave, Marysville, WA 98270, USA",2013 Toyota Prius (New),business_personal_trip_log_05_31_2024_12_00am_PDT-06_01_2024_12_00am_PDT.csv
5/31/24,8:25:12 PM,5/31/24,8:32:58 PM,3,p,,"9317 State Ave, Marysville, WA 98270, USA","9804 79th Dr NE, Marysville, WA 98270, USA",2013 Toyota Prius (New),business_personal_trip_log_05_31_2024_12_00am_PDT-06_01_2024_12_00am_PDT.csv
6/1/24,11:05:06 AM,6/1/24,11:12:28 AM,3,p,,"9804 79th Dr NE, Marysville, WA 98270, USA","4311 88th St NE, Marysville, WA 98270, USA",2013 Toyota Prius (New),business_personal_trip_log_06_01_2024_12_00am_PDT-06_02_2024_12_00am_PDT.csv
6/1/24,11:17:28 AM,6/1/24,11:35:08 AM,15,p,,"3803 88th St NE, Marysville, WA 98270, USA","2208 W Casino Rd, Everett, WA 98204, USA",2013 Toyota Prius (New),business_personal_trip_log_06_01_2024_12_00am_PDT-06_02_2024_12_00am_PDT.csv
6/1/24,1:37:45 PM,6/1/24,2:07:26 PM,15.01,p,,"2208 W Casino Rd, Everett, WA 98204, USA","8833 35th Ave NE, Marysville, WA 98270, USA",2013 Toyota Prius (New),business_personal_trip_log_06_01_2024_12_00am_PDT-06_02_2024_12_00am_PDT.csv
6/1/24,3:06:49 PM,6/1/24,3:09:48 PM,1,p,,"8833 35th Ave NE, Marysville, WA 98270, USA","3803 88th St NE, Marysville, WA 98270, USA",2013 Toyota Prius (New),business_personal_trip_log_06_01_2024_12_00am_PDT-06_02_2024_12_00am_PDT.csv
6/1/24,3:11:48 PM,6/1/24,3:12:48 PM,0,p,,"3922 88th St NE, Marysville, WA 98270, USA","3929 88th St NE, Marysville, WA 98270, USA",2013 Toyota Prius (New),business_personal_trip_log_06_01_2024_12_00am_PDT-06_02_2024_12_00am_PDT.csv
6/1/24,3:14:48 PM,6/1/24,3:17:12 PM,1,p,,"3919 88th St NE, Marysville, WA 98270, USA","9720 State Ave, Marysville, WA 98270, USA",2013 Toyota Prius (New),business_personal_trip_log_06_01_2024_12_00am_PDT-06_02_2024_12_00am_PDT.csv
6/1/24,3:21:00 PM,6/1/24,3:21:59 PM,0,p,,"9720 State Ave, Marysville, WA 98270, USA","9720 State Ave, Marysville, WA 98270, USA",2013 Toyota Prius (New),business_personal_trip_log_06_01_2024_12_00am_PDT-06_02_2024_12_00am_PDT.csv
6/1/24,3:27:21 PM,6/1/24,3:35:41 PM,2,p,,"9720 State Ave, Marysville, WA 98270, USA","9804 79th Dr NE, Marysville, WA 98270, USA",2013 Toyota Prius (New),business_personal_trip_log_06_01_2024_12_00am_PDT-06_02_2024_12_00am_PDT.csv
6/1/24,10:13:35 PM,6/1/24,10:46:18 PM,24.09,p,,"9804 79th Dr NE, Marysville, WA 98270, USA","20019 6 W, Lynnwood, WA 98036, USA",2013 Toyota Prius (New),business_personal_trip_log_06_01_2024_12_00am_PDT-06_02_2024_12_00am_PDT.csv
6/2/24,9:07:45 AM,6/2/24,9:21:51 AM,5,p,,"20019 6 W, Lynnwood, WA 98036, USA","4326 148th St SE, Bothell, WA 98012, USA",2013 Toyota Prius (New),business_personal_trip_log_06_02_2024_12_00am_PDT-06_03_2024_12_00am_PDT.csv
6/2/24,11:08:18 AM,6/2/24,11:22:51 AM,8.01,p,,"4326 148th St SE, Bothell, WA 98012, USA","9900 Airport Way, Snohomish, WA 98296, USA",2013 Toyota Prius (New),business_personal_trip_log_06_02_2024_12_00am_PDT-06_03_2024_12_00am_PDT.csv
6/2/24,1:10:45 PM,6/2/24,1:37:45 PM,12,p,,"9900 Airport Way, Snohomish, WA 98296, USA","22110 17th Ave SE, Bothell, WA 98021, USA",2013 Toyota Prius (New),business_personal_trip_log_06_02_2024_12_00am_PDT-06_03_2024_12_00am_PDT.csv
6/2/24,1:54:22 PM,6/2/24,1:54:36 PM,0,p,,"22020 17th Ave SE, Bothell, WA 98021, USA","22020 17th Ave SE, Bothell, WA 98021, USA",2013 Toyota Prius (New),business_personal_trip_log_06_02_2024_12_00am_PDT-06_03_2024_12_00am_PDT.csv
6/2/24,1:57:25 PM,6/2/24,2:09:27 PM,3,p,,"22010 17th Ave SE, Bothell, WA 98021, USA","20019 6 W, Lynnwood, WA 98036, USA",2013 Toyota Prius (New),business_personal_trip_log_06_02_2024_12_00am_PDT-06_03_2024_12_00am_PDT.csv
6/2/24,5:27:42 PM,6/2/24,5:46:20 PM,8,p,,"20019 6 W, Lynnwood, WA 98036, USA","13710 59th Ave SE, Everett, WA 98208, USA",2013 Toyota Prius (New),business_personal_trip_log_06_02_2024_12_00am_PDT-06_03_2024_12_00am_PDT.csv
6/2/24,5:52:08 PM,6/2/24,5:57:18 PM,1.04,p,,"13710 59th Ave SE, Everett, WA 98208, USA","14731 44 SE, Bothell, WA 98012, USA",2013 Toyota Prius (New),business_personal_trip_log_06_02_2024_12_00am_PDT-06_03_2024_12_00am_PDT.csv
6/2/24,9:58:14 PM,6/2/24,10:13:10 PM,6.1,p,,"14730 45th Ave SE, Bothell, WA 98012, USA","20019 6 W, Lynnwood, WA 98036, USA",2013 Toyota Prius (New),business_personal_trip_log_06_02_2024_12_00am_PDT-06_03_2024_12_00am_PDT.csv
6/3/24,12:24:21 PM,6/3/24,12:36:56 PM,5.01,p,,"20012 6th Pl W, Lynnwood, WA 98036, USA","20202 44th Ave W, Lynnwood, WA 98036, USA",2013 Toyota Prius (New),business_personal_trip_log_06_03_2024_12_00am_PDT-06_04_2024_12_00am_PDT.csv
6/3/24,5:45:50 PM,6/3/24,5:54:14 PM,2,b,,"20104 48th Ave W, Lynnwood, WA 98036, USA","18199 33rd Ave W, Lynnwood, WA 98037, USA",2013 Toyota Prius (New),business_personal_trip_log_06_03_2024_12_00am_PDT-06_04_2024_12_00am_PDT.csv
6/3/24,5:56:38 PM,6/3/24,5:57:34 PM,0,b,,"18199 33rd Ave W, Lynnwood, WA 98037, USA","3101 184th St SW, Lynnwood, WA 98037, USA",2013 Toyota Prius (New),business_personal_trip_log_06_03_2024_12_00am_PDT-06_04_2024_12_00am_PDT.csv
6/3/24,6:19:08 PM,6/3/24,6:39:49 PM,4,b,,"3101 184th St SW, Lynnwood, WA 98037, USA","3625 148th St SW, Lynnwood, WA 98087, USA",2013 Toyota Prius (New),business_personal_trip_log_06_03_2024_12_00am_PDT-06_04_2024_12_00am_PDT.csv
6/3/24,6:43:03 PM,6/3/24,7:53:03 PM,24,b,,"3625 148th St SW, Lynnwood, WA 98087, USA","7607 Ridgewood Dr, Everett, WA 98203, USA",2013 Toyota Prius (New),business_personal_trip_log_06_03_2024_12_00am_PDT-06_04_2024_12_00am_PDT.csv
6/3/24,7:57:36 PM,6/3/24,8:12:03 PM,6,b,,"7701 Timber Hill Dr, Everett, WA 98203, USA","1602 Hewitt Ave, Everett, WA 98201, USA",2013 Toyota Prius (New),business_personal_trip_log_06_03_2024_12_00am_PDT-06_04_2024_12_00am_PDT.csv
6/3/24,8:14:03 PM,6/3/24,8:17:03 PM,1,b,,"1620 Hewitt Ave, Everett, WA 98201, USA","3413 Grand Ave, Everett, WA 98201, USA",2013 Toyota Prius (New),business_personal_trip_log_06_03_2024_12_00am_PDT-06_04_2024_12_00am_PDT.csv
6/3/24,8:23:30 PM,6/3/24,8:27:55 PM,1,b,,"3420 Grand Ave, Everett, WA 98201, USA","4730 Colby Ave, Everett, WA 98203, USA",2013 Toyota Prius (New),business_personal_trip_log_06_03_2024_12_00am_PDT-06_04_2024_12_00am_PDT.csv
6/3/24,8:33:52 PM,6/3/24,8:54:33 PM,13.1,b,,"4730 Colby Ave, Everett, WA 98203, USA","20019 6 W, Lynnwood, WA 98036, USA",2013 Toyota Prius (New),business_personal_trip_log_06_03_2024_12_00am_PDT-06_04_2024_12_00am_PDT.csv
6/4/24,3:53:54 PM,6/4/24,4:47:52 PM,13.04,b,,"20012 6 W, Lynnwood, WA 98036, USA","I-5, Mountlake Terrace, WA 98043, USA",2013 Toyota Prius (New),business_personal_trip_log_06_04_2024_12_00am_PDT-06_05_2024_12_00am_PDT.csv
6/4/24,4:49:52 PM,6/4/24,6:16:24 PM,27.01,b,,"I-5, Mountlake Terrace, WA 98043, USA","16232 Bothell Everett Hwy, Mill Creek, WA 98012, USA",2013 Toyota Prius (New),business_personal_trip_log_06_04_2024_12_00am_PDT-06_05_2024_12_00am_PDT.csv
6/4/24,6:24:01 PM,6/4/24,6:26:48 PM,1,b,,"16304 Bothell Everett Hwy, Mill Creek, WA 98012, USA","200 164th St SW, Bothell, WA 98012, USA",2013 Toyota Prius (New),business_personal_trip_log_06_04_2024_12_00am_PDT-06_05_2024_12_00am_PDT.csv
6/4/24,6:28:54 PM,6/4/24,6:34:44 PM,3.1,b,,"16324 1 W, Bothell, WA 98012, USA","20019 6 W, Lynnwood, WA 98036, USA",2013 Toyota Prius (New),business_personal_trip_log_06_04_2024_12_00am_PDT-06_05_2024_12_00am_PDT.csv
6/5/24,9:50:37 AM,6/5/24,10:14:28 AM,20,p,,"20019 6 W, Lynnwood, WA 98036, USA","605 91st Ave NE, Lake Stevens, WA 98258, USA",2013 Toyota Prius (New),business_personal_trip_log_06_05_2024_12_00am_PDT-06_06_2024_12_00am_PDT.csv
6/5/24,10:19:24 AM,6/5/24,10:22:44 AM,1.01,p,,"605 91st Ave NE, Lake Stevens, WA 98258, USA","8830 8th St SE, Lake Stevens, WA 98258, USA",2013 Toyota Prius (New),business_personal_trip_log_06_05_2024_12_00am_PDT-06_06_2024_12_00am_PDT.csv
6/5/24,11:36:16 AM,6/5/24,12:07:12 PM,19.08,p,,"8830 8th St SE, Lake Stevens, WA 98258, USA","20019 6 W, Lynnwood, WA 98036, USA",2013 Toyota Prius (New),business_personal_trip_log_06_05_2024_12_00am_PDT-06_06_2024_12_00am_PDT.csv
6/5/24,12:16:28 PM,6/5/24,1:04:47 PM,18,b,,"20019 6 W, Lynnwood, WA 98036, USA","810 Virginia St, Seattle, WA 98101, USA",2013 Toyota Prius (New),business_personal_trip_log_06_05_2024_12_00am_PDT-06_06_2024_12_00am_PDT.csv
6/5/24,1:06:47 PM,6/5/24,2:14:07 PM,35,b,,"808 Howell St, Seattle, WA 98101, USA","9596 1st Ave NE, Seattle, WA 98115, USA",2013 Toyota Prius (New),business_personal_trip_log_06_05_2024_12_00am_PDT-06_06_2024_12_00am_PDT.csv
6/5/24,2:16:07 PM,6/5/24,2:16:07 PM,0,b,,"10600 1st Ave NE, Seattle, WA 98125, USA","10600 1st Ave NE, Seattle, WA 98125, USA",2013 Toyota Prius (New),business_personal_trip_log_06_05_2024_12_00am_PDT-06_06_2024_12_00am_PDT.csv
6/5/24,2:17:11 PM,6/5/24,3:27:40 PM,30,b,,"I-5, Seattle, WA 98125, USA","5903 196th St SW, Lynnwood, WA 98036, USA",2013 Toyota Prius (New),business_personal_trip_log_06_05_2024_12_00am_PDT-06_06_2024_12_00am_PDT.csv
6/5/24,3:30:18 PM,6/5/24,3:53:28 PM,1.55,b,,"19612 Highway 99, Lynnwood, WA 98036, USA",Unknown,2013 Toyota Prius (New),business_personal_trip_log_06_05_2024_12_00am_PDT-06_06_2024_12_00am_PDT.csv
6/5/24,3:55:28 PM,6/5/24,4:09:28 PM,0,b,,"321 Main St, Edmonds, WA 98020, USA","22000 Highway 99, Edmonds, WA 98026, USA",2013 Toyota Prius (New),business_personal_trip_log_06_05_2024_12_00am_PDT-06_06_2024_12_00am_PDT.csv
6/5/24,4:11:28 PM,6/5/24,4:12:28 PM,0,b,,"6920 220th St SW, Mountlake Terrace, WA 98043, USA","22001 66th Ave W, Mountlake Terrace, WA 98043, USA",2013 Toyota Prius (New),business_personal_trip_log_06_05_2024_12_00am_PDT-06_06_2024_12_00am_PDT.csv
6/5/24,4:18:28 PM,6/5/24,5:05:37 PM,0,b,,"I-5, Mountlake Terrace, WA 98043, USA","I-405, Kirkland, WA 98033, USA",2013 Toyota Prius (New),business_personal_trip_log_06_05_2024_12_00am_PDT-06_06_2024_12_00am_PDT.csv
6/5/24,5:07:37 PM,6/5/24,5:44:55 PM,0.06,b,,"I-405, Kirkland, WA 98033, USA","20019 6 W, Lynnwood, WA 98036, USA",2013 Toyota Prius (New),business_personal_trip_log_06_05_2024_12_00am_PDT-06_06_2024_12_00am_PDT.csv
6/6/24,1:03:06 PM,6/6/24,1:03:58 PM,0,p,,"20019 6th Pl W, Lynnwood, WA 98036, USA","20019 6 W, Lynnwood, WA 98036, USA",2013 Toyota Prius (New),business_personal_trip_log_06_06_2024_12_00am_PDT-06_07_2024_12_00am_PDT.csv
6/6/24,1:19:05 PM,6/6/24,1:29:42 PM,4,p,,"608 200th Pl SW, Lynnwood, WA 98036, USA","2915 184th St SW, Lynnwood, WA 98037, USA",2013 Toyota Prius (New),business_personal_trip_log_06_06_2024_12_00am_PDT-06_07_2024_12_00am_PDT.csv
6/6/24,2:07:01 PM,6/6/24,2:09:01 PM,0,p,,"2915 184th St SW, Lynnwood, WA 98037, USA","18505 Alderwood Mall Pkwy, Lynnwood, WA 98037, USA",2013 Toyota Prius (New),business_personal_trip_log_06_06_2024_12_00am_PDT-06_07_2024_12_00am_PDT.csv
6/6/24,2:11:01 PM,6/6/24,2:14:16 PM,0,p,,"I-5, Lynnwood, WA 98036, USA","3100 196th St SW, Lynnwood, WA 98036, USA",2013 Toyota Prius (New),business_personal_trip_log_06_06_2024_12_00am_PDT-06_07_2024_12_00am_PDT.csv
6/6/24,2:49:30 PM,6/6/24,3:09:29 PM,13,p,,"3100 196th St SW, Lynnwood, WA 98036, USA","6210 234th St SE, Woodinville, WA 98072, USA",2013 Toyota Prius (New),business_personal_trip_log_06_06_2024_12_00am_PDT-06_07_2024_12_00am_PDT.csv
6/6/24,3:22:26 PM,6/6/24,3:40:41 PM,7,p,,"6210 234th St SE, Woodinville, WA 98072, USA","20019 6 W, Lynnwood, WA 98036, USA",2013 Toyota Prius (New),business_personal_trip_log_06_06_2024_12_00am_PDT-06_07_2024_12_00am_PDT.csv
6/7/24,11:35:46 AM,6/7/24,12:09:12 PM,22.05,p,,"20019 6 W, Lynnwood, WA 98036, USA","10622 60th St NE, Lake Stevens, WA 98258, USA",2013 Toyota Prius (New),business_personal_trip_log_06_07_2024_12_00am_PDT-06_08_2024_12_00am_PDT.csv
6/7/24,5:48:26 PM,6/7/24,6:13:17 PM,11,p,,"10622 60th St NE, Lake Stevens, WA 98258, USA","1200 Craftsman Way, Everett, WA 98201, USA",2013 Toyota Prius (New),business_personal_trip_log_06_07_2024_12_00am_PDT-06_08_2024_12_00am_PDT.csv
6/7/24,9:16:24 PM,6/7/24,9:36:07 PM,11,p,,"1200 Craftsman Way, Everett, WA 98201, USA","9804 79th Dr NE, Marysville, WA 98270, USA",2013 Toyota Prius (New),business_personal_trip_log_06_07_2024_12_00am_PDT-06_08_2024_12_00am_PDT.csv
6/8/24,8:21:17 AM,6/8/24,8:30:36 AM,4.19,p,,"9804 79th Dr NE, Marysville, WA 98270, USA","1223 Short St, Marysville, WA 98270, USA",2013 Toyota Prius (New),business_personal_trip_log_06_08_2024_12_00am_PDT-06_09_2024_12_00am_PDT.csv
6/8/24,8:37:54 AM,6/8/24,8:47:59 AM,5,p,,"1319 Beach Ave, Marysville, WA 98270, USA","2832 116th St NE, Tulalip, WA 98271, USA",2013 Toyota Prius (New),business_personal_trip_log_06_08_2024_12_00am_PDT-06_09_2024_12_00am_PDT.csv
6/8/24,8:51:44 AM,6/8/24,9:00:58 AM,6.02,p,,"2832 116th St NE, Tulalip, WA 98271, USA","19205 Smokey Point Blvd, Arlington, WA 98223, USA",2013 Toyota Prius (New),business_personal_trip_log_06_08_2024_12_00am_PDT-06_09_2024_12_00am_PDT.csv
6/8/24,9:24:01 AM,6/8/24,9:35:39 AM,5.04,p,,"19205 Smokey Point Blvd, Arlington, WA 98223, USA","5528 133rd Pl NE, Marysville, WA 98271, USA",2013 Toyota Prius (New),business_personal_trip_log_06_08_2024_12_00am_PDT-06_09_2024_12_00am_PDT.csv
6/8/24,9:54:20 AM,6/8/24,10:03:02 AM,2.08,p,,"5518 133rd Pl NE, Marysville, WA 98271, USA",Unknown,2013 Toyota Prius (New),business_personal_trip_log_06_08_2024_12_00am_PDT-06_09_2024_12_00am_PDT.csv
6/8/24,10:05:55 AM,6/8/24,10:27:12 AM,8.01,p,,"13628 57th Ave NE, Marysville, WA 98271, USA","9804 79th Dr NE, Marysville, WA 98270, USA",2013 Toyota Prius (New),business_personal_trip_log_06_08_2024_12_00am_PDT-06_09_2024_12_00am_PDT.csv
6/8/24,10:38:41 AM,6/8/24,10:56:13 AM,11.01,p,,"9804 79th Dr NE, Marysville, WA 98270, USA","13420 16th St NE, Lake Stevens, WA 98258, USA",2013 Toyota Prius (New),business_personal_trip_log_06_08_2024_12_00am_PDT-06_09_2024_12_00am_PDT.csv
6/8/24,12:02:36 PM,6/8/24,12:22:27 PM,11,p,,"13420 16th St NE, Lake Stevens, WA 98258, USA","9804 79th Dr NE, Marysville, WA 98270, USA",2013 Toyota Prius (New),business_personal_trip_log_06_08_2024_12_00am_PDT-06_09_2024_12_00am_PDT.csv
6/8/24,12:47:05 PM,6/8/24,1:08:19 PM,8.08,p,,"9804 79th Dr NE, Marysville, WA 98270, USA","302 E 1st St, Arlington, WA 98223, USA",2013 Toyota Prius (New),business_personal_trip_log_06_08_2024_12_00am_PDT-06_09_2024_12_00am_PDT.csv
6/8/24,3:02:11 PM,6/8/24,3:23:07 PM,12,p,,"103 N Dunham Ave, Arlington, WA 98223, USA","9804 79th Dr NE, Marysville, WA 98270, USA",2013 Toyota Prius (New),business_personal_trip_log_06_08_2024_12_00am_PDT-06_09_2024_12_00am_PDT.csv
6/8/24,5:08:12 PM,6/8/24,5:16:41 PM,3.01,p,,"9804 79th Dr NE, Marysville, WA 98270, USA","9414 State Ave, Marysville, WA 98270, USA",2013 Toyota Prius (New),business_personal_trip_log_06_08_2024_12_00am_PDT-06_09_2024_12_00am_PDT.csv
6/8/24,6:04:05 PM,6/8/24,6:10:47 PM,3,p,,"9330 State Ave, Marysville, WA 98270, USA","9804 79th Dr NE, Marysville, WA 98270, USA",2013 Toyota Prius (New),business_personal_trip_log_06_08_2024_12_00am_PDT-06_09_2024_12_00am_PDT.csv
6/8/24,9:56:04 PM,6/8/24,10:30:25 PM,24,p,,"9804 79th Dr NE, Marysville, WA 98270, USA","20012 6 W, Lynnwood, WA 98036, USA",2013 Toyota Prius (New),business_personal_trip_log_06_08_2024_12_00am_PDT-06_09_2024_12_00am_PDT.csv
7/8/24,9:09:48 AM,7/8/24,9:25:20 AM,7,p,,"20019 6 W, Lynnwood, WA 98036, USA","21204 61st Pl W, Mountlake Terrace, WA 98043, USA",2013 Toyota Prius (New),business_personal_trip_log_06_08_2024_12_00am_PDT-07_09_2024_12_00am_PDT.csv
7/8/24,9:27:25 AM,7/8/24,9:29:15 AM,0,p,,"6202 213th Pl SW, Mountlake Terrace, WA 98043, USA","6202 213th Pl SW, Mountlake Terrace, WA 98043, USA",2013 Toyota Prius (New),business_personal_trip_log_06_08_2024_12_00am_PDT-07_09_2024_12_00am_PDT.csv
7/8/24,9:32:37 AM,7/8/24,9:33:27 AM,0.01,p,,"6202 213th Pl SW, Mountlake Terrace, WA 98043, USA","21204 61st Pl W, Mountlake Terrace, WA 98043, USA",2013 Toyota Prius (New),business_personal_trip_log_06_08_2024_12_00am_PDT-07_09_2024_12_00am_PDT.csv
7/8/24,9:40:13 AM,7/8/24,9:52:24 AM,4.01,p,,"21204 61st Pl W, Mountlake Terrace, WA 98043, USA","18133 33rd Ave W, Lynnwood, WA 98037, USA",2013 Toyota Prius (New),business_personal_trip_log_06_08_2024_12_00am_PDT-07_09_2024_12_00am_PDT.csv
7/8/24,9:55:54 AM,7/8/24,9:56:53 AM,0,p,,"18133 33rd Ave W, Lynnwood, WA 98037, USA","18133 33rd Ave W, Lynnwood, WA 98037, USA",2013 Toyota Prius (New),business_personal_trip_log_06_08_2024_12_00am_PDT-07_09_2024_12_00am_PDT.csv
7/8/24,10:00:00 AM,7/8/24,10:08:08 AM,3.06,p,,"18133 33rd Ave W, Lynnwood, WA 98037, USA","20019 6 W, Lynnwood, WA 98036, USA",2013 Toyota Prius (New),business_personal_trip_log_06_08_2024_12_00am_PDT-07_09_2024_12_00am_PDT.csv
7/8/24,10:20:58 AM,7/8/24,10:48:04 AM,11,p,,"20019 6 W, Lynnwood, WA 98036, USA","I-5, Seattle, WA 98125, USA",2013 Toyota Prius (New),business_personal_trip_log_06_08_2024_12_00am_PDT-07_09_2024_12_00am_PDT.csv
7/8/24,10:50:04 AM,7/8/24,11:43:06 AM,44.06,p,,"I-5, Seattle, WA 98125, USA","3325 Mountain View Ave W, Tacoma, WA 98466, USA",2013 Toyota Prius (New),business_personal_trip_log_06_08_2024_12_00am_PDT-07_09_2024_12_00am_PDT.csv
7/8/24,9:07:26 PM,7/8/24,10:10:25 PM,58.01,p,,"7816 31st St W, University Place, WA 98466, USA","20019 6 W, Lynnwood, WA 98036, USA",2013 Toyota Prius (New),business_personal_trip_log_06_08_2024_12_00am_PDT-07_09_2024_12_00am_PDT.csv
6/9/24,9:11:42 AM,6/9/24,9:25:04 AM,6,p,,"20019 6 W, Lynnwood, WA 98036, USA","4326 148th St SE, Bothell, WA 98012, USA",2013 Toyota Prius (New),business_personal_trip_log_06_09_2024_12_00am_PDT-06_10_2024_12_00am_PDT.csv
6/9/24,11:10:12 AM,6/9/24,11:12:39 AM,1,p,,"4326 148th St SE, Bothell, WA 98012, USA","3504 Seattle Hl, Bothell, WA 98012, USA",2013 Toyota Prius (New),business_personal_trip_log_06_09_2024_12_00am_PDT-06_10_2024_12_00am_PDT.csv
6/9/24,11:15:39 AM,6/9/24,11:21:34 AM,2.02,p,,"3226 151st Pl SE, Mill Creek, WA 98012, USA","16304 Bothell Everett Hwy, Mill Creek, WA 98012, USA",2013 Toyota Prius (New),business_personal_trip_log_06_09_2024_12_00am_PDT-06_10_2024_12_00am_PDT.csv
6/9/24,11:26:27 AM,6/9/24,11:31:44 AM,1.02,p,,"16320 Bothell-Everett Hwy, Bothell, WA 98012, USA","224 174th St SW, Bothell, WA 98012, USA",2013 Toyota Prius (New),business_personal_trip_log_06_09_2024_12_00am_PDT-06_10_2024_12_00am_PDT.csv
6/9/24,11:45:03 AM,6/9/24,11:47:44 AM,0.01,p,,"226 174th St SW, Bothell, WA 98012, USA","224 174th St SW, Bothell, WA 98012, USA",2013 Toyota Prius (New),business_personal_trip_log_06_09_2024_12_00am_PDT-06_10_2024_12_00am_PDT.csv
6/9/24,11:53:43 AM,6/9/24,11:59:28 AM,2,p,,"224 174th St SW, Bothell, WA 98012, USA","20019 6 W, Lynnwood, WA 98036, USA",2013 Toyota Prius (New),business_personal_trip_log_06_09_2024_12_00am_PDT-06_10_2024_12_00am_PDT.csv
6/9/24,1:41:49 PM,6/9/24,1:54:26 PM,5,p,,"20019 6 W, Lynnwood, WA 98036, USA","3629 208th St SE, Bothell, WA 98021, USA",2013 Toyota Prius (New),business_personal_trip_log_06_09_2024_12_00am_PDT-06_10_2024_12_00am_PDT.csv
6/9/24,4:15:59 PM,6/9/24,4:46:42 PM,20,p,,"20916 37 SE, Bothell, WA 98021, USA","3701 Rockefeller Ave, Everett, WA 98201, USA",2013 Toyota Prius (New),business_personal_trip_log_06_09_2024_12_00am_PDT-06_10_2024_12_00am_PDT.csv
6/9/24,6:10:11 PM,6/9/24,6:10:54 PM,0.01,p,,"3630 Lombard Ave, Everett, WA 98201, USA","1832 38th St, Everett, WA 98201, USA",2013 Toyota Prius (New),business_personal_trip_log_06_09_2024_12_00am_PDT-06_10_2024_12_00am_PDT.csv
6/9/24,7:01:40 PM,6/9/24,7:36:32 PM,18.1,p,,"3721 Oakes Ave, Everett, WA 98201, USA","20019 6 W, Lynnwood, WA 98036, USA",2013 Toyota Prius (New),business_personal_trip_log_06_09_2024_12_00am_PDT-06_10_2024_12_00am_PDT.csv
6/10/24,10:09:28 AM,6/10/24,11:19:51 AM,56,p,,"20019 6 W, Lynnwood, WA 98036, USA","3511 5th St SE, Puyallup, WA 98374, USA",2013 Toyota Prius (New),business_personal_trip_log_06_10_2024_12_00am_PDT-06_11_2024_12_00am_PDT.csv
6/10/24,11:36:27 AM,6/10/24,11:43:28 AM,3.01,p,,"3511 5th St SE, Puyallup, WA 98374, USA","12606 132nd Ave Ct E, Puyallup, WA 98374, USA",2013 Toyota Prius (New),business_personal_trip_log_06_10_2024_12_00am_PDT-06_11_2024_12_00am_PDT.csv
6/10/24,4:43:24 PM,6/10/24,4:52:03 PM,3.01,p,,"12606 132nd Ave Ct E, Puyallup, WA 98374, USA","3008 38th St SE, Puyallup, WA 98374, USA",2013 Toyota Prius (New),business_personal_trip_log_06_10_2024_12_00am_PDT-06_11_2024_12_00am_PDT.csv
6/10/24,10:17:29 PM,6/10/24,11:11:52 PM,50,p,,"3008 38th St SE, Puyallup, WA 98374, USA","20019 6 W, Lynnwood, WA 98036, USA",2013 Toyota Prius (New),business_personal_trip_log_06_10_2024_12_00am_PDT-06_11_2024_12_00am_PDT.csv
6/11/24,11:59:44 AM,6/11/24,12:32:14 PM,18.02,p,,"20019 6 W, Lynnwood, WA 98036, USA","144 W Marine View Dr, Everett, WA 98201, USA",2013 Toyota Prius (New),business_personal_trip_log_06_11_2024_12_00am_PDT-06_12_2024_12_00am_PDT.csv
6/11/24,5:10:33 PM,6/11/24,5:20:40 PM,4,p,,"144 W Marine View Dr, Everett, WA 98201, USA","4711 64th St NE, Marysville, WA 98270, USA",2013 Toyota Prius (New),business_personal_trip_log_06_11_2024_12_00am_PDT-06_12_2024_12_00am_PDT.csv
6/11/24,5:46:37 PM,6/11/24,5:55:28 PM,4,p,,"4711 64th St NE, Marysville, WA 98270, USA","9804 79th Dr NE, Marysville, WA 98270, USA",2013 Toyota Prius (New),business_personal_trip_log_06_11_2024_12_00am_PDT-06_12_2024_12_00am_PDT.csv
6/11/24,10:31:05 PM,6/11/24,11:02:14 PM,25.09,p,,"9804 79th Dr NE, Marysville, WA 98270, USA","20019 6 W, Lynnwood, WA 98036, USA",2013 Toyota Prius (New),business_personal_trip_log_06_11_2024_12_00am_PDT-06_12_2024_12_00am_PDT.csv
6/12/24,11:58:58 AM,6/12/24,12:32:24 PM,14.04,b,,"20019 6 W, Lynnwood, WA 98036, USA","1716 Puget Dr, Everett, WA 98203, USA",2013 Toyota Prius (New),business_personal_trip_log_06_12_2024_12_00am_PDT-06_13_2024_12_00am_PDT.csv
6/12/24,12:51:55 PM,6/12/24,1:12:55 PM,5,b,,"1716 Puget Dr, Everett, WA 98203, USA","10200 19th Ave SE, Everett, WA 98208, USA",2013 Toyota Prius (New),business_personal_trip_log_06_12_2024_12_00am_PDT-06_13_2024_12_00am_PDT.csv
6/12/24,1:15:07 PM,6/12/24,1:16:07 PM,0,b,,"10200 19th Ave SE, Everett, WA 98208, USA","10200 19th Ave SE, Everett, WA 98208, USA",2013 Toyota Prius (New),business_personal_trip_log_06_12_2024_12_00am_PDT-06_13_2024_12_00am_PDT.csv
6/12/24,1:48:44 PM,6/12/24,2:45:07 PM,15.01,b,,"10200 19th Ave SE, Everett, WA 98208, USA","1819 121st St SE, Everett, WA 98208, USA",2013 Toyota Prius (New),business_personal_trip_log_06_12_2024_12_00am_PDT-06_13_2024_12_00am_PDT.csv
6/12/24,2:49:25 PM,6/12/24,3:08:04 PM,6.08,b,,"1819 121st St SE, Everett, WA 98208, USA","20013 6 W, Lynnwood, WA 98036, USA",2013 Toyota Prius (New),business_personal_trip_log_06_12_2024_12_00am_PDT-06_13_2024_12_00am_PDT.csv
6/14/24,8:43:03 AM,6/14/24,8:51:14 AM,3.01,p,,"20019 6 W, Lynnwood, WA 98036, USA","20711 Bothell Everett Hwy, Bothell, WA 98012, USA",2013 Toyota Prius (New),business_personal_trip_log_06_14_2024_12_00am_PDT-06_15_2024_12_00am_PDT.csv
6/14/24,8:59:38 AM,6/14/24,9:06:31 AM,3.1,p,,"20711 Bothell Everett Hwy, Bothell, WA 98012, USA","20019 6 W, Lynnwood, WA 98036, USA",2013 Toyota Prius (New),business_personal_trip_log_06_14_2024_12_00am_PDT-06_15_2024_12_00am_PDT.csv
6/14/24,9:36:55 AM,6/14/24,10:07:54 AM,19,b,,"20025 6 W, Lynnwood, WA 98036, USA","551 Boren Ave N, Seattle, WA 98170, USA",2013 Toyota Prius (New),business_personal_trip_log_06_14_2024_12_00am_PDT-06_15_2024_12_00am_PDT.csv
6/14/24,10:10:31 AM,6/14/24,10:33:17 AM,13,b,,"510 Boren Ave N, Seattle, WA 98109, USA","2600 S 165th St, Seatac, WA 98158, USA",2013 Toyota Prius (New),business_personal_trip_log_06_14_2024_12_00am_PDT-06_15_2024_12_00am_PDT.csv
6/14/24,10:41:17 AM,6/14/24,10:42:17 AM,0,b,,"16601 Air Cargo Rd N, Seatac, WA 98158, USA","16745 Air Cargo Rd N, Seatac, WA 98158, USA",2013 Toyota Prius (New),business_personal_trip_log_06_14_2024_12_00am_PDT-06_15_2024_12_00am_PDT.csv
6/14/24,10:46:17 AM,6/14/24,11:05:54 AM,3,b,,"2626 S 170th St, Seatac, WA 98188, USA","3041 S 167th St, Seattle, WA 98188, USA",2013 Toyota Prius (New),business_personal_trip_log_06_14_2024_12_00am_PDT-06_15_2024_12_00am_PDT.csv
6/14/24,11:20:41 AM,6/14/24,11:38:59 AM,8,b,,"3041 S 167th St, Seattle, WA 98188, USA","420 Sunset Blvd N, Renton, WA 98057, USA",2013 Toyota Prius (New),business_personal_trip_log_06_14_2024_12_00am_PDT-06_15_2024_12_00am_PDT.csv
6/14/24,11:42:30 AM,6/14/24,12:02:12 PM,10.01,b,,"420 Sunset Blvd N, Renton, WA 98057, USA","1624 145th Pl SE, Bellevue, WA 98007, USA",2013 Toyota Prius (New),business_personal_trip_log_06_14_2024_12_00am_PDT-06_15_2024_12_00am_PDT.csv
6/14/24,12:11:18 PM,6/14/24,12:41:52 PM,8,b,,"1624 145th Pl SE, Bellevue, WA 98007, USA","700 110th Ave NE, Bellevue, WA 98004, USA",2013 Toyota Prius (New),business_personal_trip_log_06_14_2024_12_00am_PDT-06_15_2024_12_00am_PDT.csv
6/14/24,12:46:55 PM,6/14/24,12:51:15 PM,0,b,,"633 110th Ave NE, Bellevue, WA 98004, USA","785 116th Ave NE, Bellevue, WA 98004, USA",2013 Toyota Prius (New),business_personal_trip_log_06_14_2024_12_00am_PDT-06_15_2024_12_00am_PDT.csv
6/14/24,12:53:15 PM,6/14/24,12:57:15 PM,1,b,,"11635 NE 8th St, Bellevue, WA 98005, USA","11615 NE 4th St, Bellevue, WA 98004, USA",2013 Toyota Prius (New),business_personal_trip_log_06_14_2024_12_00am_PDT-06_15_2024_12_00am_PDT.csv
6/14/24,12:59:23 PM,6/14/24,1:28:17 PM,17,b,,"I-405, Bellevue, WA 98004, USA","17801 International Blvd, Seatac, WA 98158, USA",2013 Toyota Prius (New),business_personal_trip_log_06_14_2024_12_00am_PDT-06_15_2024_12_00am_PDT.csv
6/14/24,1:34:00 PM,6/14/24,2:28:30 PM,29.02,b,,"17801 International Blvd, Seatac, WA 98158, USA","22511 Highway 99, Edmonds, WA 98026, USA",2013 Toyota Prius (New),business_personal_trip_log_06_14_2024_12_00am_PDT-06_15_2024_12_00am_PDT.csv
6/14/24,2:39:04 PM,6/14/24,2:43:37 PM,1.05,b,,"7328 224th St SW, Edmonds, WA 98026, USA","23632 Highway 99, Edmonds, WA 98026, USA",2013 Toyota Prius (New),business_personal_trip_log_06_14_2024_12_00am_PDT-06_15_2024_12_00am_PDT.csv
6/14/24,3:10:57 PM,6/14/24,3:14:29 PM,1,b,,"23632 Highway 99, Edmonds, WA 98026, USA","8615 238th St SW, Edmonds, WA 98026, USA",2013 Toyota Prius (New),business_personal_trip_log_06_14_2024_12_00am_PDT-06_15_2024_12_00am_PDT.csv
6/14/24,3:21:34 PM,6/14/24,3:25:23 PM,1.02,b,,"8615 238th St SW, Edmonds, WA 98026, USA","7601 Lake Ballinger Way, Edmonds, WA 98026, USA",2013 Toyota Prius (New),business_personal_trip_log_06_14_2024_12_00am_PDT-06_15_2024_12_00am_PDT.csv
6/14/24,3:28:02 PM,6/14/24,4:01:52 PM,9,b,,"7601 Lake Ballinger Way, Edmonds, WA 98026, USA","I-5, Seattle, WA 98105, USA",2013 Toyota Prius (New),business_personal_trip_log_06_14_2024_12_00am_PDT-06_15_2024_12_00am_PDT.csv
6/14/24,4:03:52 PM,6/14/24,6:38:48 PM,71.07,b,,"I-5, Seattle, WA 98105, USA","9925 State Ave, Marysville, WA 98270, USA",2013 Toyota Prius (New),business_personal_trip_log_06_14_2024_12_00am_PDT-06_15_2024_12_00am_PDT.csv
6/14/24,6:52:39 PM,6/14/24,6:59:06 PM,2,p,,"9925 State Ave, Marysville, WA 98270, USA","9804 79th Dr NE, Marysville, WA 98270, USA",2013 Toyota Prius (New),business_personal_trip_log_06_14_2024_12_00am_PDT-06_15_2024_12_00am_PDT.csv
6/15/24,10:54:32 AM,6/15/24,11:32:32 AM,24.09,p,,"9804 79th Dr NE, Marysville, WA 98270, USA","20019 6 W, Lynnwood, WA 98036, USA",2013 Toyota Prius (New),business_personal_trip_log_06_15_2024_12_00am_PDT-06_16_2024_12_00am_PDT.csv
6/15/24,12:19:55 PM,6/15/24,12:42:15 PM,8.03,p,,"20019 6 W, Lynnwood, WA 98036, USA","13710 59th Ave SE, Everett, WA 98208, USA",2013 Toyota Prius (New),business_personal_trip_log_06_15_2024_12_00am_PDT-06_16_2024_12_00am_PDT.csv
6/15/24,9:30:33 PM,6/15/24,9:47:34 PM,7.09,p,,"13832 59th Ave SE, Everett, WA 98208, USA","20019 6 W, Lynnwood, WA 98036, USA",2013 Toyota Prius (New),business_personal_trip_log_06_15_2024_12_00am_PDT-06_16_2024_12_00am_PDT.csv
6/16/24,9:10:08 AM,6/16/24,9:23:52 AM,6,p,,"20019 6 W, Lynnwood, WA 98036, USA","4326 148th St SE, Bothell, WA 98012, USA",2013 Toyota Prius (New),business_personal_trip_log_06_16_2024_12_00am_PDT-06_17_2024_12_00am_PDT.csv
6/16/24,10:43:41 AM,6/16/24,11:08:02 AM,7.11,p,,"4326 147th Pl SE, Bothell, WA 98012, USA","20019 6 W, Lynnwood, WA 98036, USA",2013 Toyota Prius (New),business_personal_trip_log_06_16_2024_12_00am_PDT-06_17_2024_12_00am_PDT.csv
6/17/24,8:39:02 AM,6/17/24,9:02:14 AM,8.04,p,,"20019 6 W, Lynnwood, WA 98036, USA","6429 142nd St SE, Snohomish, WA 98296, USA",2013 Toyota Prius (New),business_personal_trip_log_06_17_2024_12_00am_PDT-06_18_2024_12_00am_PDT.csv
6/17/24,9:38:52 AM,6/17/24,10:11:09 AM,10,b,,"6418 142nd St SE, Snohomish, WA 98296, USA","805 191st Pl SW, Lynnwood, WA 98036, USA",2013 Toyota Prius (New),business_personal_trip_log_06_17_2024_12_00am_PDT-06_18_2024_12_00am_PDT.csv
6/17/24,10:14:51 AM,6/17/24,10:31:37 AM,3.03,b,,"805 191st Pl SW, Lynnwood, WA 98036, USA","18109 33rd Ave W, Lynnwood, WA 98037, USA",2013 Toyota Prius (New),business_personal_trip_log_06_17_2024_12_00am_PDT-06_18_2024_12_00am_PDT.csv
6/17/24,10:48:33 AM,6/17/24,10:51:12 AM,0,b,,"18109 33 W, Lynnwood, WA 98037, USA","2615 184th St SW, Lynnwood, WA 98037, USA",2013 Toyota Prius (New),business_personal_trip_log_06_17_2024_12_00am_PDT-06_18_2024_12_00am_PDT.csv
6/17/24,10:53:12 AM,6/17/24,11:58:34 AM,23.1,b,,"18811 28th Ave W, Lynnwood, WA 98036, USA","20013 6th Pl W, Lynnwood, WA 98036, USA",2013 Toyota Prius (New),business_personal_trip_log_06_17_2024_12_00am_PDT-06_18_2024_12_00am_PDT.csv
6/17/24,1:20:59 PM,6/17/24,1:48:19 PM,20,p,,"20012 6 W, Lynnwood, WA 98036, USA","3803 88th St NE, Marysville, WA 98270, USA",2013 Toyota Prius (New),business_personal_trip_log_06_17_2024_12_00am_PDT-06_18_2024_12_00am_PDT.csv
6/17/24,1:50:19 PM,6/17/24,1:55:01 PM,1.03,p,,"8724 46th Dr NE, Marysville, WA 98270, USA","6810 84th St NE, Marysville, WA 98270, USA",2013 Toyota Prius (New),business_personal_trip_log_06_17_2024_12_00am_PDT-06_18_2024_12_00am_PDT.csv
6/17/24,7:09:24 PM,6/17/24,7:33:12 PM,20,p,,"6810 84th St NE, Marysville, WA 98270, USA","1402 164th St SW, Lynnwood, WA 98087, USA",2013 Toyota Prius (New),business_personal_trip_log_06_17_2024_12_00am_PDT-06_18_2024_12_00am_PDT.csv
6/17/24,7:35:12 PM,6/17/24,7:35:12 PM,0,p,,"1001 164th St SW, Lynnwood, WA 98087, USA","1001 164th St SW, Lynnwood, WA 98087, USA",2013 Toyota Prius (New),business_personal_trip_log_06_17_2024_12_00am_PDT-06_18_2024_12_00am_PDT.csv
6/17/24,7:36:12 PM,6/17/24,7:42:54 PM,2.1,p,,"526 164th St SW, Lynnwood, WA 98087, USA","20019 6 W, Lynnwood, WA 98036, USA",2013 Toyota Prius (New),business_personal_trip_log_06_17_2024_12_00am_PDT-06_18_2024_12_00am_PDT.csv
6/18/24,10:24:30 AM,6/18/24,10:40:46 AM,9,p,,"20019 6 W, Lynnwood, WA 98036, USA","10601 47th Pl W, Mukilteo, WA 98275, USA",2013 Toyota Prius (New),business_personal_trip_log_06_18_2024_12_00am_PDT-06_19_2024_12_00am_PDT.csv
6/18/24,12:02:39 PM,6/18/24,12:22:10 PM,8,p,,"10601 47th Pl W, Mukilteo, WA 98275, USA","20019 6 W, Lynnwood, WA 98036, USA",2013 Toyota Prius (New),business_personal_trip_log_06_18_2024_12_00am_PDT-06_19_2024_12_00am_PDT.csv
6/18/24,12:36:03 PM,6/18/24,12:46:54 PM,4.01,p,,"20019 6 W, Lynnwood, WA 98036, USA","20025 6 W, Lynnwood, WA 98036, USA",2013 Toyota Prius (New),business_personal_trip_log_06_18_2024_12_00am_PDT-06_19_2024_12_00am_PDT.csv
6/18/24,4:12:18 PM,6/18/24,4:25:34 PM,3,p,,"20019 6 W, Lynnwood, WA 98036, USA","2901 184th St SW, Lynnwood, WA 98037, USA",2013 Toyota Prius (New),business_personal_trip_log_06_18_2024_12_00am_PDT-06_19_2024_12_00am_PDT.csv
6/18/24,4:36:24 PM,6/18/24,4:47:31 PM,4.1,p,,"2901 184th St SW, Lynnwood, WA 98037, USA","20019 6 W, Lynnwood, WA 98036, USA",2013 Toyota Prius (New),business_personal_trip_log_06_18_2024_12_00am_PDT-06_19_2024_12_00am_PDT.csv
6/19/24,9:20:25 AM,6/19/24,9:32:41 AM,6,p,,"20019 6 W, Lynnwood, WA 98036, USA","12721 Mukilteo Speedway, Lynnwood, WA 98087, USA",2013 Toyota Prius (New),business_personal_trip_log_06_19_2024_12_00am_PDT-06_20_2024_12_00am_PDT.csv
6/19/24,9:34:41 AM,6/19/24,9:37:42 AM,1.01,b,,"3710 Harbour Pointe Blvd SW, Mukilteo, WA 98275, USA","10601 47th Pl W, Mukilteo, WA 98275, USA",2013 Toyota Prius (New),business_personal_trip_log_06_19_2024_12_00am_PDT-06_20_2024_12_00am_PDT.csv
6/19/24,12:02:00 PM,6/19/24,12:33:15 PM,11.11,p,,"10601 47th Pl W, Mukilteo, WA 98275, USA","20019 6 W, Lynnwood, WA 98036, USA",2013 Toyota Prius (New),business_personal_trip_log_06_19_2024_12_00am_PDT-06_20_2024_12_00am_PDT.csv
6/19/24,2:13:03 PM,6/19/24,2:19:50 PM,2.06,b,,"608 200th Pl SW, Lynnwood, WA 98036, USA","20806 Bothell Everett Hwy, Bothell, WA 98021, USA",2013 Toyota Prius (New),business_personal_trip_log_06_19_2024_12_00am_PDT-06_20_2024_12_00am_PDT.csv
6/19/24,2:25:25 PM,6/19/24,3:44:13 PM,34,b,,"20806 Bothell Everett Hwy, Bothell, WA 98021, USA","17801 International Blvd, Seatac, WA 98158, USA",2013 Toyota Prius (New),business_personal_trip_log_06_19_2024_12_00am_PDT-06_20_2024_12_00am_PDT.csv
6/19/24,3:48:49 PM,6/19/24,4:25:59 PM,20,b,,"17801 International Blvd, Seatac, WA 98158, USA","316 NE Thornton Pl, Seattle, WA 98125, USA",2013 Toyota Prius (New),business_personal_trip_log_06_19_2024_12_00am_PDT-06_20_2024_12_00am_PDT.csv
6/19/24,4:30:29 PM,6/19/24,4:42:27 PM,1,b,,"321 NE Thornton Pl, Seattle, WA 98125, USA","10200 1st Ave NE, Seattle, WA 98125, USA",2013 Toyota Prius (New),business_personal_trip_log_06_19_2024_12_00am_PDT-06_20_2024_12_00am_PDT.csv
6/19/24,5:12:52 PM,6/19/24,5:35:20 PM,11.11,b,,"140 NE 103rd St, Seattle, WA 98125, USA","20025 6 W, Lynnwood, WA 98036, USA",2013 Toyota Prius (New),business_personal_trip_log_06_19_2024_12_00am_PDT-06_20_2024_12_00am_PDT.csv
6/19/24,5:55:19 PM,6/19/24,6:05:34 PM,3,p,,"20012 6 W, Lynnwood, WA 98036, USA","21215 Bothell Everett Hwy, Bothell, WA 98021, USA",2013 Toyota Prius (New),business_personal_trip_log_06_19_2024_12_00am_PDT-06_20_2024_12_00am_PDT.csv
6/19/24,6:47:07 PM,6/19/24,6:48:38 PM,1,p,,"21215 Bothell Everett Hwy, Bothell, WA 98021, USA","21004 Bothell Everett Hwy, Bothell, WA 98021, USA",2013 Toyota Prius (New),business_personal_trip_log_06_19_2024_12_00am_PDT-06_20_2024_12_00am_PDT.csv
6/19/24,6:52:45 PM,6/19/24,6:59:23 PM,2.1,p,,"20802 Bothell Everett Hwy, Bothell, WA 98021, USA","20019 6 W, Lynnwood, WA 98036, USA",2013 Toyota Prius (New),business_personal_trip_log_06_19_2024_12_00am_PDT-06_20_2024_12_00am_PDT.csv
6/20/24,2:58:44 PM,6/20/24,3:08:07 PM,3,p,,"20019 6 W, Lynnwood, WA 98036, USA","2608 196th St SW, Lynnwood, WA 98036, USA",2013 Toyota Prius (New),business_personal_trip_log_06_20_2024_12_00am_PDT-06_21_2024_12_00am_PDT.csv
6/20/24,3:11:00 PM,6/20/24,3:17:48 PM,1,p,,"2608 196th St SW, Lynnwood, WA 98036, USA","18109 33 W, Lynnwood, WA 98037, USA",2013 Toyota Prius (New),business_personal_trip_log_06_20_2024_12_00am_PDT-06_21_2024_12_00am_PDT.csv
6/20/24,3:36:16 PM,6/20/24,3:52:14 PM,5.57,p,,"18109 33 W, Lynnwood, WA 98037, USA","1512 132nd St SE, Mill Creek, WA 98012, USA",2013 Toyota Prius (New),business_personal_trip_log_06_20_2024_12_00am_PDT-06_21_2024_12_00am_PDT.csv
6/20/24,3:54:14 PM,6/20/24,3:54:14 PM,0,p,,"2110 132nd St SE, Mill Creek, WA 98012, USA","2110 132nd St SE, Mill Creek, WA 98012, USA",2013 Toyota Prius (New),business_personal_trip_log_06_20_2024_12_00am_PDT-06_21_2024_12_00am_PDT.csv
6/20/24,3:55:14 PM,6/20/24,4:22:22 PM,8,p,,"2508 132nd St SE, Mill Creek, WA 98012, USA","9911 Airport Way, Snohomish, WA 98296, USA",2013 Toyota Prius (New),business_personal_trip_log_06_20_2024_12_00am_PDT-06_21_2024_12_00am_PDT.csv
6/20/24,4:24:22 PM,6/20/24,4:28:04 PM,0,p,,"1229 1st St, Snohomish, WA 98290, USA","133 Maple Ave, Snohomish, WA 98290, USA",2013 Toyota Prius (New),business_personal_trip_log_06_20_2024_12_00am_PDT-06_21_2024_12_00am_PDT.csv
6/20/24,7:34:13 PM,6/20/24,8:00:03 PM,15.09,p,,"603 2nd St, Snohomish, WA 98290, USA","20019 6 W, Lynnwood, WA 98036, USA",2013 Toyota Prius (New),business_personal_trip_log_06_20_2024_12_00am_PDT-06_21_2024_12_00am_PDT.csv
6/21/24,1:00:21 PM,6/21/24,2:35:18 PM,31,b,,"20025 6 W, Lynnwood, WA 98036, USA","11825 Airport Rd, Everett, WA 98204, USA",2013 Toyota Prius (New),business_personal_trip_log_06_21_2024_12_00am_PDT-06_22_2024_12_00am_PDT.csv
6/21/24,2:46:50 PM,6/21/24,2:53:46 PM,2,b,,"11825 Airport Rd, Everett, WA 98204, USA","12909 Mukilteo Speedway, Lynnwood, WA 98087, USA",2013 Toyota Prius (New),business_personal_trip_log_06_21_2024_12_00am_PDT-06_22_2024_12_00am_PDT.csv
6/21/24,2:55:46 PM,6/21/24,3:46:29 PM,25.1,b,,"12502 Mukilteo Speedway, Mukilteo, WA 98275, USA","20019 6 W, Lynnwood, WA 98036, USA",2013 Toyota Prius (New),business_personal_trip_log_06_21_2024_12_00am_PDT-06_22_2024_12_00am_PDT.csv
6/21/24,3:49:05 PM,6/21/24,3:49:59 PM,0.01,p,,"20019 6 W, Lynnwood, WA 98036, USA","20019 6 W, Lynnwood, WA 98036, USA",2013 Toyota Prius (New),business_personal_trip_log_06_21_2024_12_00am_PDT-06_22_2024_12_00am_PDT.csv
6/21/24,3:56:09 PM,6/21/24,3:57:08 PM,0,p,,"20013 6 W, Lynnwood, WA 98036, USA","20019 6 W, Lynnwood, WA 98036, USA",2013 Toyota Prius (New),business_personal_trip_log_06_21_2024_12_00am_PDT-06_22_2024_12_00am_PDT.csv
6/22/24,12:20:10 PM,6/22/24,12:39:05 PM,8,p,,"20019 6 W, Lynnwood, WA 98036, USA","10601 47th Pl W, Mukilteo, WA 98275, USA",2013 Toyota Prius (New),business_personal_trip_log_06_22_2024_12_00am_PDT-06_23_2024_12_00am_PDT.csv
6/22/24,2:04:50 PM,6/22/24,2:30:22 PM,9,b,,"10601 47th Pl W, Mukilteo, WA 98275, USA","18800 Alderwood Mall Pkwy, Lynnwood, WA 98037, USA",2013 Toyota Prius (New),business_personal_trip_log_06_22_2024_12_00am_PDT-06_23_2024_12_00am_PDT.csv
6/22/24,2:46:43 PM,6/22/24,2:53:34 PM,1,b,,"18800 Alderwood Mall Pkwy, Lynnwood, WA 98037, USA","3220 188th St SW, Lynnwood, WA 98037, USA",2013 Toyota Prius (New),business_personal_trip_log_06_22_2024_12_00am_PDT-06_23_2024_12_00am_PDT.csv
6/22/24,2:55:34 PM,6/22/24,3:06:01 PM,2,b,,"3823 188th St SW, Lynnwood, WA 98037, USA","19017 Highway 99, Lynnwood, WA 98036, USA",2013 Toyota Prius (New),business_personal_trip_log_06_22_2024_12_00am_PDT-06_23_2024_12_00am_PDT.csv
6/22/24,3:08:54 PM,6/22/24,3:09:08 PM,0,b,,"19017 Highway 99, Lynnwood, WA 98036, USA","19017 Highway 99, Lynnwood, WA 98036, USA",2013 Toyota Prius (New),business_personal_trip_log_06_22_2024_12_00am_PDT-06_23_2024_12_00am_PDT.csv
6/22/24,3:13:40 PM,6/22/24,3:29:15 PM,4,b,,"19017 Highway 99, Lynnwood, WA 98036, USA","22000 Highway 99, Edmonds, WA 98026, USA",2013 Toyota Prius (New),business_personal_trip_log_06_22_2024_12_00am_PDT-06_23_2024_12_00am_PDT.csv
6/22/24,3:31:15 PM,6/22/24,4:00:58 PM,14,b,,"22001 Highway 99, Edmonds, WA 98026, USA","690 Fairview Ave N, Seattle, WA 98109, USA",2013 Toyota Prius (New),business_personal_trip_log_06_22_2024_12_00am_PDT-06_23_2024_12_00am_PDT.csv
6/22/24,4:03:42 PM,6/22/24,4:06:49 PM,0.01,b,,"951 Mercer St, Seattle, WA 98109, USA","800 Harrison St, Seattle, WA 98109, USA",2013 Toyota Prius (New),business_personal_trip_log_06_22_2024_12_00am_PDT-06_23_2024_12_00am_PDT.csv
6/22/24,4:11:25 PM,6/22/24,4:12:42 PM,0,b,,"401 9th Ave N, Seattle, WA 98109, USA","408 8th Ave N, Seattle, WA 98109, USA",2013 Toyota Prius (New),business_personal_trip_log_06_22_2024_12_00am_PDT-06_23_2024_12_00am_PDT.csv
6/22/24,4:14:45 PM,6/22/24,4:31:51 PM,5,b,,"433 8th Ave N, Seattle, WA 98109, USA","1822 E Hamlin St, Seattle, WA 98112, USA",2013 Toyota Prius (New),business_personal_trip_log_06_22_2024_12_00am_PDT-06_23_2024_12_00am_PDT.csv
6/22/24,4:36:23 PM,6/22/24,4:49:12 PM,2.01,b,,"1822 E Hamlin St, Seattle, WA 98112, USA","4747 University Way NE, Seattle, WA 98105, USA",2013 Toyota Prius (New),business_personal_trip_log_06_22_2024_12_00am_PDT-06_23_2024_12_00am_PDT.csv
6/22/24,4:56:01 PM,6/22/24,4:57:33 PM,0,b,,"4747 University Way NE, Seattle, WA 98105, USA","1405 NE 50th St, Seattle, WA 98105, USA",2013 Toyota Prius (New),business_personal_trip_log_06_22_2024_12_00am_PDT-06_23_2024_12_00am_PDT.csv
6/22/24,5:00:44 PM,6/22/24,5:05:54 PM,1,b,,"5003 16th Ave NE, Seattle, WA 98105, USA","1112 NE 45th St, Seattle, WA 98105, USA",2013 Toyota Prius (New),business_personal_trip_log_06_22_2024_12_00am_PDT-06_23_2024_12_00am_PDT.csv
6/22/24,5:08:07 PM,6/22/24,5:38:41 PM,5,b,,"4336 Roosevelt Way NE, Seattle, WA 98105, USA","912 Dexter Ave N, Seattle, WA 98109, USA",2013 Toyota Prius (New),business_personal_trip_log_06_22_2024_12_00am_PDT-06_23_2024_12_00am_PDT.csv
6/22/24,5:40:41 PM,6/22/24,6:10:20 PM,5,b,,"1415P Dexter Ave N, Seattle, WA 98109, USA","419 Rainier Ave S, Seattle, WA 98144, USA",2013 Toyota Prius (New),business_personal_trip_log_06_22_2024_12_00am_PDT-06_23_2024_12_00am_PDT.csv
6/22/24,6:12:20 PM,6/22/24,6:24:17 PM,7,b,,"843 Rainier Ave S, Seattle, WA 98144, USA","1624 145th Pl SE, Bellevue, WA 98007, USA",2013 Toyota Prius (New),business_personal_trip_log_06_22_2024_12_00am_PDT-06_23_2024_12_00am_PDT.csv
6/22/24,6:40:56 PM,6/22/24,7:07:29 PM,20.1,b,,"1624 145th Pl SE, Bellevue, WA 98007, USA","20019 6 W, Lynnwood, WA 98036, USA",2013 Toyota Prius (New),business_personal_trip_log_06_22_2024_12_00am_PDT-06_23_2024_12_00am_PDT.csv
6/23/24,9:09:21 AM,6/23/24,9:19:28 AM,5,p,,"20019 6 W, Lynnwood, WA 98036, USA","15109 33rd Ave SE, Mill Creek, WA 98012, USA",2013 Toyota Prius (New),business_personal_trip_log_06_23_2024_12_00am_PDT-06_24_2024_12_00am_PDT.csv
6/23/24,9:21:28 AM,6/23/24,9:23:06 AM,1.01,p,,"14928 38 SE, Bothell, WA 98012, USA","4326 148th St SE, Bothell, WA 98012, USA",2013 Toyota Prius (New),business_personal_trip_log_06_23_2024_12_00am_PDT-06_24_2024_12_00am_PDT.csv
6/23/24,10:59:19 AM,6/23/24,11:08:02 AM,3,p,,"4326 148th St SE, Bothell, WA 98012, USA","16304 Bothell Everett Hwy, Mill Creek, WA 98012, USA",2013 Toyota Prius (New),business_personal_trip_log_06_23_2024_12_00am_PDT-06_24_2024_12_00am_PDT.csv
6/23/24,11:44:32 AM,6/23/24,11:53:06 AM,3.01,p,,"16304 Bothell Everett Hwy, Mill Creek, WA 98012, USA","20019 6 W, Lynnwood, WA 98036, USA",2013 Toyota Prius (New),business_personal_trip_log_06_23_2024_12_00am_PDT-06_24_2024_12_00am_PDT.csv
6/23/24,2:34:02 PM,6/23/24,2:40:58 PM,3.02,p,,"717 200th Pl SW, Lynnwood, WA 98036, USA","2608 196th St SW, Lynnwood, WA 98036, USA",2013 Toyota Prius (New),business_personal_trip_log_06_23_2024_12_00am_PDT-06_24_2024_12_00am_PDT.csv
6/23/24,2:47:04 PM,6/23/24,3:03:50 PM,12,p,,"2608 196th St SW, Lynnwood, WA 98036, USA","3911 Wetmore Ave, Everett, WA 98201, USA",2013 Toyota Prius (New),business_personal_trip_log_06_23_2024_12_00am_PDT-06_24_2024_12_00am_PDT.csv
6/23/24,7:39:24 PM,6/23/24,7:58:39 PM,15.1,p,,"3911 Wetmore Ave, Everett, WA 98201, USA","20019 6 W, Lynnwood, WA 98036, USA",2013 Toyota Prius (New),business_personal_trip_log_06_23_2024_12_00am_PDT-06_24_2024_12_00am_PDT.csv
6/24/24,11:03:02 AM,6/24/24,11:51:07 AM,30.02,p,,"20019 6 W, Lynnwood, WA 98036, USA","4050 Maple Valley Hwy, Renton, WA 98058, USA",2013 Toyota Prius (New),business_personal_trip_log_06_24_2024_12_00am_PDT-06_25_2024_12_00am_PDT.csv
6/24/24,4:32:51 PM,6/24/24,4:34:50 PM,0,p,,"4050 Maple Valley Hwy, Renton, WA 98058, USA","4050 Maple Valley Hwy, Renton, WA 98058, USA",2013 Toyota Prius (New),business_personal_trip_log_06_24_2024_12_00am_PDT-06_25_2024_12_00am_PDT.csv
6/24/24,5:13:49 PM,6/24/24,6:09:43 PM,28.01,p,,"4050 Maple Valley Hwy, Renton, WA 98058, USA","20019 6 W, Lynnwood, WA 98036, USA",2013 Toyota Prius (New),business_personal_trip_log_06_24_2024_12_00am_PDT-06_25_2024_12_00am_PDT.csv
6/24/24,7:00:54 PM,6/24/24,7:10:50 PM,4,p,,"20019 6 W, Lynnwood, WA 98036, USA","16212 Bothell Everett Hwy, Mill Creek, WA 98012, USA",2013 Toyota Prius (New),business_personal_trip_log_06_24_2024_12_00am_PDT-06_25_2024_12_00am_PDT.csv
6/24/24,7:36:18 PM,6/24/24,7:44:37 PM,3.1,p,,"16202 Bothell Everett Hwy, Mill Creek, WA 98012, USA","20019 6 W, Lynnwood, WA 98036, USA",2013 Toyota Prius (New),business_personal_trip_log_06_24_2024_12_00am_PDT-06_25_2024_12_00am_PDT.csv
6/25/24,1:27:07 PM,6/25/24,1:57:28 PM,8.03,b,,"20019 6 W, Lynnwood, WA 98036, USA","3000 184th St SW, Lynnwood, WA 98037, USA",2013 Toyota Prius (New),business_personal_trip_log_06_25_2024_12_00am_PDT-06_26_2024_12_00am_PDT.csv
6/25/24,2:00:07 PM,6/25/24,2:17:26 PM,5.01,b,,"3000 184th St SW, Lynnwood, WA 98037, USA","20015 Cedar Valley Rd, Lynnwood, WA 98036, USA",2013 Toyota Prius (New),business_personal_trip_log_06_25_2024_12_00am_PDT-06_26_2024_12_00am_PDT.csv
6/25/24,2:25:37 PM,6/25/24,2:33:21 PM,1,b,,"20015 Cedar Valley Rd, Lynnwood, WA 98036, USA","4615 196th St SW, Lynnwood, WA 98036, USA",2013 Toyota Prius (New),business_personal_trip_log_06_25_2024_12_00am_PDT-06_26_2024_12_00am_PDT.csv
6/25/24,2:37:02 PM,6/25/24,2:46:07 PM,1,b,,"4615 196th St SW, Lynnwood, WA 98036, USA","5920 200th St SW, Lynnwood, WA 98036, USA",2013 Toyota Prius (New),business_personal_trip_log_06_25_2024_12_00am_PDT-06_26_2024_12_00am_PDT.csv
6/25/24,2:48:07 PM,6/25/24,3:05:35 PM,4,b,,"19939 Highway 99, Lynnwood, WA 98036, USA","7528 196th St SW, Lynnwood, WA 98036, USA",2013 Toyota Prius (New),business_personal_trip_log_06_25_2024_12_00am_PDT-06_26_2024_12_00am_PDT.csv
6/25/24,3:07:44 PM,6/25/24,3:31:36 PM,9,b,,"7528 196th St SW, Lynnwood, WA 98036, USA","12822 Mukilteo Speedway, Lynnwood, WA 98087, USA",2013 Toyota Prius (New),business_personal_trip_log_06_25_2024_12_00am_PDT-06_26_2024_12_00am_PDT.csv
6/25/24,3:33:36 PM,6/25/24,3:42:15 PM,3,b,,"12721 Mukilteo Spdwy, Lynnwood, WA 98037, USA",Unknown,2013 Toyota Prius (New),business_personal_trip_log_06_25_2024_12_00am_PDT-06_26_2024_12_00am_PDT.csv
6/25/24,3:54:10 PM,6/25/24,3:55:20 PM,0,b,,"3220 100th St SW, Everett, WA 98204, USA","10004 Airport Rd, Everett, WA 98204, USA",2013 Toyota Prius (New),business_personal_trip_log_06_25_2024_12_00am_PDT-06_26_2024_12_00am_PDT.csv
6/25/24,3:57:20 PM,6/25/24,4:13:27 PM,5,b,,"2130 100th St SW, Everett, WA 98204, USA","8519 Evergreen Way, Everett, WA 98208, USA",2013 Toyota Prius (New),business_personal_trip_log_06_25_2024_12_00am_PDT-06_26_2024_12_00am_PDT.csv
6/25/24,4:15:27 PM,6/25/24,4:37:56 PM,7,b,,"8125 Evergreen Way, Everett, WA 98203, USA","2702 Rucker Ave, Everett, WA 98201, USA",2013 Toyota Prius (New),business_personal_trip_log_06_25_2024_12_00am_PDT-06_26_2024_12_00am_PDT.csv
6/25/24,4:39:56 PM,6/25/24,4:39:56 PM,0,b,,"1918 Everett Ave, Everett, WA 98201, USA","1918 Everett Ave, Everett, WA 98201, USA",2013 Toyota Prius (New),business_personal_trip_log_06_25_2024_12_00am_PDT-06_26_2024_12_00am_PDT.csv
6/25/24,4:40:02 PM,6/25/24,4:41:26 PM,0,b,,"1918 Everett Ave, Everett, WA 98201, USA","2001 Everett Ave, Everett, WA 98201, USA",2013 Toyota Prius (New),business_personal_trip_log_06_25_2024_12_00am_PDT-06_26_2024_12_00am_PDT.csv
6/25/24,4:43:51 PM,6/25/24,4:45:35 PM,1,b,,"2001 Everett Ave, Everett, WA 98201, USA","2828 Broadway, Everett, WA 98201, USA",2013 Toyota Prius (New),business_personal_trip_log_06_25_2024_12_00am_PDT-06_26_2024_12_00am_PDT.csv
6/25/24,4:47:35 PM,6/25/24,4:54:12 PM,5,b,,"3410 Broadway, Everett, WA 98201, USA","Hwy 99, Everett, WA 98208, USA",2013 Toyota Prius (New),business_personal_trip_log_06_25_2024_12_00am_PDT-06_26_2024_12_00am_PDT.csv
6/25/24,4:56:12 PM,6/25/24,5:26:37 PM,10,b,,"8116 Broadway, Everett, WA 98203, USA","9210 Market Pl, Lake Stevens, WA 98258, USA",2013 Toyota Prius (New),business_personal_trip_log_06_25_2024_12_00am_PDT-06_26_2024_12_00am_PDT.csv
6/25/24,5:28:37 PM,6/25/24,5:41:40 PM,5.05,p,,"9909 Chapel Hill Rd, Lake Stevens, WA 98258, USA","10622 60th St NE, Lake Stevens, WA 98258, USA",2013 Toyota Prius (New),business_personal_trip_log_06_25_2024_12_00am_PDT-06_26_2024_12_00am_PDT.csv
6/25/24,6:03:45 PM,6/25/24,6:18:10 PM,6,p,,"10622 60th St NE, Lake Stevens, WA 98258, USA","4200 88th St NE, Marysville, WA 98270, USA",2013 Toyota Prius (New),business_personal_trip_log_06_25_2024_12_00am_PDT-06_26_2024_12_00am_PDT.csv
6/25/24,6:20:23 PM,6/25/24,6:21:33 PM,1,p,,"3929 88th St NE, Marysville, WA 98270, USA","9330 State Ave, Marysville, WA 98270, USA",2013 Toyota Prius (New),business_personal_trip_log_06_25_2024_12_00am_PDT-06_26_2024_12_00am_PDT.csv
6/25/24,6:53:20 PM,6/25/24,6:59:44 PM,3,p,,"9330 State Ave, Marysville, WA 98270, USA","9804 79th Dr NE, Marysville, WA 98270, USA",2013 Toyota Prius (New),business_personal_trip_log_06_25_2024_12_00am_PDT-06_26_2024_12_00am_PDT.csv
6/25/24,10:11:59 PM,6/25/24,11:00:01 PM,31.1,p,,"9804 79th Dr NE, Marysville, WA 98270, USA","20019 6 W, Lynnwood, WA 98036, USA",2013 Toyota Prius (New),business_personal_trip_log_06_25_2024_12_00am_PDT-06_26_2024_12_00am_PDT.csv
6/26/24,9:34:30 AM,6/26/24,9:52:17 AM,8.01,p,,"20019 6 W, Lynnwood, WA 98036, USA","10601 47th Pl W, Mukilteo, WA 98275, USA",2013 Toyota Prius (New),business_personal_trip_log_06_26_2024_12_00am_PDT-06_27_2024_12_00am_PDT.csv
6/26/24,11:34:15 AM,6/26/24,11:37:55 AM,2,p,,"10601 47th Pl W, Mukilteo, WA 98275, USA","12714 Mukilteo Spdwy, Mukilteo, WA 98275, USA",2013 Toyota Prius (New),business_personal_trip_log_06_26_2024_12_00am_PDT-06_27_2024_12_00am_PDT.csv
6/26/24,11:39:55 AM,6/26/24,11:49:56 AM,4.01,p,,"13718 31st Ave W, Lynnwood, WA 98087, USA","3100 196th St SW, Lynnwood, WA 98036, USA",2013 Toyota Prius (New),business_personal_trip_log_06_26_2024_12_00am_PDT-06_27_2024_12_00am_PDT.csv
6/26/24,12:06:46 PM,6/26/24,12:14:41 PM,3.1,p,,"3100 196th St SW, Lynnwood, WA 98036, USA","20019 6 W, Lynnwood, WA 98036, USA",2013 Toyota Prius (New),business_personal_trip_log_06_26_2024_12_00am_PDT-06_27_2024_12_00am_PDT.csv
6/26/24,3:49:41 PM,6/26/24,4:04:05 PM,4.01,b,,"20019 6 W, Lynnwood, WA 98036, USA","18001 Bothell Everett Hwy, Bothell, WA 98012, USA",2013 Toyota Prius (New),business_personal_trip_log_06_26_2024_12_00am_PDT-06_27_2024_12_00am_PDT.csv
6/26/24,4:16:48 PM,6/26/24,4:46:12 PM,8.04,b,,"18001 Bothell Everett Hwy, Bothell, WA 98012, USA","18133 33rd Ave W, Lynnwood, WA 98037, USA",2013 Toyota Prius (New),business_personal_trip_log_06_26_2024_12_00am_PDT-06_27_2024_12_00am_PDT.csv
6/26/24,5:06:04 PM,6/26/24,5:12:48 PM,2,b,,"18133 33rd Ave W, Lynnwood, WA 98037, USA",Unknown,2013 Toyota Prius (New),business_personal_trip_log_06_26_2024_12_00am_PDT-06_27_2024_12_00am_PDT.csv
6/26/24,5:15:48 PM,6/26/24,5:23:49 PM,1.02,b,,"15827 35th Pl W, Lynnwood, WA 98087, USA",Unknown,2013 Toyota Prius (New),business_personal_trip_log_06_26_2024_12_00am_PDT-06_27_2024_12_00am_PDT.csv
6/26/24,5:35:16 PM,6/26/24,6:14:01 PM,12,b,,"14800 Highway 99, Lynnwood, WA 98087, USA","14020 Highway 99, Lynnwood, WA 98087, USA",2013 Toyota Prius (New),business_personal_trip_log_06_26_2024_12_00am_PDT-06_27_2024_12_00am_PDT.csv
6/26/24,6:16:01 PM,6/26/24,6:36:24 PM,8,b,,"13200 Highway 99, Everett, WA 98204, USA","16304 Bothell Everett Hwy, Mill Creek, WA 98012, USA",2013 Toyota Prius (New),business_personal_trip_log_06_26_2024_12_00am_PDT-06_27_2024_12_00am_PDT.csv
6/26/24,6:43:13 PM,6/26/24,6:52:23 PM,3.01,b,,"16330 Bothell Everett Hwy, Mill Creek, WA 98012, USA","20019 6th Pl W, Lynnwood, WA 98036, USA",2013 Toyota Prius (New),business_personal_trip_log_06_26_2024_12_00am_PDT-06_27_2024_12_00am_PDT.csv
6/27/24,11:40:15 AM,6/27/24,12:18:03 PM,15,p,,"20019 6 W, Lynnwood, WA 98036, USA","15811 NE CT-83, Redmond, WA 98052, USA",2013 Toyota Prius (New),business_personal_trip_log_06_27_2024_12_00am_PDT-06_28_2024_12_00am_PDT.csv
6/27/24,2:23:20 PM,6/27/24,2:24:00 PM,0.08,b,,"15802 NE 83rd St, Redmond, WA 98052, USA","8371 158th Pl NE, Redmond, WA 98052, USA",2013 Toyota Prius (New),business_personal_trip_log_06_27_2024_12_00am_PDT-06_28_2024_12_00am_PDT.csv
6/27/24,2:26:04 PM,6/27/24,2:29:03 PM,1,b,,"8397 158th Ave NE, Redmond, WA 98052, USA","16115 NE 90th Way, Redmond, WA 98052, USA",2013 Toyota Prius (New),business_personal_trip_log_06_27_2024_12_00am_PDT-06_28_2024_12_00am_PDT.csv
6/27/24,2:52:04 PM,6/27/24,3:08:38 PM,3,b,,"16115 NE 90th Way, Redmond, WA 98052, USA","5001 150th Ave NE, Redmond, WA 98052, USA",2013 Toyota Prius (New),business_personal_trip_log_06_27_2024_12_00am_PDT-06_28_2024_12_00am_PDT.csv
6/27/24,3:28:02 PM,6/27/24,3:49:19 PM,9,b,,"5001 150th Ave NE, Redmond, WA 98052, USA","17308 140th Ave NE, Woodinville, WA 98072, USA",2013 Toyota Prius (New),business_personal_trip_log_06_27_2024_12_00am_PDT-06_28_2024_12_00am_PDT.csv
6/27/24,3:51:53 PM,6/27/24,3:52:32 PM,0.03,b,,"13990 NE Mill Pl, Woodinville, WA 98072, USA","14110 NE 179th St, Woodinville, WA 98072, USA",2013 Toyota Prius (New),business_personal_trip_log_06_27_2024_12_00am_PDT-06_28_2024_12_00am_PDT.csv
6/27/24,3:56:05 PM,6/27/24,4:25:22 PM,13,b,,"14110 NE 179th St, Woodinville, WA 98072, USA","I-405, Bellevue, WA 98004, USA",2013 Toyota Prius (New),business_personal_trip_log_06_27_2024_12_00am_PDT-06_28_2024_12_00am_PDT.csv
6/27/24,4:27:22 PM,6/27/24,4:42:22 PM,1,b,,"I-405, Bellevue, WA 98005, USA","I-405, Bellevue, WA 98006, USA",2013 Toyota Prius (New),business_personal_trip_log_06_27_2024_12_00am_PDT-06_28_2024_12_00am_PDT.csv
6/27/24,4:44:22 PM,6/27/24,5:08:18 PM,14.18,b,,"I-405 Hov, Bellevue, WA 98006, USA","17801 International Blvd, Seatac, WA 98158, USA",2013 Toyota Prius (New),business_personal_trip_log_06_27_2024_12_00am_PDT-06_28_2024_12_00am_PDT.csv
6/27/24,5:10:40 PM,6/27/24,5:16:20 PM,2.07,b,,"17801 International Blvd, Seatac, WA 98158, USA","2626 S 170th St, Seatac, WA 98188, USA",2013 Toyota Prius (New),business_personal_trip_log_06_27_2024_12_00am_PDT-06_28_2024_12_00am_PDT.csv
6/27/24,5:18:38 PM,6/27/24,6:32:12 PM,31.1,b,,"2626 S 170th St, Seatac, WA 98188, USA","20019 6 W, Lynnwood, WA 98036, USA",2013 Toyota Prius (New),business_personal_trip_log_06_27_2024_12_00am_PDT-06_28_2024_12_00am_PDT.csv
6/27/24,6:48:29 PM,6/27/24,7:22:13 PM,24,p,,"20019 6 W, Lynnwood, WA 98036, USA","9804 79th Dr NE, Marysville, WA 98270, USA",2013 Toyota Prius (New),business_personal_trip_log_06_27_2024_12_00am_PDT-06_28_2024_12_00am_PDT.csv
6/28/24,11:14:08 AM,6/28/24,11:22:13 AM,3.02,p,,"9804 79th Dr NE, Marysville, WA 98270, USA","9317 State Ave, Marysville, WA 98270, USA",2013 Toyota Prius (New),business_personal_trip_log_06_28_2024_12_00am_PDT-06_29_2024_12_00am_PDT.csv
6/28/24,11:49:54 AM,6/28/24,11:57:39 AM,3,p,,"9229 State Ave, Marysville, WA 98270, USA","9804 79th Dr NE, Marysville, WA 98270, USA",2013 Toyota Prius (New),business_personal_trip_log_06_28_2024_12_00am_PDT-06_29_2024_12_00am_PDT.csv
6/28/24,9:48:47 PM,6/28/24,10:15:37 PM,21,p,,"9804 79th Dr NE, Marysville, WA 98270, USA","1402 164th St SW, Lynnwood, WA 98087, USA",2013 Toyota Prius (New),business_personal_trip_log_06_28_2024_12_00am_PDT-06_29_2024_12_00am_PDT.csv
6/28/24,10:27:32 PM,6/28/24,10:36:05 PM,3.09,p,,"1402 164th St SW, Lynnwood, WA 98087, USA","20013 6th Pl W, Lynnwood, WA 98036, USA",2013 Toyota Prius (New),business_personal_trip_log_06_28_2024_12_00am_PDT-06_29_2024_12_00am_PDT.csv
6/30/24,10:03:54 AM,6/30/24,10:11:35 AM,4,p,,"717 200th Pl SW, Lynnwood, WA 98036, USA","16330 Bothell Everett Hwy, Mill Creek, WA 98012, USA",2013 Toyota Prius (New),business_personal_trip_log_06_30_2024_12_00am_PDT-06_30_2024_12_00am_PDT.csv
6/30/24,10:22:32 AM,6/30/24,10:29:33 AM,3,p,,"16330 Bothell Everett Hwy, Mill Creek, WA 98012, USA","20019 6 W, Lynnwood, WA 98036, USA",2013 Toyota Prius (New),business_personal_trip_log_06_30_2024_12_00am_PDT-06_30_2024_12_00am_PDT.csv
6/30/24,11:26:57 AM,6/30/24,11:39:05 AM,4,p,,"20012 6 W, Lynnwood, WA 98036, USA","20202 44th Ave W, Lynnwood, WA 98036, USA",2013 Toyota Prius (New),business_personal_trip_log_06_30_2024_12_00am_PDT-06_30_2024_12_00am_PDT.csv
6/30/24,7:21:41 PM,6/30/24,7:30:20 PM,4.1,p,,"19925 44th Ave W, Lynnwood, WA 98036, USA","20019 6 W, Lynnwood, WA 98036, USA",2013 Toyota Prius (New),business_personal_trip_log_06_30_2024_12_00am_PDT-06_30_2024_12_00am_PDT.csv
6/30/24,11:36:29 PM,6/30/24,11:43:56 PM,3,p,,"20019 6 W, Lynnwood, WA 98036, USA","16306 Bothell Everett Hwy, Mill Creek, WA 98012, USA",2013 Toyota Prius (New),business_personal_trip_log_06_30_2024_12_00am_PDT-06_30_2024_12_00am_PDT.csv
7/1/24,11:32:57 AM,7/1/24,11:40:47 AM,3,p,,"20019 6 W, Lynnwood, WA 98036, USA","20711 Bothell Everett Hwy, Bothell, WA 98012, USA",2013 Toyota Prius (New),business_personal_trip_log_07_01_2024_12_00am_PDT-07_02_2024_12_00am_PDT.csv
7/1/24,11:47:54 AM,7/1/24,11:57:00 AM,2,p,,"20711 Bothell Everett Hwy, Bothell, WA 98012, USA","20019 6 W, Lynnwood, WA 98036, USA",2013 Toyota Prius (New),business_personal_trip_log_07_01_2024_12_00am_PDT-07_02_2024_12_00am_PDT.csv
7/1/24,1:10:09 PM,7/1/24,2:01:22 PM,28,p,,"20019 6 W, Lynnwood, WA 98036, USA","4040 Maple Valley Hwy, Renton, WA 98058, USA",2013 Toyota Prius (New),business_personal_trip_log_07_01_2024_12_00am_PDT-07_02_2024_12_00am_PDT.csv
7/1/24,7:15:47 PM,7/1/24,7:16:31 PM,0.04,p,,"4040 Maple Valley Hwy, Renton, WA 98058, USA","4040 Maple Valley Hwy, Renton, WA 98058, USA",2013 Toyota Prius (New),business_personal_trip_log_07_01_2024_12_00am_PDT-07_02_2024_12_00am_PDT.csv
7/1/24,8:20:16 PM,7/1/24,8:55:11 PM,29.01,p,,"4040 Maple Valley Hwy, Renton, WA 98058, USA","20019 6 W, Lynnwood, WA 98036, USA",2013 Toyota Prius (New),business_personal_trip_log_07_01_2024_12_00am_PDT-07_02_2024_12_00am_PDT.csv
7/2/24,8:38:55 AM,7/2/24,8:51:56 AM,4,p,,"717 200th Pl SW, Lynnwood, WA 98036, USA","2902 164th St SW, Lynnwood, WA 98087, USA",2013 Toyota Prius (New),business_personal_trip_log_07_02_2024_12_00am_PDT-07_03_2024_12_00am_PDT.csv
7/2/24,8:55:56 AM,7/2/24,9:22:53 AM,4.01,p,,"2911 164th St SW, Lynnwood, WA 98087, USA","10601 47th Pl W, Mukilteo, WA 98275, USA",2013 Toyota Prius (New),business_personal_trip_log_07_02_2024_12_00am_PDT-07_03_2024_12_00am_PDT.csv
7/2/24,10:32:22 AM,7/2/24,10:43:39 AM,5.01,p,,"10601 47th Pl W, Mukilteo, WA 98275, USA","18133 33rd Ave W, Lynnwood, WA 98037, USA",2013 Toyota Prius (New),business_personal_trip_log_07_02_2024_12_00am_PDT-07_03_2024_12_00am_PDT.csv
7/2/24,10:45:55 AM,7/2/24,10:46:55 AM,0,p,,"18133 33rd Ave W, Lynnwood, WA 98037, USA","3101 184th St SW, Lynnwood, WA 98037, USA",2013 Toyota Prius (New),business_personal_trip_log_07_02_2024_12_00am_PDT-07_03_2024_12_00am_PDT.csv
7/2/24,11:16:37 AM,7/2/24,11:26:37 AM,4.06,p,,"18109 33 W, Lynnwood, WA 98037, USA","20019 6 W, Lynnwood, WA 98036, USA",2013 Toyota Prius (New),business_personal_trip_log_07_02_2024_12_00am_PDT-07_03_2024_12_00am_PDT.csv
7/2/24,2:13:44 PM,7/2/24,2:14:40 PM,0.01,p,,"20019 6 W, Lynnwood, WA 98036, USA","20019 6 W, Lynnwood, WA 98036, USA",2013 Toyota Prius (New),business_personal_trip_log_07_02_2024_12_00am_PDT-07_03_2024_12_00am_PDT.csv
7/2/24,2:56:23 PM,7/2/24,3:37:35 PM,19,p,,"726 200th Pl SW, Lynnwood, WA 98036, USA","I-405 Hov, Bellevue, WA 98006, USA",2013 Toyota Prius (New),business_personal_trip_log_07_02_2024_12_00am_PDT-07_03_2024_12_00am_PDT.csv
7/2/24,3:41:35 PM,7/2/24,4:48:24 PM,30,p,,"I-405, Bellevue, WA 98006, USA","728 Shaw Rd, Puyallup, WA 98372, USA",2013 Toyota Prius (New),business_personal_trip_log_07_02_2024_12_00am_PDT-07_03_2024_12_00am_PDT.csv
7/2/24,4:50:24 PM,7/2/24,4:57:32 PM,2.01,p,,"917 Shaw Rd, Puyallup, WA 98372, USA","3008 38th St SE, Puyallup, WA 98374, USA",2013 Toyota Prius (New),business_personal_trip_log_07_02_2024_12_00am_PDT-07_03_2024_12_00am_PDT.csv
7/3/24,9:40:23 AM,7/3/24,10:30:38 AM,38.01,p,,"3008 38th St SE, Puyallup, WA 98374, USA","2217 E Gray Sea Eagle Ln SW, Olympia, WA 98512, USA",2013 Toyota Prius (New),business_personal_trip_log_07_03_2024_12_00am_PDT-07_04_2024_12_00am_PDT.csv
7/3/24,11:32:02 AM,7/3/24,11:45:50 AM,5,p,,"2217 E Gray Sea Eagle Ln SW, Olympia, WA 98512, USA","2303 Harrison Ave NW, Olympia, WA 98502, USA",2013 Toyota Prius (New),business_personal_trip_log_07_03_2024_12_00am_PDT-07_04_2024_12_00am_PDT.csv
7/3/24,11:52:09 AM,7/3/24,11:59:20 AM,1,p,,"2303 Harrison Ave NW, Olympia, WA 98502, USA","1510 Cooper Point Rd SW, Olympia, WA 98502, USA",2013 Toyota Prius (New),business_personal_trip_log_07_03_2024_12_00am_PDT-07_04_2024_12_00am_PDT.csv
7/3/24,12:01:59 PM,7/3/24,12:09:25 PM,4,p,,"US-101, Olympia, WA 98502, USA","2217 E Gray Sea Eagle Ln SW, Olympia, WA 98512, USA",2013 Toyota Prius (New),business_personal_trip_log_07_03_2024_12_00am_PDT-07_04_2024_12_00am_PDT.csv
7/3/24,12:31:30 PM,7/3/24,12:33:20 PM,0.01,p,,"2217 E Gray Sea Eagle Ln SW, Olympia, WA 98512, USA","2257 W Eagle Ln SW, Olympia, WA 98512, USA",2013 Toyota Prius (New),business_personal_trip_log_07_03_2024_12_00am_PDT-07_04_2024_12_00am_PDT.csv
7/3/24,12:36:08 PM,7/3/24,12:40:17 PM,1,p,,"5246 Golden Eagle Ln SW, Olympia, WA 98512, USA","5325 Littlerock Rd SW, Tumwater, WA 98512, USA",2013 Toyota Prius (New),business_personal_trip_log_07_03_2024_12_00am_PDT-07_04_2024_12_00am_PDT.csv
7/3/24,12:44:17 PM,7/3/24,1:27:31 PM,30,p,,"I-5, Olympia, WA 98501, USA","3325 Mountain View Ave W, Tacoma, WA 98466, USA",2013 Toyota Prius (New),business_personal_trip_log_07_03_2024_12_00am_PDT-07_04_2024_12_00am_PDT.csv
7/3/24,7:26:13 PM,7/3/24,8:28:31 PM,56.01,p,,"3328 Mountain View Ave W, Tacoma, WA 98466, USA","20019 6 W, Lynnwood, WA 98036, USA",2013 Toyota Prius (New),business_personal_trip_log_07_03_2024_12_00am_PDT-07_04_2024_12_00am_PDT.csv
7/4/24,12:21:46 PM,7/4/24,12:54:10 PM,11.09,p,,"20019 6 W, Lynnwood, WA 98036, USA","20019 6 W, Lynnwood, WA 98036, USA",2013 Toyota Prius (New),business_personal_trip_log_07_04_2024_12_00am_PDT-07_05_2024_12_00am_PDT.csv
7/4/24,3:59:39 PM,7/4/24,4:16:12 PM,7,p,,"20019 6 W, Lynnwood, WA 98036, USA","13710 59th Ave SE, Everett, WA 98208, USA",2013 Toyota Prius (New),business_personal_trip_log_07_04_2024_12_00am_PDT-07_05_2024_12_00am_PDT.csv
7/5/24,10:09:06 AM,7/5/24,10:17:05 AM,3,b,,"20019 6 W, Lynnwood, WA 98036, USA","22624 Meridian Ave S, Bothell, WA 98021, USA",2013 Toyota Prius (New),business_personal_trip_log_07_05_2024_12_00am_PDT-07_06_2024_12_00am_PDT.csv
7/5/24,10:20:44 AM,7/5/24,10:43:11 AM,8,b,,"22624 Meridian Ave S, Bothell, WA 98021, USA","16902 Alderwood Mall Pkwy, Lynnwood, WA 98037, USA",2013 Toyota Prius (New),business_personal_trip_log_07_05_2024_12_00am_PDT-07_06_2024_12_00am_PDT.csv
7/5/24,11:13:24 AM,7/5/24,11:20:04 AM,4,b,,"16902 Alderwood Mall Pkwy, Lynnwood, WA 98037, USA","3717 Harbour Pointe Blvd SW, Mukilteo, WA 98275, USA",2013 Toyota Prius (New),business_personal_trip_log_07_05_2024_12_00am_PDT-07_06_2024_12_00am_PDT.csv
7/5/24,11:25:21 AM,7/5/24,12:31:48 PM,28,b,,"3717 Harbour Pointe Blvd SW, Mukilteo, WA 98275, USA","10501 Midvale Ave N, Seattle, WA 98133, USA",2013 Toyota Prius (New),business_personal_trip_log_07_05_2024_12_00am_PDT-07_06_2024_12_00am_PDT.csv
7/5/24,12:33:48 PM,7/5/24,1:17:08 PM,16,b,,"922 N 105th St, Seattle, WA 98133, USA","23502 56th Ave W, Mountlake Terrace, WA 98043, USA",2013 Toyota Prius (New),business_personal_trip_log_07_05_2024_12_00am_PDT-07_06_2024_12_00am_PDT.csv
7/5/24,1:19:42 PM,7/5/24,1:22:20 PM,0,b,,"23511 56th Ave W, Mountlake Terrace, WA 98043, USA","24000 Van Ry Blvd, Mountlake Terrace, WA 98043, USA",2013 Toyota Prius (New),business_personal_trip_log_07_05_2024_12_00am_PDT-07_06_2024_12_00am_PDT.csv
7/5/24,1:25:10 PM,7/5/24,1:40:24 PM,6,b,,"24380 Van Ry Blvd, Mountlake Terrace, WA 98043, USA","I-5th Expy, Seattle, WA 98115, USA",2013 Toyota Prius (New),business_personal_trip_log_07_05_2024_12_00am_PDT-07_06_2024_12_00am_PDT.csv
7/5/24,1:42:24 PM,7/5/24,2:20:23 PM,24.09,b,,"I-5, Seattle, WA 98115, USA","20019 6 W, Lynnwood, WA 98036, USA",2013 Toyota Prius (New),business_personal_trip_log_07_05_2024_12_00am_PDT-07_06_2024_12_00am_PDT.csv
7/5/24,5:48:52 PM,7/5/24,6:15:11 PM,21,p,,"20019 6 W, Lynnwood, WA 98036, USA","3929 88th St NE, Marysville, WA 98270, USA",2013 Toyota Prius (New),business_personal_trip_log_07_05_2024_12_00am_PDT-07_06_2024_12_00am_PDT.csv
7/5/24,6:17:19 PM,7/5/24,6:18:12 PM,1,p,,"3919 88th St NE, Marysville, WA 98270, USA","9330 State Ave, Marysville, WA 98270, USA",2013 Toyota Prius (New),business_personal_trip_log_07_05_2024_12_00am_PDT-07_06_2024_12_00am_PDT.csv
7/5/24,6:53:46 PM,7/5/24,6:54:22 PM,0,p,,"9318 State Ave, Marysville, WA 98270, USA","9317 State Ave, Marysville, WA 98270, USA",2013 Toyota Prius (New),business_personal_trip_log_07_05_2024_12_00am_PDT-07_06_2024_12_00am_PDT.csv
7/5/24,8:25:39 PM,7/5/24,8:33:54 PM,3,p,,"9317 State Ave, Marysville, WA 98270, USA","9804 79th Dr NE, Marysville, WA 98270, USA",2013 Toyota Prius (New),business_personal_trip_log_07_05_2024_12_00am_PDT-07_06_2024_12_00am_PDT.csv
7/6/24,9:09:53 PM,7/6/24,9:46:39 PM,24.09,p,,"9804 79th Dr NE, Marysville, WA 98270, USA","20019 6 W, Lynnwood, WA 98036, USA",2013 Toyota Prius (New),business_personal_trip_log_07_06_2024_12_00am_PDT-07_07_2024_12_00am_PDT.csv
7/9/24,8:21:43 AM,7/9/24,8:23:42 AM,1,p,,"20019 6 W, Lynnwood, WA 98036, USA","19225 Damson Rd, Lynnwood, WA 98036, USA",2013 Toyota Prius (New),business_personal_trip_log_07_09_2024_12_00am_PDT-07_10_2024_12_00am_PDT.csv
7/9/24,8:27:07 AM,7/9/24,8:27:42 AM,0,p,,"19225 Damson Rd, Lynnwood, WA 98036, USA","19225 Damson Rd, Lynnwood, WA 98036, USA",2013 Toyota Prius (New),business_personal_trip_log_07_09_2024_12_00am_PDT-07_10_2024_12_00am_PDT.csv
7/9/24,8:29:42 AM,7/9/24,8:44:42 AM,7.01,p,,"19225 Damson Rd, Lynnwood, WA 98036, USA","4500 Harbour Pointe Blvd, Mukilteo, WA 98275, USA",2013 Toyota Prius (New),business_personal_trip_log_07_09_2024_12_00am_PDT-07_10_2024_12_00am_PDT.csv
7/9/24,11:02:02 AM,7/9/24,11:42:15 AM,11,b,,"10601 47th Pl W, Mukilteo, WA 98275, USA","4806 196th St SW, Lynnwood, WA 98036, USA",2013 Toyota Prius (New),business_personal_trip_log_07_09_2024_12_00am_PDT-07_10_2024_12_00am_PDT.csv
7/9/24,11:44:57 AM,7/9/24,12:30:57 PM,17.01,b,,"4806 196th St SW, Lynnwood, WA 98036, USA","619 N 36th St, Seattle, WA 98103, USA",2013 Toyota Prius (New),business_personal_trip_log_07_09_2024_12_00am_PDT-07_10_2024_12_00am_PDT.csv
7/9/24,1:31:30 PM,7/9/24,2:11:29 PM,18,b,,"3526 Fremont Pl N, Seattle, WA 98103, USA","20019 6 W, Lynnwood, WA 98036, USA",2013 Toyota Prius (New),business_personal_trip_log_07_09_2024_12_00am_PDT-07_10_2024_12_00am_PDT.csv
7/10/24,9:38:57 AM,7/10/24,9:54:32 AM,7,p,,"20019 6 W, Lynnwood, WA 98036, USA","14912 Highway 99, Lynnwood, WA 98087, USA",2013 Toyota Prius (New),business_personal_trip_log_07_10_2024_12_00am_PDT-07_11_2024_12_00am_PDT.csv
7/10/24,11:24:21 AM,7/10/24,11:40:18 AM,6,p,,"14912 Highway 99, Lynnwood, WA 98087, USA","20019 6 W, Lynnwood, WA 98036, USA",2013 Toyota Prius (New),business_personal_trip_log_07_10_2024_12_00am_PDT-07_11_2024_12_00am_PDT.csv
7/10/24,1:09:07 PM,7/10/24,1:23:04 PM,4,b,,"20019 6 W, Lynnwood, WA 98036, USA","2130 196th St SW, Lynnwood, WA 98036, USA",2013 Toyota Prius (New),business_personal_trip_log_07_10_2024_12_00am_PDT-07_11_2024_12_00am_PDT.csv
7/10/24,1:26:03 PM,7/10/24,1:35:20 PM,1.01,b,,"2130 196th St SW, Lynnwood, WA 98036, USA","19315 40th Ave W, Lynnwood, WA 98036, USA",2013 Toyota Prius (New),business_personal_trip_log_07_10_2024_12_00am_PDT-07_11_2024_12_00am_PDT.csv
7/10/24,1:39:19 PM,7/10/24,1:55:16 PM,5,b,,"19315 40th Ave W, Lynnwood, WA 98036, USA","12025 Highway 99 S, Everett, WA 98204, USA",2013 Toyota Prius (New),business_personal_trip_log_07_10_2024_12_00am_PDT-07_11_2024_12_00am_PDT.csv
7/10/24,1:57:16 PM,7/10/24,2:07:14 PM,3,b,,"11939 Highway 99, Everett, WA 98204, USA","3003 W Casino Rd, Everett, WA 98204, USA",2013 Toyota Prius (New),business_personal_trip_log_07_10_2024_12_00am_PDT-07_11_2024_12_00am_PDT.csv
7/10/24,2:09:32 PM,7/10/24,2:48:39 PM,15.01,b,,"3003 W Casino Rd, Everett, WA 98204, USA","800 10th St, Snohomish, WA 98290, USA",2013 Toyota Prius (New),business_personal_trip_log_07_10_2024_12_00am_PDT-07_11_2024_12_00am_PDT.csv
7/10/24,3:00:30 PM,7/10/24,3:02:40 PM,0,b,,"800 10th St, Snohomish, WA 98290, USA","917 Ave D, Snohomish, WA 98290, USA",2013 Toyota Prius (New),business_personal_trip_log_07_10_2024_12_00am_PDT-07_11_2024_12_00am_PDT.csv
7/10/24,3:15:47 PM,7/10/24,3:40:41 PM,9,b,,"917 Ave D, Snohomish, WA 98290, USA","8915 Cathcart Way, Snohomish, WA 98296, USA",2013 Toyota Prius (New),business_personal_trip_log_07_10_2024_12_00am_PDT-07_11_2024_12_00am_PDT.csv
7/10/24,3:43:31 PM,7/10/24,3:56:37 PM,2,b,,"14717 State Route 9 SE, Snohomish, WA 98296, USA","WA-9, Snohomish, WA 98296, USA",2013 Toyota Prius (New),business_personal_trip_log_07_10_2024_12_00am_PDT-07_11_2024_12_00am_PDT.csv
7/10/24,3:58:37 PM,7/10/24,4:28:06 PM,12.05,b,,"10928 Springhetti Rd, Snohomish, WA 98296, USA","10622 60th St NE, Lake Stevens, WA 98258, USA",2013 Toyota Prius (New),business_personal_trip_log_07_10_2024_12_00am_PDT-07_11_2024_12_00am_PDT.csv
7/10/24,5:30:27 PM,7/10/24,6:24:52 PM,28.01,p,,"10622 60th St NE, Lake Stevens, WA 98258, USA","16202 Bothell Everett Hwy, Mill Creek, WA 98012, USA",2013 Toyota Prius (New),business_personal_trip_log_07_10_2024_12_00am_PDT-07_11_2024_12_00am_PDT.csv
7/10/24,6:31:34 PM,7/10/24,6:43:39 PM,3,p,,"16232 Bothell Everett Hwy, Mill Creek, WA 98012, USA","20019 6 W, Lynnwood, WA 98036, USA",2013 Toyota Prius (New),business_personal_trip_log_07_10_2024_12_00am_PDT-07_11_2024_12_00am_PDT.csv
7/10/24,8:04:09 PM,7/10/24,8:14:00 PM,3.04,p,,"20019 6 W, Lynnwood, WA 98036, USA","18109 33 W, Lynnwood, WA 98037, USA",2013 Toyota Prius (New),business_personal_trip_log_07_10_2024_12_00am_PDT-07_11_2024_12_00am_PDT.csv
7/10/24,8:21:01 PM,7/10/24,8:31:00 PM,3,p,,"18109 33 W, Lynnwood, WA 98037, USA","20019 6 W, Lynnwood, WA 98036, USA",2013 Toyota Prius (New),business_personal_trip_log_07_10_2024_12_00am_PDT-07_11_2024_12_00am_PDT.csv
7/11/24,8:50:13 AM,7/11/24,8:51:42 AM,0,p,,"20019 6 W, Lynnwood, WA 98036, USA","19401 Damson Rd, Lynnwood, WA 98036, USA",2013 Toyota Prius (New),business_personal_trip_log_07_11_2024_12_00am_PDT-07_12_2024_12_00am_PDT.csv
7/11/24,8:54:42 AM,7/11/24,9:13:06 AM,8,p,,"19212 Damson Rd, Lynnwood, WA 98036, USA","10601 47th Pl W, Mukilteo, WA 98275, USA",2013 Toyota Prius (New),business_personal_trip_log_07_11_2024_12_00am_PDT-07_12_2024_12_00am_PDT.csv
7/11/24,10:33:49 AM,7/11/24,10:44:50 AM,5,p,,"10601 47th Pl W, Mukilteo, WA 98275, USA","18133 33 W, Lynnwood, WA 98037, USA",2013 Toyota Prius (New),business_personal_trip_log_07_11_2024_12_00am_PDT-07_12_2024_12_00am_PDT.csv
7/11/24,10:47:06 AM,7/11/24,10:48:05 AM,0,p,,"18133 33rd Ave W, Lynnwood, WA 98037, USA","3101 184th St SW, Lynnwood, WA 98037, USA",2013 Toyota Prius (New),business_personal_trip_log_07_11_2024_12_00am_PDT-07_12_2024_12_00am_PDT.csv
7/11/24,11:15:22 AM,7/11/24,11:25:04 AM,3.1,p,,"3101 184th St SW, Lynnwood, WA 98037, USA","20019 6 W, Lynnwood, WA 98036, USA",2013 Toyota Prius (New),business_personal_trip_log_07_11_2024_12_00am_PDT-07_12_2024_12_00am_PDT.csv
7/11/24,1:53:54 PM,7/11/24,2:08:24 PM,3,p,,"20019 6 W, Lynnwood, WA 98036, USA","16330 Bothell Everett Hwy, Mill Creek, WA 98012, USA",2013 Toyota Prius (New),business_personal_trip_log_07_11_2024_12_00am_PDT-07_12_2024_12_00am_PDT.csv
7/11/24,2:19:25 PM,7/11/24,2:24:08 PM,1.01,p,,"16330 Bothell Everett Hwy, Mill Creek, WA 98012, USA","17021 4 SE, Bothell, WA 98012, USA",2013 Toyota Prius (New),business_personal_trip_log_07_11_2024_12_00am_PDT-07_12_2024_12_00am_PDT.csv
7/11/24,2:37:44 PM,7/11/24,2:45:53 PM,3,p,,"17011 4 SE, Bothell, WA 98012, USA","15109 35th Ave SE, Mill Creek, WA 98012, USA",2013 Toyota Prius (New),business_personal_trip_log_07_11_2024_12_00am_PDT-07_12_2024_12_00am_PDT.csv
7/11/24,2:48:08 PM,7/11/24,2:54:26 PM,2.01,p,,"15109 35th Ave SE, Mill Creek, WA 98012, USA","13710 59th Ave SE, Everett, WA 98208, USA",2013 Toyota Prius (New),business_personal_trip_log_07_11_2024_12_00am_PDT-07_12_2024_12_00am_PDT.csv
7/11/24,8:27:29 PM,7/11/24,8:45:47 PM,8.09,p,,"13710 59th Ave SE, Everett, WA 98208, USA","20019 6 W, Lynnwood, WA 98036, USA",2013 Toyota Prius (New),business_personal_trip_log_07_11_2024_12_00am_PDT-07_12_2024_12_00am_PDT.csv
7/12/24,8:30:40 AM,7/12/24,10:01:46 AM,82,p,,"20019 6 W, Lynnwood, WA 98036, USA","5500 Littlerock Rd SW, Tumwater, WA 98512, USA",2013 Toyota Prius (New),business_personal_trip_log_07_12_2024_12_00am_PDT-07_13_2024_12_00am_PDT.csv
7/12/24,10:20:04 AM,7/12/24,10:25:42 AM,1.01,p,,"5719 Littlerock Rd SW, Tumwater, WA 98512, USA","2217 E Gray Sea Eagle Ln SW, Olympia, WA 98512, USA",2013 Toyota Prius (New),business_personal_trip_log_07_12_2024_12_00am_PDT-07_13_2024_12_00am_PDT.csv
7/12/24,12:41:59 PM,7/12/24,1:08:26 PM,13,p,,"2217 E Gray Sea Eagle Ln SW, Olympia, WA 98512, USA","4131 Martin Way E, Olympia, WA 98516, USA",2013 Toyota Prius (New),business_personal_trip_log_07_12_2024_12_00am_PDT-07_13_2024_12_00am_PDT.csv
7/12/24,1:10:26 PM,7/12/24,2:09:40 PM,32.04,p,,"4131 Martin Way E, Olympia, WA 98516, USA","4947 N Whitman St, Tacoma, WA 98407, USA",2013 Toyota Prius (New),business_personal_trip_log_07_12_2024_12_00am_PDT-07_13_2024_12_00am_PDT.csv
7/12/24,2:40:40 PM,7/12/24,2:55:56 PM,7,p,,"4947 N Whitman St, Tacoma, WA 98407, USA","9002 37th St W, University Place, WA 98466, USA",2013 Toyota Prius (New),business_personal_trip_log_07_12_2024_12_00am_PDT-07_13_2024_12_00am_PDT.csv
7/12/24,3:09:55 PM,7/12/24,3:12:55 PM,1,p,,"9002 37th St W, University Place, WA 98466, USA","3325 Mountain View Ave W, Tacoma, WA 98466, USA",2013 Toyota Prius (New),business_personal_trip_log_07_12_2024_12_00am_PDT-07_13_2024_12_00am_PDT.csv
7/12/24,9:19:43 PM,7/12/24,10:24:42 PM,55,p,,"3325 Mountain View Ave W, Tacoma, WA 98466, USA","20019 6 W, Lynnwood, WA 98036, USA",2013 Toyota Prius (New),business_personal_trip_log_07_12_2024_12_00am_PDT-07_13_2024_12_00am_PDT.csv
7/13/24,9:33:49 AM,7/13/24,9:34:48 AM,0,p,,"20019 6 W, Lynnwood, WA 98036, USA","20019 6 W, Lynnwood, WA 98036, USA",2013 Toyota Prius (New),business_personal_trip_log_07_13_2024_12_00am_PDT-07_14_2024_12_00am_PDT.csv
7/14/24,9:09:28 AM,7/14/24,9:22:13 AM,6,p,,"20019 6 W, Lynnwood, WA 98036, USA","4326 148th St SE, Bothell, WA 98012, USA",2013 Toyota Prius (New),business_personal_trip_log_07_14_2024_12_00am_PDT-07_15_2024_12_00am_PDT.csv
7/14/24,10:41:11 AM,7/14/24,11:23:08 AM,8,p,,"4326 148th St SE, Bothell, WA 98012, USA","16232 Bothell Everett Hwy, Mill Creek, WA 98012, USA",2013 Toyota Prius (New),business_personal_trip_log_07_14_2024_12_00am_PDT-07_15_2024_12_00am_PDT.csv
7/14/24,11:26:41 AM,7/14/24,11:38:09 AM,4.1,p,,"16232 Bothell Everett Hwy, Mill Creek, WA 98012, USA","20019 6 W, Lynnwood, WA 98036, USA",2013 Toyota Prius (New),business_personal_trip_log_07_14_2024_12_00am_PDT-07_15_2024_12_00am_PDT.csv
7/14/24,12:35:03 PM,7/14/24,12:52:08 PM,4,b,,"20019 6 W, Lynnwood, WA 98036, USA","22833 Bothell Everett Hwy, Bothell, WA 98021, USA",2013 Toyota Prius (New),business_personal_trip_log_07_14_2024_12_00am_PDT-07_15_2024_12_00am_PDT.csv
7/14/24,1:02:12 PM,7/14/24,1:03:11 PM,0,b,,"22833 Bothell Everett Hwy, Bothell, WA 98021, USA","22833 Bothell Everett Hwy, Bothell, WA 98021, USA",2013 Toyota Prius (New),business_personal_trip_log_07_14_2024_12_00am_PDT-07_15_2024_12_00am_PDT.csv
7/14/24,1:07:58 PM,7/14/24,1:48:26 PM,12.01,b,,"22833 Bothell Everett Hwy, Bothell, WA 98021, USA","14237 117th Ave NE, Kirkland, WA 98034, USA",2013 Toyota Prius (New),business_personal_trip_log_07_14_2024_12_00am_PDT-07_15_2024_12_00am_PDT.csv
7/14/24,1:58:33 PM,7/14/24,2:12:19 PM,4,b,,"14237 117th Ave NE, Kirkland, WA 98034, USA","11803 98th Ave NE, Kirkland, WA 98034, USA",2013 Toyota Prius (New),business_personal_trip_log_07_14_2024_12_00am_PDT-07_15_2024_12_00am_PDT.csv
7/14/24,2:19:51 PM,7/14/24,2:52:55 PM,13,b,,"11631 98th Ave NE, Kirkland, WA 98034, USA","10500 NE 8th St, Bellevue, WA 98004, USA",2013 Toyota Prius (New),business_personal_trip_log_07_14_2024_12_00am_PDT-07_15_2024_12_00am_PDT.csv
7/14/24,3:06:38 PM,7/14/24,3:14:44 PM,1,b,,"555 Bellevue Sq, Bellevue, WA 98004, USA","399 114th Ave NE, Bellevue, WA 98004, USA",2013 Toyota Prius (New),business_personal_trip_log_07_14_2024_12_00am_PDT-07_15_2024_12_00am_PDT.csv
7/14/24,3:16:56 PM,7/14/24,4:01:39 PM,23.11,b,,"I-405, Bellevue, WA 98004, USA","20019 6 W, Lynnwood, WA 98036, USA",2013 Toyota Prius (New),business_personal_trip_log_07_14_2024_12_00am_PDT-07_15_2024_12_00am_PDT.csv
7/14/24,4:15:05 PM,7/14/24,4:34:52 PM,7.01,b,,"20019 6 W, Lynnwood, WA 98036, USA","19401 Alderwood Mall Pkwy, Lynnwood, WA 98036, USA",2013 Toyota Prius (New),business_personal_trip_log_07_14_2024_12_00am_PDT-07_15_2024_12_00am_PDT.csv
7/14/24,4:36:57 PM,7/14/24,4:48:30 PM,4,b,,"19401 Alderwood Mall Pkwy, Lynnwood, WA 98036, USA","19611 Alderwood Mall Pkwy, Lynnwood, WA 98036, USA",2013 Toyota Prius (New),business_personal_trip_log_07_14_2024_12_00am_PDT-07_15_2024_12_00am_PDT.csv
7/14/24,4:51:59 PM,7/14/24,4:53:33 PM,0,b,,"2628 196th St SW, Lynnwood, WA 98036, USA","19401 Alderwood Mall Pkwy, Lynnwood, WA 98036, USA",2013 Toyota Prius (New),business_personal_trip_log_07_14_2024_12_00am_PDT-07_15_2024_12_00am_PDT.csv
7/14/24,4:55:33 PM,7/14/24,5:24:58 PM,10.1,b,,"3021 196th St SW, Lynnwood, WA 98036, USA","20019 6 W, Lynnwood, WA 98036, USA",2013 Toyota Prius (New),business_personal_trip_log_07_14_2024_12_00am_PDT-07_15_2024_12_00am_PDT.csv
7/15/24,8:28:22 AM,7/15/24,8:57:36 AM,13.07,p,,"20019 6 W, Lynnwood, WA 98036, USA","10321 Meridian Ave N, Seattle, WA 98133, USA",2013 Toyota Prius (New),business_personal_trip_log_07_15_2024_12_00am_PDT-07_16_2024_12_00am_PDT.csv
7/15/24,10:10:40 AM,7/15/24,10:28:26 AM,12.04,p,,"10321 Meridian Ave N, Seattle, WA 98133, USA","20019 6 W, Lynnwood, WA 98036, USA",2013 Toyota Prius (New),business_personal_trip_log_07_15_2024_12_00am_PDT-07_16_2024_12_00am_PDT.csv
7/15/24,11:28:05 AM,7/15/24,11:44:45 AM,3,b,,"20019 6 W, Lynnwood, WA 98036, USA","22616 Bothell Everett Hwy, Bothell, WA 98021, USA",2013 Toyota Prius (New),business_personal_trip_log_07_15_2024_12_00am_PDT-07_16_2024_12_00am_PDT.csv
7/15/24,11:50:36 AM,7/15/24,11:58:50 AM,3.1,b,,"22616 Bothell Everett Hwy, Bothell, WA 98021, USA","20019 6th Pl W, Lynnwood, WA 98036, USA",2013 Toyota Prius (New),business_personal_trip_log_07_15_2024_12_00am_PDT-07_16_2024_12_00am_PDT.csv
7/15/24,12:27:57 PM,7/15/24,12:55:47 PM,10,b,,"20019 6 W, Lynnwood, WA 98036, USA","19017 Highway 99, Lynnwood, WA 98036, USA",2013 Toyota Prius (New),business_personal_trip_log_07_15_2024_12_00am_PDT-07_16_2024_12_00am_PDT.csv
7/15/24,12:57:57 PM,7/15/24,12:58:01 PM,0,b,,"19017 Highway 99, Lynnwood, WA 98036, USA","19017 Highway 99, Lynnwood, WA 98036, USA",2013 Toyota Prius (New),business_personal_trip_log_07_15_2024_12_00am_PDT-07_16_2024_12_00am_PDT.csv
7/15/24,1:01:05 PM,7/15/24,1:06:37 PM,1,b,,"19017 Highway 99, Lynnwood, WA 98036, USA","4424 196th St SW, Lynnwood, WA 98036, USA",2013 Toyota Prius (New),business_personal_trip_log_07_15_2024_12_00am_PDT-07_16_2024_12_00am_PDT.csv
7/15/24,1:09:37 PM,7/15/24,1:38:06 PM,13,p,,"3810 196th St SW, Lynnwood, WA 98036, USA","10321 Meridian Ave N, Seattle, WA 98133, USA",2013 Toyota Prius (New),business_personal_trip_log_07_15_2024_12_00am_PDT-07_16_2024_12_00am_PDT.csv
7/15/24,1:51:57 PM,7/15/24,2:09:19 PM,4,b,,"10321 Meridian Ave N, Seattle, WA 98133, USA","11603 Stone Ave N, Seattle, WA 98133, USA",2013 Toyota Prius (New),business_personal_trip_log_07_15_2024_12_00am_PDT-07_16_2024_12_00am_PDT.csv
7/15/24,2:20:40 PM,7/15/24,2:43:24 PM,3.07,b,,"11603 Stone Ave N, Seattle, WA 98133, USA","10200 1st Ave NE, Seattle, WA 98125, USA",2013 Toyota Prius (New),business_personal_trip_log_07_15_2024_12_00am_PDT-07_16_2024_12_00am_PDT.csv
7/15/24,2:52:31 PM,7/15/24,2:54:30 PM,0,b,,"10200 1st Ave NE, Seattle, WA 98125, USA","308 NE Thornton Pl, Seattle, WA 98125, USA",2013 Toyota Prius (New),business_personal_trip_log_07_15_2024_12_00am_PDT-07_16_2024_12_00am_PDT.csv
7/15/24,2:59:37 PM,7/15/24,3:08:16 PM,3.1,b,,"10202 3rd Ave NE, Seattle, WA 98125, USA","3540 NE 93rd St, Seattle, WA 98115, USA",2013 Toyota Prius (New),business_personal_trip_log_07_15_2024_12_00am_PDT-07_16_2024_12_00am_PDT.csv
7/15/24,3:10:38 PM,7/15/24,4:13:37 PM,20,b,,"3544 NE 93rd St, Seattle, WA 98115, USA","132 128th St SW, Everett, WA 98204, USA",2013 Toyota Prius (New),business_personal_trip_log_07_15_2024_12_00am_PDT-07_16_2024_12_00am_PDT.csv
7/15/24,4:15:37 PM,7/15/24,4:27:37 PM,3,b,,"12802 I-5 SW, Everett, WA 98204, USA","16304 Motor Pl, Lynnwood, WA 98087, USA",2013 Toyota Prius (New),business_personal_trip_log_07_15_2024_12_00am_PDT-07_16_2024_12_00am_PDT.csv
7/15/24,4:29:37 PM,7/15/24,4:40:37 PM,3,b,,"2510 164th St SW, Lynnwood, WA 98087, USA","16716 Highway 99, Lynnwood, WA 98037, USA",2013 Toyota Prius (New),business_personal_trip_log_07_15_2024_12_00am_PDT-07_16_2024_12_00am_PDT.csv
7/15/24,4:43:59 PM,7/15/24,4:48:37 PM,1,b,,"16722 Highway 99, Lynnwood, WA 98037, USA","15212 Highway 99, Lynnwood, WA 98087, USA",2013 Toyota Prius (New),business_personal_trip_log_07_15_2024_12_00am_PDT-07_16_2024_12_00am_PDT.csv
7/15/24,4:51:21 PM,7/15/24,5:32:30 PM,10.1,b,,"15212 Highway 99, Lynnwood, WA 98087, USA","20019 6 W, Lynnwood, WA 98036, USA",2013 Toyota Prius (New),business_personal_trip_log_07_15_2024_12_00am_PDT-07_16_2024_12_00am_PDT.csv
7/15/24,8:23:26 PM,7/15/24,8:32:50 PM,2,p,,"20019 6 W, Lynnwood, WA 98036, USA","3026 196th St SW, Lynnwood, WA 98036, USA",2013 Toyota Prius (New),business_personal_trip_log_07_15_2024_12_00am_PDT-07_16_2024_12_00am_PDT.csv
7/15/24,8:43:30 PM,7/15/24,8:51:03 PM,3.1,p,,"3100 196th St SW, Lynnwood, WA 98036, USA","20019 6 W, Lynnwood, WA 98036, USA",2013 Toyota Prius (New),business_personal_trip_log_07_15_2024_12_00am_PDT-07_16_2024_12_00am_PDT.csv
7/16/24,8:22:46 AM,7/16/24,8:45:20 AM,8,p,,"20019 6 W, Lynnwood, WA 98036, USA","10601 47th Pl W, Mukilteo, WA 98275, USA",2013 Toyota Prius (New),business_personal_trip_log_07_16_2024_12_00am_PDT-07_17_2024_12_00am_PDT.csv
7/16/24,11:07:55 AM,7/16/24,11:44:10 AM,17,b,,"10601 47th Pl W, Mukilteo, WA 98275, USA","20019 6th Pl W, Lynnwood, WA 98036, USA",2013 Toyota Prius (New),business_personal_trip_log_07_16_2024_12_00am_PDT-07_17_2024_12_00am_PDT.csv
7/16/24,1:19:50 PM,7/16/24,1:21:51 PM,0,b,,"20019 6 W, Lynnwood, WA 98036, USA","921 Lawton Rd, Lynnwood, WA 98036, USA",2013 Toyota Prius (New),business_personal_trip_log_07_16_2024_12_00am_PDT-07_17_2024_12_00am_PDT.csv
7/16/24,1:24:22 PM,7/16/24,1:42:14 PM,5.01,b,,"918 Lawton Rd, Lynnwood, WA 98036, USA","4630 200th St SW, Lynnwood, WA 98036, USA",2013 Toyota Prius (New),business_personal_trip_log_07_16_2024_12_00am_PDT-07_17_2024_12_00am_PDT.csv
7/16/24,1:45:08 PM,7/16/24,1:47:40 PM,0.01,b,,"4630 200th St SW, Lynnwood, WA 98036, USA","19808 44th Ave W, Lynnwood, WA 98036, USA",2013 Toyota Prius (New),business_personal_trip_log_07_16_2024_12_00am_PDT-07_17_2024_12_00am_PDT.csv
7/16/24,2:30:17 PM,7/16/24,2:43:48 PM,4.09,b,,"19808 44th Ave W, Lynnwood, WA 98036, USA","20019 6 W, Lynnwood, WA 98036, USA",2013 Toyota Prius (New),business_personal_trip_log_07_16_2024_12_00am_PDT-07_17_2024_12_00am_PDT.csv
7/16/24,3:28:42 PM,7/16/24,5:34:26 PM,57.03,p,,"20019 6 W, Lynnwood, WA 98036, USA","3325 Mountain View Ave W, Tacoma, WA 98466, USA",2013 Toyota Prius (New),business_personal_trip_log_07_16_2024_12_00am_PDT-07_17_2024_12_00am_PDT.csv
7/16/24,7:05:08 PM,7/16/24,7:17:52 PM,5,p,,"3325 Mountain View Ave W, Tacoma, WA 98466, USA","5521 100th St SW, Lakewood, WA 98499, USA",2013 Toyota Prius (New),business_personal_trip_log_07_16_2024_12_00am_PDT-07_17_2024_12_00am_PDT.csv
7/16/24,7:19:52 PM,7/16/24,7:50:52 PM,26,p,,"10706 Bridgeport Way SW, Lakewood, WA 98499, USA","5900 Littlerock Rd SW, Tumwater, WA 98512, USA",2013 Toyota Prius (New),business_personal_trip_log_07_16_2024_12_00am_PDT-07_17_2024_12_00am_PDT.csv
7/16/24,8:10:17 PM,7/16/24,8:12:08 PM,0.02,p,,"5900 Littlerock Rd SW, Tumwater, WA 98512, USA","5500 Littlerock Rd SW, Tumwater, WA 98512, USA",2013 Toyota Prius (New),business_personal_trip_log_07_16_2024_12_00am_PDT-07_17_2024_12_00am_PDT.csv
7/16/24,8:21:16 PM,7/16/24,8:26:29 PM,1.01,p,,"5500 Littlerock Rd SW, Tumwater, WA 98512, USA","2217 E Gray Sea Eagle Ln SW, Olympia, WA 98512, USA",2013 Toyota Prius (New),business_personal_trip_log_07_16_2024_12_00am_PDT-07_17_2024_12_00am_PDT.csv
7/17/24,7:06:38 AM,7/17/24,7:11:04 AM,1,p,,"2239 E Gray Sea Eagle Ln SW, Olympia, WA 98512, USA","5312 Littlerock Rd SW, Tumwater, WA 98512, USA",2013 Toyota Prius (New),business_personal_trip_log_07_17_2024_12_00am_PDT-07_18_2024_12_00am_PDT.csv
7/17/24,7:13:55 AM,7/17/24,7:17:54 AM,1.01,p,,"5312 Littlerock Rd SW, Tumwater, WA 98512, USA","2217 E Gray Sea Eagle Ln SW, Olympia, WA 98512, USA",2013 Toyota Prius (New),business_personal_trip_log_07_17_2024_12_00am_PDT-07_18_2024_12_00am_PDT.csv
7/17/24,8:41:50 AM,7/17/24,8:46:55 AM,2,p,,"5082 Bald Eagle Ln SW, Olympia, WA 98512, USA","1101 Kingswood Dr SW, Olympia, WA 98512, USA",2013 Toyota Prius (New),business_personal_trip_log_07_17_2024_12_00am_PDT-07_18_2024_12_00am_PDT.csv
7/17/24,9:15:54 AM,7/17/24,9:32:05 AM,7,p,,"1101 Kingswood Dr SW, Olympia, WA 98512, USA","5610 Corporate Center Ln SE, Lacey, WA 98503, USA",2013 Toyota Prius (New),business_personal_trip_log_07_17_2024_12_00am_PDT-07_18_2024_12_00am_PDT.csv
7/17/24,10:00:58 AM,7/17/24,10:20:29 AM,7.01,p,,"5610 Corporate Center Ln SE, Lacey, WA 98503, USA","2217 E Gray Sea Eagle Ln SW, Olympia, WA 98512, USA",2013 Toyota Prius (New),business_personal_trip_log_07_17_2024_12_00am_PDT-07_18_2024_12_00am_PDT.csv
7/17/24,12:06:33 PM,7/17/24,12:11:56 PM,1.06,p,,"5082 Bald Eagle Ln SW, Olympia, WA 98512, USA","1101 Kingswood Dr SW, Olympia, WA 98512, USA",2013 Toyota Prius (New),business_personal_trip_log_07_17_2024_12_00am_PDT-07_18_2024_12_00am_PDT.csv
7/17/24,12:17:18 PM,7/17/24,12:25:00 PM,2,p,,"1101 Kingswood Dr SW, Olympia, WA 98512, USA","2239 E Gray Sea Eagle Ln SW, Olympia, WA 98512, USA",2013 Toyota Prius (New),business_personal_trip_log_07_17_2024_12_00am_PDT-07_18_2024_12_00am_PDT.csv
7/17/24,1:42:01 PM,7/17/24,2:03:44 PM,16,p,,"5082 Bald Eagle Ln SW, Olympia, WA 98512, USA","1529 Mounts Rd, Tacoma, WA 98433, USA",2013 Toyota Prius (New),business_personal_trip_log_07_17_2024_12_00am_PDT-07_18_2024_12_00am_PDT.csv
7/17/24,6:41:20 PM,7/17/24,6:45:56 PM,2,p,,"1529 Mounts Rd, Tacoma, WA 98433, USA","1575 Wilmington Dr, Dupont, WA 98327, USA",2013 Toyota Prius (New),business_personal_trip_log_07_17_2024_12_00am_PDT-07_18_2024_12_00am_PDT.csv
7/17/24,7:38:04 PM,7/17/24,7:57:15 PM,17,p,,"1565 Wilmington Dr, Dupont, WA 98327, USA","2239 E Gray Sea Eagle Ln SW, Olympia, WA 98512, USA",2013 Toyota Prius (New),business_personal_trip_log_07_17_2024_12_00am_PDT-07_18_2024_12_00am_PDT.csv
7/17/24,8:29:05 PM,7/17/24,8:35:39 PM,1,p,,"5082 Bald Eagle Ln SW, Olympia, WA 98512, USA","1101 Kingswood Dr SW, Olympia, WA 98512, USA",2013 Toyota Prius (New),business_personal_trip_log_07_17_2024_12_00am_PDT-07_18_2024_12_00am_PDT.csv
7/17/24,9:14:57 PM,7/17/24,9:16:41 PM,1,p,,"1101 Kingswood Dr SW, Olympia, WA 98512, USA","5900 Littlerock Rd SW, Tumwater, WA 98512, USA",2013 Toyota Prius (New),business_personal_trip_log_07_17_2024_12_00am_PDT-07_18_2024_12_00am_PDT.csv
7/17/24,9:27:49 PM,7/17/24,9:32:49 PM,1,p,,"5900 Littlerock Rd SW, Tumwater, WA 98512, USA","5082 Bald Eagle Ln SW, Olympia, WA 98512, USA",2013 Toyota Prius (New),business_personal_trip_log_07_17_2024_12_00am_PDT-07_18_2024_12_00am_PDT.csv
7/18/24,8:31:37 AM,7/18/24,8:36:54 AM,2,p,,"5082 Bald Eagle Ln SW, Olympia, WA 98512, USA","1101 Kingswood Dr SW, Olympia, WA 98512, USA",2013 Toyota Prius (New),business_personal_trip_log_07_18_2024_12_00am_PDT-07_19_2024_12_00am_PDT.csv
7/18/24,9:10:54 AM,7/18/24,9:13:54 AM,0,p,,"1101 Kingswood Dr SW, Olympia, WA 98512, USA","5312 Littlerock Rd SW, Tumwater, WA 98512, USA",2013 Toyota Prius (New),business_personal_trip_log_07_18_2024_12_00am_PDT-07_19_2024_12_00am_PDT.csv
7/18/24,9:16:23 AM,7/18/24,9:20:39 AM,1.01,p,,"5312 Littlerock Rd SW, Tumwater, WA 98512, USA","2217 E Gray Sea Eagle Ln SW, Olympia, WA 98512, USA",2013 Toyota Prius (New),business_personal_trip_log_07_18_2024_12_00am_PDT-07_19_2024_12_00am_PDT.csv
7/18/24,2:21:40 PM,7/18/24,2:26:49 PM,2,p,,"5085 Bald Eagle Ln SW, Olympia, WA 98512, USA","1101 Kingswood Dr SW, Olympia, WA 98512, USA",2013 Toyota Prius (New),business_personal_trip_log_07_18_2024_12_00am_PDT-07_19_2024_12_00am_PDT.csv
7/18/24,2:53:52 PM,7/18/24,2:56:32 PM,1,p,,"1101 Kingswood Dr SW, Olympia, WA 98512, USA","5900 Littlerock Rd SW, Tumwater, WA 98512, USA",2013 Toyota Prius (New),business_personal_trip_log_07_18_2024_12_00am_PDT-07_19_2024_12_00am_PDT.csv
7/18/24,3:12:08 PM,7/18/24,3:19:05 PM,1,p,,"5900 Littlerock Rd SW, Tumwater, WA 98512, USA","2217 E Gray Sea Eagle Ln SW, Olympia, WA 98512, USA",2013 Toyota Prius (New),business_personal_trip_log_07_18_2024_12_00am_PDT-07_19_2024_12_00am_PDT.csv
7/18/24,3:43:40 PM,7/18/24,3:50:28 PM,2,p,,"5081 E Gray Sea Eagle Ln SW, Olympia, WA 98512, USA","1101 Kingswood Dr SW, Olympia, WA 98512, USA",2013 Toyota Prius (New),business_personal_trip_log_07_18_2024_12_00am_PDT-07_19_2024_12_00am_PDT.csv
7/18/24,4:09:15 PM,7/18/24,4:15:14 PM,1.01,p,,"1101 Kingswood Dr SW, Olympia, WA 98512, USA","2239 E Gray Sea Eagle Ln SW, Olympia, WA 98512, USA",2013 Toyota Prius (New),business_personal_trip_log_07_18_2024_12_00am_PDT-07_19_2024_12_00am_PDT.csv
7/18/24,7:11:37 PM,7/18/24,7:16:36 PM,2,p,,"5082 Bald Eagle Ln SW, Olympia, WA 98512, USA","1101 Kingswood Dr SW, Olympia, WA 98512, USA",2013 Toyota Prius (New),business_personal_trip_log_07_18_2024_12_00am_PDT-07_19_2024_12_00am_PDT.csv
7/18/24,7:22:08 PM,7/18/24,7:27:17 PM,2,p,,"1101 Kingswood Dr SW, Olympia, WA 98512, USA","2239 E Gray Sea Eagle Ln SW, Olympia, WA 98512, USA",2013 Toyota Prius (New),business_personal_trip_log_07_18_2024_12_00am_PDT-07_19_2024_12_00am_PDT.csv
7/18/24,7:39:10 PM,7/18/24,7:43:20 PM,1.02,p,,"2217 E Gray Sea Eagle Ln SW, Olympia, WA 98512, USA","707 Trosper Rd SW, Tumwater, WA 98512, USA",2013 Toyota Prius (New),business_personal_trip_log_07_18_2024_12_00am_PDT-07_19_2024_12_00am_PDT.csv
7/18/24,8:18:08 PM,7/18/24,9:42:50 PM,81.09,p,,"707 Trosper Rd SW, Tumwater, WA 98512, USA","20013 6 W, Lynnwood, WA 98036, USA",2013 Toyota Prius (New),business_personal_trip_log_07_18_2024_12_00am_PDT-07_19_2024_12_00am_PDT.csv
7/21/24,9:09:39 AM,7/21/24,9:23:41 AM,6,p,,"20019 6 W, Lynnwood, WA 98036, USA","4326 148th St SE, Bothell, WA 98012, USA",2013 Toyota Prius (New),business_personal_trip_log_07_21_2024_12_00am_PDT-07_22_2024_12_00am_PDT.csv
7/21/24,11:14:12 AM,7/21/24,11:34:15 AM,7,p,,"4326 148th St SE, Bothell, WA 98012, USA","18133 33 W, Lynnwood, WA 98037, USA",2013 Toyota Prius (New),business_personal_trip_log_07_21_2024_12_00am_PDT-07_22_2024_12_00am_PDT.csv
7/21/24,11:38:35 AM,7/21/24,11:39:52 AM,0,p,,"18133 33rd Ave W, Lynnwood, WA 98037, USA","18133 33rd Ave W, Lynnwood, WA 98037, USA",2013 Toyota Prius (New),business_personal_trip_log_07_21_2024_12_00am_PDT-07_22_2024_12_00am_PDT.csv
7/21/24,11:43:03 AM,7/21/24,11:52:26 AM,3.09,p,,"18133 33rd Ave W, Lynnwood, WA 98037, USA","20019 6 W, Lynnwood, WA 98036, USA",2013 Toyota Prius (New),business_personal_trip_log_07_21_2024_12_00am_PDT-07_22_2024_12_00am_PDT.csv
7/21/24,2:09:13 PM,7/21/24,2:17:53 PM,3,p,,"20012 6 W, Lynnwood, WA 98036, USA","2608 196th St SW, Lynnwood, WA 98036, USA",2013 Toyota Prius (New),business_personal_trip_log_07_21_2024_12_00am_PDT-07_22_2024_12_00am_PDT.csv
7/21/24,2:21:33 PM,7/21/24,2:28:25 PM,2.1,p,,"2608 196th St SW, Lynnwood, WA 98036, USA","20019 6 W, Lynnwood, WA 98036, USA",2013 Toyota Prius (New),business_personal_trip_log_07_21_2024_12_00am_PDT-07_22_2024_12_00am_PDT.csv
7/21/24,2:50:31 PM,7/21/24,3:54:46 PM,53.38,p,,"20019 6 W, Lynnwood, WA 98036, USA","2606 21st St SW, Puyallup, WA 98373, USA",2013 Toyota Prius (New),business_personal_trip_log_07_21_2024_12_00am_PDT-07_22_2024_12_00am_PDT.csv
7/21/24,8:27:21 PM,7/21/24,9:27:41 PM,53.09,p,,"2606 21st St SW, Puyallup, WA 98373, USA","20025 6 W, Lynnwood, WA 98036, USA",2013 Toyota Prius (New),business_personal_trip_log_07_21_2024_12_00am_PDT-07_22_2024_12_00am_PDT.csv
7/22/24,8:30:50 AM,7/22/24,8:47:21 AM,8,p,,"20019 6 W, Lynnwood, WA 98036, USA","4430 106th St SW, Mukilteo, WA 98275, USA",2013 Toyota Prius (New),business_personal_trip_log_07_22_2024_12_00am_PDT-07_23_2024_12_00am_PDT.csv
7/22/24,11:15:45 AM,7/22/24,11:46:40 AM,12,b,,"4430 106th St SW, Mukilteo, WA 98275, USA","3102 Broadway, Everett, WA 98201, USA",2013 Toyota Prius (New),business_personal_trip_log_07_22_2024_12_00am_PDT-07_23_2024_12_00am_PDT.csv
7/22/24,11:48:40 AM,7/22/24,11:48:40 AM,0,b,,"2703 Pacific Ave, Everett, WA 98201, USA","2703 Pacific Ave, Everett, WA 98201, USA",2013 Toyota Prius (New),business_personal_trip_log_07_22_2024_12_00am_PDT-07_23_2024_12_00am_PDT.csv
7/22/24,11:49:24 AM,7/22/24,12:16:45 PM,12.02,b,,"2917 Pacific Ave, Everett, WA 98201, USA","2127 93rd Dr SE, Lake Stevens, WA 98258, USA",2013 Toyota Prius (New),business_personal_trip_log_07_22_2024_12_00am_PDT-07_23_2024_12_00am_PDT.csv
7/22/24,12:53:01 PM,7/22/24,1:24:33 PM,19.09,b,,"2127 93rd Dr SE, Lake Stevens, WA 98258, USA","20019 6 W, Lynnwood, WA 98036, USA",2013 Toyota Prius (New),business_personal_trip_log_07_22_2024_12_00am_PDT-07_23_2024_12_00am_PDT.csv
7/22/24,1:46:36 PM,7/22/24,2:41:13 PM,28.98,p,,"20019 6 W, Lynnwood, WA 98036, USA","4040 Maple Valley Hwy, Renton, WA 98058, USA",2013 Toyota Prius (New),business_personal_trip_log_07_22_2024_12_00am_PDT-07_23_2024_12_00am_PDT.csv
7/22/24,7:34:16 PM,7/22/24,7:35:16 PM,0,p,,"4040 Maple Valley Hwy, Renton, WA 98058, USA","4050 Maple Valley Hwy, Renton, WA 98058, USA",2013 Toyota Prius (New),business_personal_trip_log_07_22_2024_12_00am_PDT-07_23_2024_12_00am_PDT.csv
7/22/24,8:21:28 PM,7/22/24,8:49:29 PM,24,p,,"4040 Maple Valley Hwy, Renton, WA 98058, USA","I-405, Bothell, WA 98021, USA",2013 Toyota Prius (New),business_personal_trip_log_07_22_2024_12_00am_PDT-07_23_2024_12_00am_PDT.csv
7/22/24,8:52:29 PM,7/22/24,8:54:29 PM,0,p,,"I-405, Bothell, WA 98021, USA","22929 21st Ave SE, Bothell, WA 98021, USA",2013 Toyota Prius (New),business_personal_trip_log_07_22_2024_12_00am_PDT-07_23_2024_12_00am_PDT.csv
7/22/24,8:56:29 PM,7/22/24,9:04:01 PM,4.01,p,,"22400 17 SE, Bothell, WA 98021, USA","20019 6 W, Lynnwood, WA 98036, USA",2013 Toyota Prius (New),business_personal_trip_log_07_22_2024_12_00am_PDT-07_23_2024_12_00am_PDT.csv
7/23/24,10:04:14 AM,7/23/24,10:11:48 AM,3,b,,"20019 6 W, Lynnwood, WA 98036, USA","19401 Alderwood Mall Pkwy, Lynnwood, WA 98036, USA",2013 Toyota Prius (New),business_personal_trip_log_07_23_2024_12_00am_PDT-07_24_2024_12_00am_PDT.csv
7/23/24,10:30:54 AM,7/23/24,10:52:06 AM,6,b,,"19401 Alderwood Mall Pkwy, Lynnwood, WA 98036, USA","200 Admiral Way, Edmonds, WA 98020, USA",2013 Toyota Prius (New),business_personal_trip_log_07_23_2024_12_00am_PDT-07_24_2024_12_00am_PDT.csv
7/23/24,10:59:42 AM,7/23/24,11:14:54 AM,4.01,b,,"200 Admiral Way, Edmonds, WA 98020, USA","21109 70th Ave W, Edmonds, WA 98026, USA",2013 Toyota Prius (New),business_personal_trip_log_07_23_2024_12_00am_PDT-07_24_2024_12_00am_PDT.csv
7/23/24,11:25:17 AM,7/23/24,11:26:46 AM,0.01,b,,"21109 70th Ave W, Edmonds, WA 98026, USA","21300 Highway 99, Edmonds, WA 98026, USA",2013 Toyota Prius (New),business_personal_trip_log_07_23_2024_12_00am_PDT-07_24_2024_12_00am_PDT.csv
7/23/24,11:41:30 AM,7/23/24,12:17:01 PM,9.01,b,,"21300 Highway 99, Edmonds, WA 98026, USA","15205 Aurora Ave N, Shoreline, WA 98133, USA",2013 Toyota Prius (New),business_personal_trip_log_07_23_2024_12_00am_PDT-07_24_2024_12_00am_PDT.csv
7/23/24,12:21:00 PM,7/23/24,12:26:46 PM,0.02,b,,"15201 Aurora Ave N, Shoreline, WA 98133, USA","15332 Aurora Ave N, Shoreline, WA 98133, USA",2013 Toyota Prius (New),business_personal_trip_log_07_23_2024_12_00am_PDT-07_24_2024_12_00am_PDT.csv
7/23/24,12:39:33 PM,7/23/24,1:06:29 PM,4,b,,"15332 Aurora Ave N, Shoreline, WA 98133, USA","13231 Aurora Ave N, Seattle, WA 98133, USA",2013 Toyota Prius (New),business_personal_trip_log_07_23_2024_12_00am_PDT-07_24_2024_12_00am_PDT.csv
7/23/24,1:26:17 PM,7/23/24,1:36:17 PM,2,b,,"13231 Aurora Ave N, Seattle, WA 98133, USA","12352 14th Ave NE, Seattle, WA 98125, USA",2013 Toyota Prius (New),business_personal_trip_log_07_23_2024_12_00am_PDT-07_24_2024_12_00am_PDT.csv
7/23/24,1:39:07 PM,7/23/24,2:13:24 PM,14,b,,"1424 NE 125th St, Seattle, WA 98125, USA","15606 NE Woodinville Duvall Rd, Woodinville, WA 98072, USA",2013 Toyota Prius (New),business_personal_trip_log_07_23_2024_12_00am_PDT-07_24_2024_12_00am_PDT.csv
7/23/24,2:17:57 PM,7/23/24,2:42:32 PM,8.01,b,,"15606 NE Woodinville Duvall Rd, Woodinville, WA 98072, USA","14444 124th Ave NE, Kirkland, WA 98034, USA",2013 Toyota Prius (New),business_personal_trip_log_07_23_2024_12_00am_PDT-07_24_2024_12_00am_PDT.csv
7/23/24,3:07:05 PM,7/23/24,3:36:11 PM,13,b,,"14442 124th Ave NE, Kirkland, WA 98034, USA","19024 North Rd, Bothell, WA 98012, USA",2013 Toyota Prius (New),business_personal_trip_log_07_23_2024_12_00am_PDT-07_24_2024_12_00am_PDT.csv
7/23/24,3:38:43 PM,7/23/24,3:50:49 PM,3,b,,"404 N Damson Rd, Lynnwood, WA 98036, USA","710 164th St SW, Lynnwood, WA 98087, USA",2013 Toyota Prius (New),business_personal_trip_log_07_23_2024_12_00am_PDT-07_24_2024_12_00am_PDT.csv
7/23/24,3:54:49 PM,7/23/24,4:11:01 PM,4.09,b,,"312 164th St SW, Lynnwood, WA 98087, USA","20019 6 W, Lynnwood, WA 98036, USA",2013 Toyota Prius (New),business_personal_trip_log_07_23_2024_12_00am_PDT-07_24_2024_12_00am_PDT.csv
7/23/24,4:24:31 PM,7/23/24,4:35:02 PM,4,b,,"20019 6 W, Lynnwood, WA 98036, USA","1026 228th St SE, Bothell, WA 98021, USA",2013 Toyota Prius (New),business_personal_trip_log_07_23_2024_12_00am_PDT-07_24_2024_12_00am_PDT.csv
7/23/24,4:37:02 PM,7/23/24,4:38:37 PM,0,b,,"1115 228th St SE, Bothell, WA 98021, USA","22621 Bothell-Everett, Bothell, WA 98021, USA",2013 Toyota Prius (New),business_personal_trip_log_07_23_2024_12_00am_PDT-07_24_2024_12_00am_PDT.csv
7/23/24,4:40:37 PM,7/23/24,7:08:40 PM,67.02,b,,"I-405, Bothell, WA 98021, USA","16304 Bothell Everett Hwy, Mill Creek, WA 98012, USA",2013 Toyota Prius (New),business_personal_trip_log_07_23_2024_12_00am_PDT-07_24_2024_12_00am_PDT.csv
7/23/24,7:15:26 PM,7/23/24,7:26:23 PM,3.1,p,,"16306 Bothell Everett Hwy, Mill Creek, WA 98012, USA","20019 6 W, Lynnwood, WA 98036, USA",2013 Toyota Prius (New),business_personal_trip_log_07_23_2024_12_00am_PDT-07_24_2024_12_00am_PDT.csv
7/24/24,8:24:32 AM,7/24/24,8:39:27 AM,8,p,,"20019 6 W, Lynnwood, WA 98036, USA","10601 47th Pl W, Mukilteo, WA 98275, USA",2013 Toyota Prius (New),business_personal_trip_log_07_24_2024_12_00am_PDT-07_25_2024_12_00am_PDT.csv
7/24/24,11:13:55 AM,7/24/24,11:24:28 AM,6.03,p,,"10601 47th Pl W, Mukilteo, WA 98275, USA","18133 33 W, Lynnwood, WA 98037, USA",2013 Toyota Prius (New),business_personal_trip_log_07_24_2024_12_00am_PDT-07_25_2024_12_00am_PDT.csv
7/24/24,11:27:17 AM,7/24/24,11:28:17 AM,0,p,,"18133 33rd Ave W, Lynnwood, WA 98037, USA","18109 33 W, Lynnwood, WA 98037, USA",2013 Toyota Prius (New),business_personal_trip_log_07_24_2024_12_00am_PDT-07_25_2024_12_00am_PDT.csv
7/24/24,11:53:59 AM,7/24/24,12:02:50 PM,3.1,p,,"18109 33 W, Lynnwood, WA 98037, USA","20019 6 W, Lynnwood, WA 98036, USA",2013 Toyota Prius (New),business_personal_trip_log_07_24_2024_12_00am_PDT-07_25_2024_12_00am_PDT.csv
7/24/24,2:19:15 PM,7/24/24,2:27:44 PM,3.04,p,,"20012 6 W, Lynnwood, WA 98036, USA","18109 33 W, Lynnwood, WA 98037, USA",2013 Toyota Prius (New),business_personal_trip_log_07_24_2024_12_00am_PDT-07_25_2024_12_00am_PDT.csv
7/24/24,2:44:08 PM,7/24/24,2:52:59 PM,2.02,b,,"18109 33 W, Lynnwood, WA 98037, USA","3021 196th St SW, Lynnwood, WA 98036, USA",2013 Toyota Prius (New),business_personal_trip_log_07_24_2024_12_00am_PDT-07_25_2024_12_00am_PDT.csv
7/24/24,3:03:22 PM,7/24/24,4:03:41 PM,23.1,b,,"3021 196th St SW, Lynnwood, WA 98036, USA","20019 6 W, Lynnwood, WA 98036, USA",2013 Toyota Prius (New),business_personal_trip_log_07_24_2024_12_00am_PDT-07_25_2024_12_00am_PDT.csv
7/24/24,5:17:32 PM,7/24/24,5:24:18 PM,2,b,,"20019 6 W, Lynnwood, WA 98036, USA","22725 1st Pl W, Bothell, WA 98021, USA",2013 Toyota Prius (New),business_personal_trip_log_07_24_2024_12_00am_PDT-07_25_2024_12_00am_PDT.csv
7/24/24,5:26:18 PM,7/24/24,5:26:18 PM,0,b,,"22725 3rd Ave SE, Bothell, WA 98021, USA","22725 3rd Ave SE, Bothell, WA 98021, USA",2013 Toyota Prius (New),business_personal_trip_log_07_24_2024_12_00am_PDT-07_25_2024_12_00am_PDT.csv
7/24/24,5:28:07 PM,7/24/24,5:42:47 PM,5,b,,"1115 228th St SE, Bothell, WA 98021, USA","17311 135th Ave NE, Woodinville, WA 98072, USA",2013 Toyota Prius (New),business_personal_trip_log_07_24_2024_12_00am_PDT-07_25_2024_12_00am_PDT.csv
7/24/24,7:43:35 PM,7/24/24,7:58:27 PM,5,b,,"17311 135th Ave NE, Woodinville, WA 98072, USA","22833 Bothell Everett Hwy, Bothell, WA 98021, USA",2013 Toyota Prius (New),business_personal_trip_log_07_24_2024_12_00am_PDT-07_25_2024_12_00am_PDT.csv
7/24/24,8:05:33 PM,7/24/24,8:13:37 PM,3.11,b,,"22833 Bothell Everett Hwy, Bothell, WA 98021, USA","20019 6 W, Lynnwood, WA 98036, USA",2013 Toyota Prius (New),business_personal_trip_log_07_24_2024_12_00am_PDT-07_25_2024_12_00am_PDT.csv
7/25/24,8:54:48 AM,7/25/24,9:11:55 AM,8,p,,"20019 6 W, Lynnwood, WA 98036, USA","10601 47th Pl W, Mukilteo, WA 98275, USA",2013 Toyota Prius (New),business_personal_trip_log_07_25_2024_12_00am_PDT-07_26_2024_12_00am_PDT.csv
7/25/24,11:23:59 AM,7/25/24,11:41:34 AM,8.1,p,,"10601 47th Pl W, Mukilteo, WA 98275, USA","20013 6th Pl W, Lynnwood, WA 98036, USA",2013 Toyota Prius (New),business_personal_trip_log_07_25_2024_12_00am_PDT-07_26_2024_12_00am_PDT.csv
7/25/24,12:25:59 PM,7/25/24,12:40:53 PM,4.01,b,,"20019 6 W, Lynnwood, WA 98036, USA","22833 Bothell Everett Hwy, Bothell, WA 98021, USA",2013 Toyota Prius (New),business_personal_trip_log_07_25_2024_12_00am_PDT-07_26_2024_12_00am_PDT.csv
7/25/24,1:13:56 PM,7/25/24,1:32:58 PM,3.07,b,,"22916 Bothell Everett Hwy, Bothell, WA 98021, USA","20019 6 W, Lynnwood, WA 98036, USA",2013 Toyota Prius (New),business_personal_trip_log_07_25_2024_12_00am_PDT-07_26_2024_12_00am_PDT.csv
7/25/24,1:54:00 PM,7/25/24,2:10:31 PM,5,b,,"20019 6 W, Lynnwood, WA 98036, USA","18133 33rd Ave W, Lynnwood, WA 98037, USA",2013 Toyota Prius (New),business_personal_trip_log_07_25_2024_12_00am_PDT-07_26_2024_12_00am_PDT.csv
7/25/24,2:33:38 PM,7/25/24,2:40:42 PM,2,b,,"18133 33rd Ave W, Lynnwood, WA 98037, USA","17731 Highway 99, Lynnwood, WA 98037, USA",2013 Toyota Prius (New),business_personal_trip_log_07_25_2024_12_00am_PDT-07_26_2024_12_00am_PDT.csv
7/25/24,3:56:35 PM,7/25/24,5:10:22 PM,19.09,b,,"17731 Highway 99, Lynnwood, WA 98037, USA","20019 6 W, Lynnwood, WA 98036, USA",2013 Toyota Prius (New),business_personal_trip_log_07_25_2024_12_00am_PDT-07_26_2024_12_00am_PDT.csv
7/26/24,11:34:45 AM,7/26/24,11:59:16 AM,11.01,p,,"20019 6 W, Lynnwood, WA 98036, USA","12530 Totem Lake Blvd NE, Kirkland, WA 98034, USA",2013 Toyota Prius (New),business_personal_trip_log_07_26_2024_12_00am_PDT-07_27_2024_12_00am_PDT.csv
7/26/24,12:13:10 PM,7/26/24,12:24:45 PM,7,p,,"12530 Totem Lake Blvd NE, Kirkland, WA 98034, USA","22110 17th Ave SE, Bothell, WA 98021, USA",2013 Toyota Prius (New),business_personal_trip_log_07_26_2024_12_00am_PDT-07_27_2024_12_00am_PDT.csv
7/26/24,12:28:14 PM,7/26/24,12:39:54 PM,3.09,p,,"22110 17th Ave SE, Bothell, WA 98021, USA","20019 6 W, Lynnwood, WA 98036, USA",2013 Toyota Prius (New),business_personal_trip_log_07_26_2024_12_00am_PDT-07_27_2024_12_00am_PDT.csv
7/26/24,2:42:57 PM,7/26/24,3:36:14 PM,19,b,,"20019 6 W, Lynnwood, WA 98036, USA","13417 Lake Rd, Lynnwood, WA 98087, USA",2013 Toyota Prius (New),business_personal_trip_log_07_26_2024_12_00am_PDT-07_27_2024_12_00am_PDT.csv
7/26/24,3:38:14 PM,7/26/24,3:48:05 PM,3.04,b,,"WA 525, Lynnwood, WA 98087, USA","3216 184th St SW, Lynnwood, WA 98037, USA",2013 Toyota Prius (New),business_personal_trip_log_07_26_2024_12_00am_PDT-07_27_2024_12_00am_PDT.csv
7/26/24,3:50:10 PM,7/26/24,3:56:20 PM,1,b,,"3216 184th St SW, Lynnwood, WA 98037, USA","17902 30th Pl W, Lynnwood, WA 98037, USA",2013 Toyota Prius (New),business_personal_trip_log_07_26_2024_12_00am_PDT-07_27_2024_12_00am_PDT.csv
7/26/24,3:59:13 PM,7/26/24,4:09:20 PM,3,b,,"17955 Alderwood Mall Pkwy, Lynnwood, WA 98037, USA","12909 Mukilteo Speedway, Lynnwood, WA 98087, USA",2013 Toyota Prius (New),business_personal_trip_log_07_26_2024_12_00am_PDT-07_27_2024_12_00am_PDT.csv
7/26/24,4:12:20 PM,7/26/24,4:46:20 PM,8,b,,"12721 Mukilteo Speedway, Lynnwood, WA 98087, USA","311 Trenton Pl, Everett, WA 98208, USA",2013 Toyota Prius (New),business_personal_trip_log_07_26_2024_12_00am_PDT-07_27_2024_12_00am_PDT.csv
7/26/24,4:49:14 PM,7/26/24,4:57:22 PM,3,b,,"312 Trenton Pl, Everett, WA 98208, USA","3220 100th St SW, Everett, WA 98204, USA",2013 Toyota Prius (New),business_personal_trip_log_07_26_2024_12_00am_PDT-07_27_2024_12_00am_PDT.csv
7/26/24,5:20:51 PM,7/26/24,5:39:46 PM,5,b,,"3220 100th St SW, Everett, WA 98204, USA","118 SE Everett Mall Way, Everett, WA 98208, USA",2013 Toyota Prius (New),business_personal_trip_log_07_26_2024_12_00am_PDT-07_27_2024_12_00am_PDT.csv
7/26/24,5:42:25 PM,7/26/24,6:30:44 PM,14.03,p,,"118 SE Everett Mall Way, Everett, WA 98208, USA","9330 State Ave, Marysville, WA 98270, USA",2013 Toyota Prius (New),business_personal_trip_log_07_26_2024_12_00am_PDT-07_27_2024_12_00am_PDT.csv
7/26/24,7:24:55 PM,7/26/24,7:31:18 PM,3,p,,"9330 State Ave, Marysville, WA 98270, USA","9804 79th Dr NE, Marysville, WA 98270, USA",2013 Toyota Prius (New),business_personal_trip_log_07_26_2024_12_00am_PDT-07_27_2024_12_00am_PDT.csv
7/28/24,10:47:42 AM,7/28/24,11:03:03 AM,5,p,,"9804 79th Dr NE, Marysville, WA 98270, USA","6323 33rd Ave NE, Tulalip, WA 98271, USA",2013 Toyota Prius (New),business_personal_trip_log_07_28_2024_12_00am_PDT-07_29_2024_12_00am_PDT.csv
7/28/24,11:06:38 AM,7/28/24,11:07:37 AM,0,p,,"6323 33rd Ave NE, Tulalip, WA 98271, USA","6323 33rd Ave NE, Tulalip, WA 98271, USA",2013 Toyota Prius (New),business_personal_trip_log_07_28_2024_12_00am_PDT-07_29_2024_12_00am_PDT.csv
7/28/24,11:09:39 AM,7/28/24,11:16:22 AM,3.01,p,,"6323 33rd Ave NE, Tulalip, WA 98271, USA","4929 2nd Ave NE, Tulalip, WA 98271, USA",2013 Toyota Prius (New),business_personal_trip_log_07_28_2024_12_00am_PDT-07_29_2024_12_00am_PDT.csv
7/28/24,5:29:00 PM,7/28/24,5:34:16 PM,2,p,,"4929 2nd Ave NE, Tulalip, WA 98271, USA","3102 Marine Dr NE, Marysville, WA 98271, USA",2013 Toyota Prius (New),business_personal_trip_log_07_28_2024_12_00am_PDT-07_29_2024_12_00am_PDT.csv
7/28/24,5:36:16 PM,7/28/24,5:57:14 PM,16,p,,"3323 Marine Dr NE, Tulalip, WA 98271, USA","16304 Motor Pl, Lynnwood, WA 98087, USA",2013 Toyota Prius (New),business_personal_trip_log_07_28_2024_12_00am_PDT-07_29_2024_12_00am_PDT.csv
7/28/24,5:59:14 PM,7/28/24,5:59:14 PM,0,p,,"1010 164th St SW, Lynnwood, WA 98087, USA","1010 164th St SW, Lynnwood, WA 98087, USA",2013 Toyota Prius (New),business_personal_trip_log_07_28_2024_12_00am_PDT-07_29_2024_12_00am_PDT.csv
7/28/24,6:00:14 PM,7/28/24,6:06:52 PM,3.01,p,,"16406 7th Pl W, Lynnwood, WA 98037, USA","20019 6 W, Lynnwood, WA 98036, USA",2013 Toyota Prius (New),business_personal_trip_log_07_28_2024_12_00am_PDT-07_29_2024_12_00am_PDT.csv
7/29/24,8:34:21 AM,7/29/24,8:51:11 AM,8.01,p,,"20019 6 W, Lynnwood, WA 98036, USA","10601 47th Pl W, Mukilteo, WA 98275, USA",2013 Toyota Prius (New),business_personal_trip_log_07_29_2024_12_00am_PDT-07_30_2024_12_00am_PDT.csv
7/29/24,11:17:31 AM,7/29/24,12:26:22 PM,27,b,,"10601 47th Pl W, Mukilteo, WA 98275, USA","20002 Aurora Ave N, Seattle, WA 98133, USA",2013 Toyota Prius (New),business_personal_trip_log_07_29_2024_12_00am_PDT-07_30_2024_12_00am_PDT.csv
7/29/24,1:24:24 PM,7/29/24,1:57:51 PM,12.09,b,,"1175 N 205th St, Shoreline, WA 98133, USA","20019 6 W, Lynnwood, WA 98036, USA",2013 Toyota Prius (New),business_personal_trip_log_07_29_2024_12_00am_PDT-07_30_2024_12_00am_PDT.csv
7/29/24,2:53:07 PM,7/29/24,3:22:20 PM,17.01,b,,"20019 6 W, Lynnwood, WA 98036, USA","203 116th Ave NE, Bellevue, WA 98004, USA",2013 Toyota Prius (New),business_personal_trip_log_07_29_2024_12_00am_PDT-07_30_2024_12_00am_PDT.csv
7/29/24,3:54:39 PM,7/29/24,3:55:14 PM,0,b,,"203 116th Ave NE, Bellevue, WA 98004, USA","11408 NE 2nd Pl, Bellevue, WA 98004, USA",2013 Toyota Prius (New),business_personal_trip_log_07_29_2024_12_00am_PDT-07_30_2024_12_00am_PDT.csv
7/29/24,4:08:48 PM,7/29/24,5:26:05 PM,36.01,b,,"11408 NE-2 Pl, Bellevue, WA 98004, USA","2221 120th Ave NE, Bellevue, WA 98005, USA",2013 Toyota Prius (New),business_personal_trip_log_07_29_2024_12_00am_PDT-07_30_2024_12_00am_PDT.csv
7/29/24,5:43:36 PM,7/29/24,5:48:08 PM,1,b,,"2221 120th Ave NE, Bellevue, WA 98005, USA","2913 129th Ave NE, Bellevue, WA 98005, USA",2013 Toyota Prius (New),business_personal_trip_log_07_29_2024_12_00am_PDT-07_30_2024_12_00am_PDT.csv
7/29/24,5:51:50 PM,7/29/24,5:57:43 PM,2,b,,"2913 129th Ave NE, Bellevue, WA 98005, USA","1414 116th Ave NE, Bellevue, WA 98004, USA",2013 Toyota Prius (New),business_personal_trip_log_07_29_2024_12_00am_PDT-07_30_2024_12_00am_PDT.csv
7/29/24,5:59:43 PM,7/29/24,5:59:43 PM,0,b,,"1031 116th Ave NE, Bellevue, WA 98004, USA","1031 116th Ave NE, Bellevue, WA 98004, USA",2013 Toyota Prius (New),business_personal_trip_log_07_29_2024_12_00am_PDT-07_30_2024_12_00am_PDT.csv
7/29/24,6:00:43 PM,7/29/24,6:06:56 PM,2,b,,"785 116th Ave NE, Bellevue, WA 98004, USA","12 105th Ave NE, Bellevue, WA 98004, USA",2013 Toyota Prius (New),business_personal_trip_log_07_29_2024_12_00am_PDT-07_30_2024_12_00am_PDT.csv
7/29/24,6:09:47 PM,7/29/24,6:11:36 PM,0,b,,"12 105th Ave NE, Bellevue, WA 98004, USA","11017 NE-2 Pl, Bellevue, WA 98004, USA",2013 Toyota Prius (New),business_personal_trip_log_07_29_2024_12_00am_PDT-07_30_2024_12_00am_PDT.csv
7/29/24,6:13:53 PM,7/29/24,6:44:21 PM,19.01,b,,"10900 NE 4th St, Bellevue, WA 98004, USA","16304 Bothell Everett Hwy, Mill Creek, WA 98012, USA",2013 Toyota Prius (New),business_personal_trip_log_07_29_2024_12_00am_PDT-07_30_2024_12_00am_PDT.csv
7/29/24,6:50:41 PM,7/29/24,6:59:53 PM,3.1,p,,"16232 Bothell Everett Hwy, Mill Creek, WA 98012, USA","20019 6 W, Lynnwood, WA 98036, USA",2013 Toyota Prius (New),business_personal_trip_log_07_29_2024_12_00am_PDT-07_30_2024_12_00am_PDT.csv
7/30/24,1:19:42 PM,7/30/24,1:30:16 PM,4,p,,"20019 6 W, Lynnwood, WA 98036, USA","22400 17th Ave SE, Bothell, WA 98021, USA",2013 Toyota Prius (New),business_personal_trip_log_07_30_2024_12_00am_PDT-07_31_2024_12_00am_PDT.csv
7/30/24,1:32:16 PM,7/30/24,2:10:37 PM,25.02,p,,"22703 Bothell Everett Hwy, Bothell, WA 98021, USA","4040 Maple Valley Hwy, Renton, WA 98058, USA",2013 Toyota Prius (New),business_personal_trip_log_07_30_2024_12_00am_PDT-07_31_2024_12_00am_PDT.csv
7/30/24,7:39:55 PM,7/30/24,7:40:35 PM,0.06,p,,"4040 Maple Valley Hwy, Renton, WA 98058, USA","4050 Maple Valley Hwy, Renton, WA 98058, USA",2013 Toyota Prius (New),business_personal_trip_log_07_30_2024_12_00am_PDT-07_31_2024_12_00am_PDT.csv
7/30/24,8:29:07 PM,7/30/24,8:48:23 PM,17.02,p,,"4050 Maple Valley Hwy, Renton, WA 98058, USA","I-405, Kirkland, WA 98033, USA",2013 Toyota Prius (New),business_personal_trip_log_07_30_2024_12_00am_PDT-07_31_2024_12_00am_PDT.csv
7/30/24,8:51:12 PM,7/30/24,9:11:12 PM,13,p,,"I-405, Kirkland, WA 98033, USA","20019 6 W, Lynnwood, WA 98036, USA",2013 Toyota Prius (New),business_personal_trip_log_07_30_2024_12_00am_PDT-07_31_2024_12_00am_PDT.csv
7/31/24,10:30:31 AM,7/31/24,10:45:12 AM,6.02,p,,"726 200th Pl SW, Lynnwood, WA 98036, USA","10130 W Riverside Dr, Bothell, WA 98011, USA",2013 Toyota Prius (New),business_personal_trip_log_07_31_2024_12_00am_PDT-08_01_2024_12_00am_PDT.csv
7/31/24,10:54:43 AM,7/31/24,11:06:57 AM,5,p,,"10130 W Riverside Dr, Bothell, WA 98011, USA","20617 Bothell Everett Hwy, Bothell, WA 98012, USA",2013 Toyota Prius (New),business_personal_trip_log_07_31_2024_12_00am_PDT-08_01_2024_12_00am_PDT.csv
7/31/24,11:21:41 AM,7/31/24,11:33:13 AM,3,p,,"20611 Bothell Everett Hwy, Bothell, WA 98012, USA","16101 Bothell Everett Hwy, Mill Creek, WA 98012, USA",2013 Toyota Prius (New),business_personal_trip_log_07_31_2024_12_00am_PDT-08_01_2024_12_00am_PDT.csv
7/31/24,11:36:59 AM,7/31/24,12:06:34 PM,6,p,,"16101 Bothell Everett Hwy, Mill Creek, WA 98012, USA","16330 Bothell Everett Hwy, Mill Creek, WA 98012, USA",2013 Toyota Prius (New),business_personal_trip_log_07_31_2024_12_00am_PDT-08_01_2024_12_00am_PDT.csv
7/31/24,12:12:10 PM,7/31/24,12:14:09 PM,0,p,,"16330 Bothell Everett Hwy, Mill Creek, WA 98012, USA","16330 Bothell Everett Hwy, Mill Creek, WA 98012, USA",2013 Toyota Prius (New),business_personal_trip_log_07_31_2024_12_00am_PDT-08_01_2024_12_00am_PDT.csv
7/31/24,12:37:14 PM,7/31/24,12:46:13 PM,4.1,p,,"16330 Bothell Everett Hwy, Mill Creek, WA 98012, USA","20019 6th Pl W, Lynnwood, WA 98036, USA",2013 Toyota Prius (New),business_personal_trip_log_07_31_2024_12_00am_PDT-08_01_2024_12_00am_PDT.csv
7/31/24,5:07:36 PM,7/31/24,5:19:30 PM,3,p,,"20019 6 W, Lynnwood, WA 98036, USA","1306 228th St SE, Bothell, WA 98021, USA",2013 Toyota Prius (New),business_personal_trip_log_07_31_2024_12_00am_PDT-08_01_2024_12_00am_PDT.csv
7/31/24,5:22:34 PM,7/31/24,5:23:42 PM,0,p,,"1306 228th St SE, Bothell, WA 98021, USA","1220 228th St SE, Bothell, WA 98021, USA",2013 Toyota Prius (New),business_personal_trip_log_07_31_2024_12_00am_PDT-08_01_2024_12_00am_PDT.csv
7/31/24,5:27:30 PM,7/31/24,5:33:19 PM,0,p,,"1220 228th St SE, Bothell, WA 98021, USA","1220 228th St SE, Bothell, WA 98021, USA",2013 Toyota Prius (New),business_personal_trip_log_07_31_2024_12_00am_PDT-08_01_2024_12_00am_PDT.csv
7/31/24,5:40:25 PM,7/31/24,5:43:44 PM,1,p,,"1220 228th St SE, Bothell, WA 98021, USA","2122 228th St SE, Bothell, WA 98021, USA",2013 Toyota Prius (New),business_personal_trip_log_07_31_2024_12_00am_PDT-08_01_2024_12_00am_PDT.csv
7/31/24,5:45:44 PM,7/31/24,5:45:44 PM,0,p,,"2626 228th St SE, Bothell, WA 98021, USA","2626 228th St SE, Bothell, WA 98021, USA",2013 Toyota Prius (New),business_personal_trip_log_07_31_2024_12_00am_PDT-08_01_2024_12_00am_PDT.csv
7/31/24,5:45:53 PM,7/31/24,5:59:35 PM,4.01,p,,"2626 228th St SE, Bothell, WA 98021, USA","17330 135th Ave NE, Woodinville, WA 98072, USA",2013 Toyota Prius (New),business_personal_trip_log_07_31_2024_12_00am_PDT-08_01_2024_12_00am_PDT.csv
7/31/24,8:32:45 PM,7/31/24,8:34:44 PM,1,p,,"17320 135th Ave NE, Woodinville, WA 98072, USA","17301 133rd Ave NE, Woodinville, WA 98072, USA",2013 Toyota Prius (New),business_personal_trip_log_07_31_2024_12_00am_PDT-08_01_2024_12_00am_PDT.csv
7/31/24,8:41:37 PM,7/31/24,8:58:53 PM,7.08,p,,"17301 133rd Ave NE, Woodinville, WA 98072, USA","20019 6 W, Lynnwood, WA 98036, USA",2013 Toyota Prius (New),business_personal_trip_log_07_31_2024_12_00am_PDT-08_01_2024_12_00am_PDT.csv
8/1/24,12:30:23 PM,8/1/24,1:03:21 PM,16.01,p,,"20019 6 W, Lynnwood, WA 98036, USA","203 116th Ave NE, Bellevue, WA 98004, USA",2013 Toyota Prius (New),business_personal_trip_log_08_01_2024_12_00am_PDT-08_02_2024_12_00am_PDT.csv
8/1/24,3:05:55 PM,8/1/24,3:19:12 PM,5,p,,"203 116th Ave NE, Bellevue, WA 98004, USA","8629 120th Ave NE, Kirkland, WA 98033, USA",2013 Toyota Prius (New),business_personal_trip_log_08_01_2024_12_00am_PDT-08_02_2024_12_00am_PDT.csv
8/1/24,3:50:23 PM,8/1/24,4:22:06 PM,13.09,p,,"8629 120th Ave NE, Kirkland, WA 98033, USA","20019 6 W, Lynnwood, WA 98036, USA",2013 Toyota Prius (New),business_personal_trip_log_08_01_2024_12_00am_PDT-08_02_2024_12_00am_PDT.csv
8/2/24,10:25:16 AM,8/2/24,10:39:54 AM,6,p,,"20019 6 W, Lynnwood, WA 98036, USA","7116 220th St SW, Mountlake Terrace, WA 98043, USA",2013 Toyota Prius (New),business_personal_trip_log_08_02_2024_12_00am_PDT-08_03_2024_12_00am_PDT.csv
8/2/24,10:42:54 AM,8/2/24,10:53:55 AM,4.01,p,,"7512 220th St SW, Edmonds, WA 98026, USA","264 Railroad Ave, Edmonds, WA 98020, USA",2013 Toyota Prius (New),business_personal_trip_log_08_02_2024_12_00am_PDT-08_03_2024_12_00am_PDT.csv
8/2/24,3:14:28 PM,8/2/24,3:24:54 PM,3,p,,"305 Admiral Way, Edmonds, WA 98020, USA","7009 212th St SW, Edmonds, WA 98026, USA",2013 Toyota Prius (New),business_personal_trip_log_08_02_2024_12_00am_PDT-08_03_2024_12_00am_PDT.csv
8/2/24,3:26:54 PM,8/2/24,3:38:32 PM,6.1,p,,"6520 212th St SW, Lynnwood, WA 98036, USA","20019 6 W, Lynnwood, WA 98036, USA",2013 Toyota Prius (New),business_personal_trip_log_08_02_2024_12_00am_PDT-08_03_2024_12_00am_PDT.csv
8/2/24,6:31:53 PM,8/2/24,6:32:28 PM,0.01,p,,"20019 6 W, Lynnwood, WA 98036, USA","20106 6th Pl W, Lynnwood, WA 98036, USA",2013 Toyota Prius (New),business_personal_trip_log_08_02_2024_12_00am_PDT-08_03_2024_12_00am_PDT.csv
8/3/24,11:06:50 PM,8/3/24,11:07:49 PM,0,p,,"20031 6 W, Lynnwood, WA 98036, USA","20019 6th Pl W, Lynnwood, WA 98036, USA",2013 Toyota Prius (New),business_personal_trip_log_08_03_2024_12_00am_PDT-08_04_2024_12_00am_PDT.csv
8/4/24,11:56:11 AM,8/4/24,12:07:06 PM,3,p,,"20019 6 W, Lynnwood, WA 98036, USA","18133 33rd Ave W, Lynnwood, WA 98037, USA",2013 Toyota Prius (New),business_personal_trip_log_08_04_2024_12_00am_PDT-08_05_2024_12_00am_PDT.csv
8/4/24,12:33:00 PM,8/4/24,12:34:40 PM,1,p,,"18133 33rd Ave W, Lynnwood, WA 98037, USA","2915 184th St SW, Lynnwood, WA 98037, USA",2013 Toyota Prius (New),business_personal_trip_log_08_04_2024_12_00am_PDT-08_05_2024_12_00am_PDT.csv
8/4/24,12:58:27 PM,8/4/24,1:03:59 PM,1,p,,"2901 184th St SW, Lynnwood, WA 98037, USA","2800 196th St SW, Lynnwood, WA 98036, USA",2013 Toyota Prius (New),business_personal_trip_log_08_04_2024_12_00am_PDT-08_05_2024_12_00am_PDT.csv
8/4/24,1:07:18 PM,8/4/24,1:13:48 PM,3.1,p,,"2800 196th St SW, Lynnwood, WA 98036, USA","20019 6 W, Lynnwood, WA 98036, USA",2013 Toyota Prius (New),business_personal_trip_log_08_04_2024_12_00am_PDT-08_05_2024_12_00am_PDT.csv
8/4/24,2:56:47 PM,8/4/24,3:17:55 PM,11.02,p,,"20019 6 W, Lynnwood, WA 98036, USA","2208 W Casino Rd, Everett, WA 98204, USA",2013 Toyota Prius (New),business_personal_trip_log_08_04_2024_12_00am_PDT-08_05_2024_12_00am_PDT.csv
8/4/24,3:29:07 PM,8/4/24,3:53:15 PM,10,b,,"2208 W Casino Rd, Everett, WA 98204, USA","3220 100th St SW, Everett, WA 98204, USA",2013 Toyota Prius (New),business_personal_trip_log_08_04_2024_12_00am_PDT-08_05_2024_12_00am_PDT.csv
8/4/24,4:08:18 PM,8/4/24,4:32:13 PM,7,b,,"3220 100th St SW, Everett, WA 98204, USA","9502 19th Ave SE Ste. A, Everett, WA 98208, USA",2013 Toyota Prius (New),business_personal_trip_log_08_04_2024_12_00am_PDT-08_05_2024_12_00am_PDT.csv
8/4/24,4:36:36 PM,8/4/24,5:19:46 PM,22.1,p,,"9502 19th Ave SE Ste. A, Everett, WA 98208, USA","20019 6 W, Lynnwood, WA 98036, USA",2013 Toyota Prius (New),business_personal_trip_log_08_04_2024_12_00am_PDT-08_05_2024_12_00am_PDT.csv
8/5/24,8:43:37 AM,8/5/24,8:50:59 AM,3,p,,"20012 6th Pl W, Lynnwood, WA 98036, USA","19505 24 W, Lynnwood, WA 98036, USA",2013 Toyota Prius (New),business_personal_trip_log_08_05_2024_12_00am_PDT-08_06_2024_12_00am_PDT.csv
8/5/24,9:05:58 AM,8/5/24,9:19:53 AM,4.03,p,,"19505 24 W, Lynnwood, WA 98036, USA","21706 66th Ave W, Mountlake Terrace, WA 98043, USA",2013 Toyota Prius (New),business_personal_trip_log_08_05_2024_12_00am_PDT-08_06_2024_12_00am_PDT.csv
8/5/24,9:52:34 AM,8/5/24,10:06:39 AM,6.1,p,,"21706 66th Ave W, Mountlake Terrace, WA 98043, USA","20019 6 W, Lynnwood, WA 98036, USA",2013 Toyota Prius (New),business_personal_trip_log_08_05_2024_12_00am_PDT-08_06_2024_12_00am_PDT.csv
8/5/24,2:07:56 PM,8/5/24,2:21:22 PM,3,p,,"20012 6 W, Lynnwood, WA 98036, USA","2701 184th St SW, Lynnwood, WA 98037, USA",2013 Toyota Prius (New),business_personal_trip_log_08_05_2024_12_00am_PDT-08_06_2024_12_00am_PDT.csv
8/5/24,3:03:39 PM,8/5/24,3:07:48 PM,1,p,,"2901 184th St SW, Lynnwood, WA 98037, USA","18109 33 W, Lynnwood, WA 98037, USA",2013 Toyota Prius (New),business_personal_trip_log_08_05_2024_12_00am_PDT-08_06_2024_12_00am_PDT.csv
8/5/24,3:38:54 PM,8/5/24,3:46:28 PM,2,p,,"18109 33 W, Lynnwood, WA 98037, USA","17531 Highway 99, Lynnwood, WA 98037, USA",2013 Toyota Prius (New),business_personal_trip_log_08_05_2024_12_00am_PDT-08_06_2024_12_00am_PDT.csv
8/5/24,4:07:17 PM,8/5/24,4:09:43 PM,0,p,,"17531 Highway 99, Lynnwood, WA 98037, USA","17222 Highway 99, Lynnwood, WA 98037, USA",2013 Toyota Prius (New),business_personal_trip_log_08_05_2024_12_00am_PDT-08_06_2024_12_00am_PDT.csv
8/5/24,5:22:38 PM,8/5/24,5:28:44 PM,1,p,,"17222 Highway 99, Lynnwood, WA 98037, USA","19201 Highway 99, Lynnwood, WA 98036, USA",2013 Toyota Prius (New),business_personal_trip_log_08_05_2024_12_00am_PDT-08_06_2024_12_00am_PDT.csv
8/5/24,5:36:03 PM,8/5/24,5:39:07 PM,1,p,,"19201 Highway 99, Lynnwood, WA 98036, USA","4526 188th St SW, Lynnwood, WA 98037, USA",2013 Toyota Prius (New),business_personal_trip_log_08_05_2024_12_00am_PDT-08_06_2024_12_00am_PDT.csv
8/5/24,5:42:07 PM,8/5/24,5:45:04 PM,1.14,p,,"18800 44th Ave W, Lynnwood, WA 98036, USA","4114 198th St SW, Lynnwood, WA 98036, USA",2013 Toyota Prius (New),business_personal_trip_log_08_05_2024_12_00am_PDT-08_06_2024_12_00am_PDT.csv
8/5/24,6:57:56 PM,8/5/24,7:04:13 PM,2.01,p,,"19630 40th Ave W, Lynnwood, WA 98036, USA","18317 Alderwood Mall Pkwy, Lynnwood, WA 98037, USA",2013 Toyota Prius (New),business_personal_trip_log_08_05_2024_12_00am_PDT-08_06_2024_12_00am_PDT.csv
8/5/24,7:19:08 PM,8/5/24,7:24:30 PM,2.01,p,,"18317 Alderwood Mall Pkwy, Lynnwood, WA 98037, USA","4201 198th St SW, Lynnwood, WA 98036, USA",2013 Toyota Prius (New),business_personal_trip_log_08_05_2024_12_00am_PDT-08_06_2024_12_00am_PDT.csv
8/5/24,7:28:26 PM,8/5/24,7:29:26 PM,0,p,,"4201 198th St SW, Lynnwood, WA 98036, USA","4309 198th St SW, Lynnwood, WA 98036, USA",2013 Toyota Prius (New),business_personal_trip_log_08_05_2024_12_00am_PDT-08_06_2024_12_00am_PDT.csv
8/5/24,7:33:46 PM,8/5/24,7:42:52 PM,4.09,p,,"4309 198th St SW, Lynnwood, WA 98036, USA","20019 6th Pl W, Lynnwood, WA 98036, USA",2013 Toyota Prius (New),business_personal_trip_log_08_05_2024_12_00am_PDT-08_06_2024_12_00am_PDT.csv
8/6/24,1:52:45 PM,8/6/24,2:00:54 PM,3.04,,,"20019 6 W, Lynnwood, WA 98036, USA","18109 33 W, Lynnwood, WA 98037, USA",2013 Toyota Prius (New),business_personal_trip_log_08_06_2024_12_00am_PDT-08_07_2024_12_00am_PDT.csv
8/6/24,2:49:01 PM,8/6/24,2:58:46 PM,3.1,,,"18109 33 W, Lynnwood, WA 98037, USA","20019 6 W, Lynnwood, WA 98036, USA",2013 Toyota Prius (New),business_personal_trip_log_08_06_2024_12_00am_PDT-08_07_2024_12_00am_PDT.csv
8/6/24,3:15:33 PM,8/6/24,3:16:32 PM,0,,,"20019 6 W, Lynnwood, WA 98036, USA","20025 6 W, Lynnwood, WA 98036, USA",2013 Toyota Prius (New),business_personal_trip_log_08_06_2024_12_00am_PDT-08_07_2024_12_00am_PDT.csv
8/6/24,8:39:43 PM,8/6/24,8:48:56 PM,4.01,,,"20019 6 W, Lynnwood, WA 98036, USA","16304 Bothell Everett Hwy, Mill Creek, WA 98012, USA",2013 Toyota Prius (New),business_personal_trip_log_08_06_2024_12_00am_PDT-08_07_2024_12_00am_PDT.csv
8/6/24,8:54:34 PM,8/6/24,9:02:20 PM,3.1,,,"16232 Bothell Everett Hwy, Mill Creek, WA 98012, USA","20019 6 W, Lynnwood, WA 98036, USA",2013 Toyota Prius (New),business_personal_trip_log_08_06_2024_12_00am_PDT-08_07_2024_12_00am_PDT.csv
8/10/24,8:43:05 AM,8/10/24,9:15:01 AM,1.72,p,,"536 Point Brown Ave NE, Ocean Shores, WA 98569, USA","516 Point Brown Ave NE, Ocean Shores, WA 98569, USA",2021 Tesla Model 3,business_personal_trip_log_08_10_2024_12_00am_PDT-08_11_2024_12_00am_PDT.csv
8/10/24,10:05:34 AM,8/10/24,10:10:55 AM,1.77,p,,"549 Pt Brown Ave, Ocean Shores, WA 98569, USA","516 Point Brown Ave NE, Ocean Shores, WA 98569, USA",2021 Tesla Model 3,business_personal_trip_log_08_10_2024_12_00am_PDT-08_11_2024_12_00am_PDT.csv
8/12/24,9:12:36 AM,8/12/24,9:15:57 AM,1.64,p,,"101 Albatross St NW, Ocean Shores, WA 98569, USA","516 Point Brown Ave NE, Ocean Shores, WA 98569, USA",2021 Tesla Model 3,business_personal_trip_log_08_12_2024_12_00am_PDT-08_13_2024_12_00am_PDT.csv
8/12/24,10:46:21 AM,8/12/24,11:20:52 AM,1.69,p,,"516 Point Brown Ave NE, Ocean Shores, WA 98569, USA","516 Point Brown Ave NE, Ocean Shores, WA 98569, USA",2021 Tesla Model 3,business_personal_trip_log_08_12_2024_12_00am_PDT-08_13_2024_12_00am_PDT.csv
8/13/24,6:21:51 PM,8/13/24,6:32:09 PM,4.02,p,,"20011 Damson Rd, Lynnwood, WA 98036, USA","2901 184th St SW, Lynnwood, WA 98037, USA",2013 Toyota Prius (New),business_personal_trip_log_08_13_2024_12_00am_PDT-08_14_2024_12_00am_PDT.csv
8/13/24,6:43:10 PM,8/13/24,6:45:25 PM,0.01,p,,"2901 184th St SW, Lynnwood, WA 98037, USA","18317 Alderwood Mall Pkwy, Lynnwood, WA 98037, USA",2013 Toyota Prius (New),business_personal_trip_log_08_13_2024_12_00am_PDT-08_14_2024_12_00am_PDT.csv
8/13/24,7:08:31 PM,8/13/24,7:16:40 PM,4.06,p,,"18317 Alderwood Mall Pkwy, Lynnwood, WA 98037, USA","20025 6 W, Lynnwood, WA 98036, USA",2013 Toyota Prius (New),business_personal_trip_log_08_13_2024_12_00am_PDT-08_14_2024_12_00am_PDT.csv
8/13/24,7:19:34 PM,8/13/24,7:20:33 PM,0,p,,"20025 6 W, Lynnwood, WA 98036, USA","20025 6 W, Lynnwood, WA 98036, USA",2013 Toyota Prius (New),business_personal_trip_log_08_13_2024_12_00am_PDT-08_14_2024_12_00am_PDT.csv
8/13/24,10:20:31 AM,8/13/24,10:26:48 AM,1.18,p,,"516 Point Brown Ave NE, Ocean Shores, WA 98569, USA","798 Ocean Shores Blvd, Ocean Shores, WA 98569, USA",2021 Tesla Model 3,business_personal_trip_log_08_13_2024_12_00am_PDT-08_14_2024_12_00am_PDT.csv
8/13/24,11:25:20 AM,8/13/24,11:33:34 AM,3.07,p,,"798 Ocean Shores Blvd, Ocean Shores, WA 98569, USA","2275 State Rte 109, Hoquiam, WA 98550, USA",2021 Tesla Model 3,business_personal_trip_log_08_13_2024_12_00am_PDT-08_14_2024_12_00am_PDT.csv
8/13/24,11:38:45 AM,8/13/24,12:41:43 PM,45.1,p,,"2275 State Rte 109, Hoquiam, WA 98550, USA","300 State Rte 8, Elma, WA 98541, USA",2021 Tesla Model 3,business_personal_trip_log_08_13_2024_12_00am_PDT-08_14_2024_12_00am_PDT.csv
8/13/24,12:45:27 PM,8/13/24,1:52:55 PM,60.18,p,,Unknown,"36801 Milton Rd S, Federal Way, WA 98003, USA",2021 Tesla Model 3,business_personal_trip_log_08_13_2024_12_00am_PDT-08_14_2024_12_00am_PDT.csv
8/13/24,1:56:59 PM,8/13/24,2:55:20 PM,43.17,p,,"36801 Milton Rd S, Federal Way, WA 98003, USA","20019 6 W, Lynnwood, WA 98036, USA",2021 Tesla Model 3,business_personal_trip_log_08_13_2024_12_00am_PDT-08_14_2024_12_00am_PDT.csv
8/13/24,8:46:25 PM,8/13/24,8:51:05 PM,1.38,p,,"20019 6 W, Lynnwood, WA 98036, USA","20019 6 W, Lynnwood, WA 98036, USA",2021 Tesla Model 3,business_personal_trip_log_08_13_2024_12_00am_PDT-08_14_2024_12_00am_PDT.csv
8/14/24,11:11:34 AM,8/14/24,11:29:24 AM,7.09,b,,"20019 6 W, Lynnwood, WA 98036, USA","20019 6 W, Lynnwood, WA 98036, USA",2013 Toyota Prius (New),business_personal_trip_log_08_14_2024_15_00am_PDT-08_14_2024_12_00am_PDT.csv
8/14/24,12:06:34 PM,8/14/24,12:32:08 PM,10,b,,"20019 6 W, Lynnwood, WA 98036, USA","10006 Evergreen Way, Everett, WA 98204, USA",2013 Toyota Prius (New),business_personal_trip_log_08_14_2024_15_00am_PDT-08_14_2024_12_00am_PDT.csv
8/14/24,12:34:08 PM,8/14/24,12:36:47 PM,0,b,,"10006 Evergreen Way, Everett, WA 98204, USA","10115 Evergreen Way, Everett, WA 98204, USA",2013 Toyota Prius (New),business_personal_trip_log_08_14_2024_15_00am_PDT-08_14_2024_12_00am_PDT.csv
8/14/24,12:43:35 PM,8/14/24,1:03:55 PM,5,b,,"10115 Evergreen Way, Everett, WA 98204, USA","7920 Evergreen Way, Everett, WA 98203, USA",2013 Toyota Prius (New),business_personal_trip_log_08_14_2024_15_00am_PDT-08_14_2024_12_00am_PDT.csv
8/14/24,1:12:50 PM,8/14/24,1:46:25 PM,15,b,,"7920 Evergreen Way, Everett, WA 98203, USA","20019 6 W, Lynnwood, WA 98036, USA",2013 Toyota Prius (New),business_personal_trip_log_08_14_2024_15_00am_PDT-08_14_2024_12_00am_PDT.csv
8/14/24,3:49:26 PM,8/14/24,4:01:50 PM,4.03,b,,"20012 6th Pl W, Lynnwood, WA 98036, USA","18800 Alderwood Mall Pkwy, Lynnwood, WA 98037, USA",2013 Toyota Prius (New),business_personal_trip_log_08_14_2024_15_00am_PDT-08_14_2024_12_00am_PDT.csv
8/14/24,4:10:57 PM,8/14/24,4:24:56 PM,3,b,,"18800 Alderwood Mall Pkwy, Lynnwood, WA 98037, USA","1402 164th St SW, Lynnwood, WA 98087, USA",2013 Toyota Prius (New),business_personal_trip_log_08_14_2024_15_00am_PDT-08_14_2024_12_00am_PDT.csv
8/14/24,4:26:56 PM,8/14/24,4:27:56 PM,0,b,,"1232 164th St SW, Lynnwood, WA 98087, USA","1212 164th St SW, Lynnwood, WA 98087, USA",2013 Toyota Prius (New),business_personal_trip_log_08_14_2024_15_00am_PDT-08_14_2024_12_00am_PDT.csv
8/14/24,4:30:56 PM,8/14/24,4:31:56 PM,0,b,,"1000 164th St SW, Lynnwood, WA 98087, USA","806 164th St SW, Lynnwood, WA 98087, USA",2013 Toyota Prius (New),business_personal_trip_log_08_14_2024_15_00am_PDT-08_14_2024_12_00am_PDT.csv
8/14/24,4:33:56 PM,8/14/24,4:42:56 PM,2,b,,"430 164th St SW, Lynnwood, WA 98087, USA","19029 North Rd, Bothell, WA 98012, USA",2013 Toyota Prius (New),business_personal_trip_log_08_14_2024_15_00am_PDT-08_14_2024_12_00am_PDT.csv
8/14/24,4:53:47 PM,8/14/24,5:38:32 PM,14,b,,"19029 North Rd, Bothell, WA 98012, USA","19611 Alderwood Mall Pkwy, Lynnwood, WA 98036, USA",2013 Toyota Prius (New),business_personal_trip_log_08_14_2024_15_00am_PDT-08_14_2024_12_00am_PDT.csv
8/14/24,5:40:37 PM,8/14/24,6:34:26 PM,14.09,b,,"19401 Alderwood Mall Pkwy, Lynnwood, WA 98036, USA","20019 6th Pl W, Lynnwood, WA 98036, USA",2013 Toyota Prius (New),business_personal_trip_log_08_14_2024_15_00am_PDT-08_14_2024_12_00am_PDT.csv
8/14/24,9:32:16 AM,8/14/24,10:08:36 AM,16.47,p,,"717 200th Pl SW, Lynnwood, WA 98036, USA","203 116th Ave NE, Bellevue, WA 98004, USA",2021 Tesla Model 3,business_personal_trip_log_08_14_2024_15_00am_PDT-08_14_2024_12_00am_PDT.csv
8/14/24,12:49:31 PM,8/14/24,12:50:13 PM,0.06,p,,"11408 NE-2 Pl, Bellevue, WA 98004, USA","11405 NE-2 Pl, Bellevue, WA 98004, USA",2021 Tesla Model 3,business_personal_trip_log_08_14_2024_15_00am_PDT-08_14_2024_12_00am_PDT.csv
8/15/24,8:38:09 AM,8/15/24,8:57:56 AM,9,P,,"20019 6 W, Lynnwood, WA 98036, USA","10601 47th Pl W, Mukilteo, WA 98275, USA",2013 Toyota Prius (New),business_personal_trip_log_08_15_2024_15_00am_PDT-08_16_2024_12_00am_PDT.csv
8/15/24,11:06:25 AM,8/15/24,11:15:41 AM,5.02,B,,"4430 106th St SW, Mukilteo, WA 98275, USA","18110 Alderwood Mall Pkwy, Lynnwood, WA 98037, USA",2013 Toyota Prius (New),business_personal_trip_log_08_15_2024_15_00am_PDT-08_16_2024_12_00am_PDT.csv
8/15/24,11:23:50 AM,8/15/24,11:38:19 AM,3,B,,"18208 Alderwood Mall Pkwy, Lynnwood, WA 98037, USA","18606 Alderwood Mall Pkwy, Lynnwood, WA 98037, USA",2013 Toyota Prius (New),business_personal_trip_log_08_15_2024_15_00am_PDT-08_16_2024_12_00am_PDT.csv
8/15/24,11:53:10 AM,8/15/24,11:57:47 AM,0.02,B,,"18800 Alderwood Mall Pkwy, Lynnwood, WA 98037, USA","18133 33 W, Lynnwood, WA 98037, USA",2013 Toyota Prius (New),business_personal_trip_log_08_15_2024_15_00am_PDT-08_16_2024_12_00am_PDT.csv
8/15/24,12:00:06 PM,8/15/24,12:01:19 PM,0,B,,"18133 33rd Ave W, Lynnwood, WA 98037, USA","18133 33rd Ave W, Lynnwood, WA 98037, USA",2013 Toyota Prius (New),business_personal_trip_log_08_15_2024_15_00am_PDT-08_16_2024_12_00am_PDT.csv
8/15/24,12:05:23 PM,8/15/24,12:48:22 PM,15.06,B,,"18133 33rd Ave W, Lynnwood, WA 98037, USA","10200 1st Ave NE, Seattle, WA 98125, USA",2013 Toyota Prius (New),business_personal_trip_log_08_15_2024_15_00am_PDT-08_16_2024_12_00am_PDT.csv
8/15/24,1:06:58 PM,8/15/24,1:27:17 PM,12.01,B,,"10300 1st Ave NE, Seattle, WA 98125, USA","20019 6 W, Lynnwood, WA 98036, USA",2013 Toyota Prius (New),business_personal_trip_log_08_15_2024_15_00am_PDT-08_16_2024_12_00am_PDT.csv
8/15/24,2:15:17 PM,8/15/24,2:33:19 PM,5.03,B,,"20019 6 W, Lynnwood, WA 98036, USA","22027 17 SE, Bothell, WA 98021, USA",2013 Toyota Prius (New),business_personal_trip_log_08_15_2024_15_00am_PDT-08_16_2024_12_00am_PDT.csv
8/15/24,2:38:42 PM,8/15/24,3:43:41 PM,32,B,,"22027 17 SE, Bothell, WA 98021, USA","17225 Air Cargo Rd N, Seattle, WA 98158, USA",2013 Toyota Prius (New),business_personal_trip_log_08_15_2024_15_00am_PDT-08_16_2024_12_00am_PDT.csv
8/15/24,3:45:41 PM,8/15/24,3:49:10 PM,0.01,B,,"17400 International Blvd, Seattle, WA 98188, USA","17801 International Blvd, Seatac, WA 98158, USA",2013 Toyota Prius (New),business_personal_trip_log_08_15_2024_15_00am_PDT-08_16_2024_12_00am_PDT.csv
8/15/24,3:51:22 PM,8/15/24,3:54:16 PM,1,B,,"18000 International Blvd, Seatac, WA 98188, USA","17225 Air Cargo Rd N, Seattle, WA 98158, USA",2013 Toyota Prius (New),business_personal_trip_log_08_15_2024_15_00am_PDT-08_16_2024_12_00am_PDT.csv
8/15/24,3:58:40 PM,8/15/24,5:59:20 PM,54.05,B,,"17225 Air Cargo Rd N, Seattle, WA 98158, USA","10622 60th St NE, Lake Stevens, WA 98258, USA",2013 Toyota Prius (New),business_personal_trip_log_08_15_2024_15_00am_PDT-08_16_2024_12_00am_PDT.csv
8/15/24,9:09:49 PM,8/15/24,9:34:51 PM,20,P,,"10622 60th St NE, Lake Stevens, WA 98258, USA","1515 164th St SW, Lynnwood, WA 98087, USA",2013 Toyota Prius (New),business_personal_trip_log_08_15_2024_15_00am_PDT-08_16_2024_12_00am_PDT.csv
8/15/24,9:36:51 PM,8/15/24,9:43:27 PM,2.1,P,,"1010 164th St SW, Lynnwood, WA 98087, USA","20019 6 W, Lynnwood, WA 98036, USA",2013 Toyota Prius (New),business_personal_trip_log_08_15_2024_15_00am_PDT-08_16_2024_12_00am_PDT.csv
8/15/24,2:23:04 PM,8/15/24,2:37:18 PM,7.02,P,,"11408 NE-2 Pl, Bellevue, WA 98004, USA","11846 NE 112th St, Kirkland, WA 98033, USA",2021 Tesla Model 3,business_personal_trip_log_08_15_2024_15_00am_PDT-08_16_2024_12_00am_PDT.csv
8/15/24,2:44:08 PM,8/15/24,3:14:08 PM,0,P,,"11846 NE 112th St, Kirkland, WA 98033, USA","11846 NE 112th St, Kirkland, WA 98033, USA",2021 Tesla Model 3,business_personal_trip_log_08_15_2024_15_00am_PDT-08_16_2024_12_00am_PDT.csv
8/15/24,5:15:41 PM,8/15/24,5:16:11 PM,0,P,,"11846 NE 112th St, Kirkland, WA 98033, USA","11846 NE 112th St, Kirkland, WA 98033, USA",2021 Tesla Model 3,business_personal_trip_log_08_15_2024_15_00am_PDT-08_16_2024_12_00am_PDT.csv
8/16/24,9:00:13 AM,8/16/24,9:20:35 AM,12,p,,"20012 6 W, Lynnwood, WA 98036, USA","3802 Broadway, Everett, WA 98201, USA",2013 Toyota Prius (New),business_personal_trip_log_08_16_2024_15_00am_PDT-08_17_2024_12_00am_PDT.csv
8/16/24,9:28:40 AM,8/16/24,10:53:07 AM,65,p,,"3802 Broadway, Everett, WA 98201, USA","3330 S 23rd St, Tacoma, WA 98405, USA",2013 Toyota Prius (New),business_personal_trip_log_08_16_2024_15_00am_PDT-08_17_2024_12_00am_PDT.csv
8/16/24,11:33:00 AM,8/16/24,11:59:40 AM,18.01,p,,"2602 S Union Ave, Tacoma, WA 98405, USA","1250 SW Club House Ct, Port Orchard, WA 98367, USA",2013 Toyota Prius (New),business_personal_trip_log_08_16_2024_15_00am_PDT-08_17_2024_12_00am_PDT.csv
8/16/24,4:20:48 PM,8/16/24,4:35:48 PM,6,p,,"1250 SW Club House Ct, Port Orchard, WA 98367, USA","14203 Purdy Ln NW, Gig Harbor, WA 98332, USA",2013 Toyota Prius (New),business_personal_trip_log_08_16_2024_15_00am_PDT-08_17_2024_12_00am_PDT.csv
8/16/24,4:39:48 PM,8/16/24,4:49:03 PM,6,p,,"13112 Purdy Dr NW, Gig Harbor, WA 98332, USA","2925 Harborview Dr, Gig Harbor, WA 98335, USA",2013 Toyota Prius (New),business_personal_trip_log_08_16_2024_15_00am_PDT-08_17_2024_12_00am_PDT.csv
8/16/24,5:48:30 PM,8/16/24,6:07:50 PM,12,p,,"2925 Harborview Dr, Gig Harbor, WA 98335, USA","3330 S 23rd St, Tacoma, WA 98405, USA",2013 Toyota Prius (New),business_personal_trip_log_08_16_2024_15_00am_PDT-08_17_2024_12_00am_PDT.csv
8/16/24,6:22:42 PM,8/16/24,7:10:23 PM,42.06,p,,"3330 S 23rd St, Tacoma, WA 98405, USA","8629 120th Ave NE, Kirkland, WA 98033, USA",2013 Toyota Prius (New),business_personal_trip_log_08_16_2024_15_00am_PDT-08_17_2024_12_00am_PDT.csv
8/16/24,7:32:27 PM,8/16/24,7:34:11 PM,0.01,p,,"8629 120th Ave NE, Kirkland, WA 98033, USA","I-405, Kirkland, WA 98033, USA",2013 Toyota Prius (New),business_personal_trip_log_08_16_2024_15_00am_PDT-08_17_2024_12_00am_PDT.csv
8/16/24,7:37:27 PM,8/16/24,7:38:27 PM,0,p,,"I-405, Kirkland, WA 98033, USA","I-405, Kirkland, WA 98033, USA",2013 Toyota Prius (New),business_personal_trip_log_08_16_2024_15_00am_PDT-08_17_2024_12_00am_PDT.csv
8/16/24,7:40:27 PM,8/16/24,8:00:29 PM,12,p,,"11834 NE 90th St, Kirkland, WA 98033, USA","20019 6th Pl W, Lynnwood, WA 98036, USA",2013 Toyota Prius (New),business_personal_trip_log_08_16_2024_15_00am_PDT-08_17_2024_12_00am_PDT.csv
8/16/24,4:43:09 PM,8/16/24,4:44:56 PM,0.16,p,,"11852 NE 112th St, Kirkland, WA 98033, USA","11809 NE 116th St, Kirkland, WA 98034, USA",2021 Tesla Model 3,business_personal_trip_log_08_16_2024_15_00am_PDT-08_17_2024_12_00am_PDT.csv
8/17/24,12:00:26 PM,8/17/24,12:17:26 PM,5,b,,"20019 6 W, Lynnwood, WA 98036, USA","6850 NE Bothell Way, Kenmore, WA 98028, USA",2013 Toyota Prius (New),business_personal_trip_log_08_17_2024_18_00am_PDT-08_17_2024_12_00am_PDT.csv
8/17/24,12:21:34 PM,8/17/24,12:26:28 PM,2,b,,"6850 NE Bothell Way, Kenmore, WA 98028, USA","19210 Kenlake Pl NE, Kenmore, WA 98028, USA",2013 Toyota Prius (New),business_personal_trip_log_08_17_2024_18_00am_PDT-08_17_2024_12_00am_PDT.csv
8/17/24,12:29:24 PM,8/17/24,1:16:19 PM,25.06,b,,"19210 Kenlake Pl NE, Kenmore, WA 98028, USA","17580 International Blvd, Seattle, WA 98188, USA",2013 Toyota Prius (New),business_personal_trip_log_08_17_2024_18_00am_PDT-08_17_2024_12_00am_PDT.csv
8/17/24,1:25:30 PM,8/17/24,2:45:35 PM,37.02,b,,"2626 S 170th St, Seatac, WA 98188, USA","8515 124th Ave NE, Kirkland, WA 98033, USA",2013 Toyota Prius (New),business_personal_trip_log_08_17_2024_18_00am_PDT-08_17_2024_12_00am_PDT.csv
8/17/24,2:59:09 PM,8/17/24,3:50:41 PM,20.09,b,,"8515 124th Ave NE, Kirkland, WA 98033, USA","20019 6 W, Lynnwood, WA 98036, USA",2013 Toyota Prius (New),business_personal_trip_log_08_17_2024_18_00am_PDT-08_17_2024_12_00am_PDT.csv
8/18/24,9:10:24 AM,8/18/24,9:24:08 AM,6,p,,"20019 6 W, Lynnwood, WA 98036, USA","4326 148th St SE, Bothell, WA 98012, USA",2013 Toyota Prius (New),business_personal_trip_log_08_18_2024_18_00am_PDT-08_19_2024_12_00am_PDT.csv
8/18/24,10:42:08 AM,8/18/24,11:19:12 AM,16.01,p,,"4326 148th St SE, Bothell, WA 98012, USA","2732 Soper Hill Rd, Lake Stevens, WA 98258, USA",2013 Toyota Prius (New),business_personal_trip_log_08_18_2024_18_00am_PDT-08_19_2024_12_00am_PDT.csv
8/18/24,11:24:17 AM,8/18/24,11:31:08 AM,3.05,p,,"2732 Soper Hill Rd, Lake Stevens, WA 98258, USA","10622 60th St NE, Lake Stevens, WA 98258, USA",2013 Toyota Prius (New),business_personal_trip_log_08_18_2024_18_00am_PDT-08_19_2024_12_00am_PDT.csv
8/18/24,3:15:32 PM,8/18/24,3:34:55 PM,11,p,,"10622 60th St NE, Lake Stevens, WA 98258, USA","3710 Broadway, Everett, WA 98201, USA",2013 Toyota Prius (New),business_personal_trip_log_08_18_2024_18_00am_PDT-08_19_2024_12_00am_PDT.csv
8/18/24,5:38:31 PM,8/18/24,5:51:12 PM,7.01,p,,"3900 Broadway, Everett, WA 98201, USA","12415 4th Ave W, Everett, WA 98204, USA",2013 Toyota Prius (New),business_personal_trip_log_08_18_2024_18_00am_PDT-08_19_2024_12_00am_PDT.csv
8/18/24,5:53:37 PM,8/18/24,6:09:59 PM,7.1,p,,"12415 4th Ave W, Everett, WA 98204, USA","20019 6 W, Lynnwood, WA 98036, USA",2013 Toyota Prius (New),business_personal_trip_log_08_18_2024_18_00am_PDT-08_19_2024_12_00am_PDT.csv
8/18/24,8:16:04 PM,8/18/24,8:22:49 PM,3,p,,"20019 6 W, Lynnwood, WA 98036, USA","20711 Bothell Everett Hwy, Bothell, WA 98012, USA",2013 Toyota Prius (New),business_personal_trip_log_08_18_2024_18_00am_PDT-08_19_2024_12_00am_PDT.csv
8/18/24,8:34:37 PM,8/18/24,8:41:32 PM,3.1,p,,"20711 Bothell Everett Hwy, Bothell, WA 98012, USA","20019 6 W, Lynnwood, WA 98036, USA",2013 Toyota Prius (New),business_personal_trip_log_08_18_2024_18_00am_PDT-08_19_2024_12_00am_PDT.csv
8/19/24,8:21:43 AM,8/19/24,8:38:50 AM,8.01,p,,"20019 6 W, Lynnwood, WA 98036, USA","10600 47th Pl W, Mukilteo, WA 98275, USA",2013 Toyota Prius (New),business_personal_trip_log_08_19_2024_18_00am_PDT-08_20_2024_12_00am_PDT.csv
8/19/24,10:42:36 AM,8/19/24,10:52:26 AM,5.02,b,,"10600 47th Pl W, Mukilteo, WA 98275, USA","18110 Alderwood Mall Pkwy, Lynnwood, WA 98037, USA",2013 Toyota Prius (New),business_personal_trip_log_08_19_2024_18_00am_PDT-08_20_2024_12_00am_PDT.csv
8/19/24,11:13:27 AM,8/19/24,11:36:26 AM,7.22,b,,"18208 Alderwood Mall Pkwy, Lynnwood, WA 98037, USA","824 210th Pl SW, Lynnwood, WA 98036, USA",2013 Toyota Prius (New),business_personal_trip_log_08_19_2024_18_00am_PDT-08_20_2024_12_00am_PDT.csv
8/19/24,11:38:43 AM,8/19/24,12:09:55 PM,15.1,b,,"816 210th Pl SW, Lynnwood, WA 98036, USA","20019 6 W, Lynnwood, WA 98036, USA",2013 Toyota Prius (New),business_personal_trip_log_08_19_2024_18_00am_PDT-08_20_2024_12_00am_PDT.csv
8/19/24,2:06:58 PM,8/19/24,2:28:34 PM,7.01,b,,"20019 6 W, Lynnwood, WA 98036, USA","18410 33rd Ave W, Lynnwood, WA 98037, USA",2013 Toyota Prius (New),business_personal_trip_log_08_19_2024_18_00am_PDT-08_20_2024_12_00am_PDT.csv
8/19/24,2:55:51 PM,8/19/24,3:37:50 PM,12,b,,"18410 33rd Ave W, Lynnwood, WA 98037, USA","19105 Highway 99, Lynnwood, WA 98036, USA",2013 Toyota Prius (New),business_personal_trip_log_08_19_2024_18_00am_PDT-08_20_2024_12_00am_PDT.csv
8/19/24,3:42:04 PM,8/19/24,3:52:50 PM,2,b,,"19105 Highway 99, Lynnwood, WA 98036, USA","20728 Highway 99, Lynnwood, WA 98036, USA",2013 Toyota Prius (New),business_personal_trip_log_08_19_2024_18_00am_PDT-08_20_2024_12_00am_PDT.csv
8/19/24,3:54:50 PM,8/19/24,4:14:45 PM,7.06,b,,"20728 Highway 99, Lynnwood, WA 98036, USA","20019 6 W, Lynnwood, WA 98036, USA",2013 Toyota Prius (New),business_personal_trip_log_08_19_2024_18_00am_PDT-08_20_2024_12_00am_PDT.csv
8/19/24,8:48:53 PM,8/19/24,8:57:01 PM,3.06,p,,"20019 6 W, Lynnwood, WA 98036, USA","20617 Bothell Everett Hwy, Bothell, WA 98012, USA",2013 Toyota Prius (New),business_personal_trip_log_08_19_2024_18_00am_PDT-08_20_2024_12_00am_PDT.csv
8/19/24,9:06:54 PM,8/19/24,9:09:43 PM,0,p,,"20617 Bothell Everett Hwy, Bothell, WA 98012, USA","21105 Bothell Everett Hwy, Bothell, WA 98021, USA",2013 Toyota Prius (New),business_personal_trip_log_08_19_2024_18_00am_PDT-08_20_2024_12_00am_PDT.csv
8/19/24,9:47:10 PM,8/19/24,9:53:24 PM,3.1,p,,"21045 Bothell Everett Hwy, Bothell, WA 98021, USA","20019 6 W, Lynnwood, WA 98036, USA",2013 Toyota Prius (New),business_personal_trip_log_08_19_2024_18_00am_PDT-08_20_2024_12_00am_PDT.csv
8/19/24,10:26:19 AM,8/19/24,10:29:19 AM,0.29,p,,"11846 NE 112th St, Kirkland, WA 98033, USA","11846 NE 112th St, Kirkland, WA 98033, USA",2021 Tesla Model 3,business_personal_trip_log_08_19_2024_18_00am_PDT-08_20_2024_12_00am_PDT.csv
8/19/24,7:05:16 PM,8/19/24,7:07:47 PM,0.21,p,,"11846 NE 112th St, Kirkland, WA 98033, USA","11852 NE 112th St, Kirkland, WA 98033, USA",2021 Tesla Model 3,business_personal_trip_log_08_19_2024_18_00am_PDT-08_20_2024_12_00am_PDT.csv
8/20/24,8:16:50 AM,8/20/24,8:33:47 AM,9,p,,"20012 6 W, Lynnwood, WA 98036, USA","10601 47th Pl W, Mukilteo, WA 98275, USA",2013 Toyota Prius (New),business_personal_trip_log_08_20_2024_18_00am_PDT-08_21_2024_12_00am_PDT.csv
8/20/24,11:09:59 AM,8/20/24,11:19:59 AM,5,p,,"10601 47th Pl W, Mukilteo, WA 98275, USA","17955 Alderwood Mall Pkwy, Lynnwood, WA 98037, USA",2013 Toyota Prius (New),business_personal_trip_log_08_20_2024_18_00am_PDT-08_21_2024_12_00am_PDT.csv
8/20/24,11:22:12 AM,8/20/24,11:29:38 AM,3,p,,"17955 Alderwood Mall Pkwy, Lynnwood, WA 98037, USA","20019 6 W, Lynnwood, WA 98036, USA",2013 Toyota Prius (New),business_personal_trip_log_08_20_2024_18_00am_PDT-08_21_2024_12_00am_PDT.csv
8/20/24,12:37:36 PM,8/20/24,12:52:53 PM,4.01,p,,"20019 6 W, Lynnwood, WA 98036, USA","21105 Bothell-Everett, Bothell, WA 98021, USA",2013 Toyota Prius (New),business_personal_trip_log_08_20_2024_18_00am_PDT-08_21_2024_12_00am_PDT.csv
8/20/24,1:04:51 PM,8/20/24,1:12:59 PM,3.1,p,,"21105 Bothell-Everett, Bothell, WA 98021, USA","20019 6 W, Lynnwood, WA 98036, USA",2013 Toyota Prius (New),business_personal_trip_log_08_20_2024_18_00am_PDT-08_21_2024_12_00am_PDT.csv
8/20/24,1:32:56 PM,8/20/24,1:44:39 PM,3,p,,"20019 6 W, Lynnwood, WA 98036, USA","18109 33 W, Lynnwood, WA 98037, USA",2013 Toyota Prius (New),business_personal_trip_log_08_20_2024_18_00am_PDT-08_21_2024_12_00am_PDT.csv
8/20/24,2:03:37 PM,8/20/24,2:11:47 PM,3.1,p,,"18109 33 W, Lynnwood, WA 98037, USA","20019 6 W, Lynnwood, WA 98036, USA",2013 Toyota Prius (New),business_personal_trip_log_08_20_2024_18_00am_PDT-08_21_2024_12_00am_PDT.csv
8/20/24,2:29:50 PM,8/20/24,2:42:49 PM,3,p,,"20019 6 W, Lynnwood, WA 98036, USA","22110 17th Ave SE, Bothell, WA 98021, USA",2013 Toyota Prius (New),business_personal_trip_log_08_20_2024_18_00am_PDT-08_21_2024_12_00am_PDT.csv
8/20/24,2:51:17 PM,8/20/24,3:19:29 PM,15.1,p,,"22110 17th Ave SE, Bothell, WA 98021, USA","I-405, Bellevue, WA 98005, USA",2013 Toyota Prius (New),business_personal_trip_log_08_20_2024_18_00am_PDT-08_21_2024_12_00am_PDT.csv
8/20/24,3:21:29 PM,8/20/24,3:22:29 PM,0,p,,"I-405, Bellevue, WA 98005, USA","I-405, Bellevue, WA 98005, USA",2013 Toyota Prius (New),business_personal_trip_log_08_20_2024_18_00am_PDT-08_21_2024_12_00am_PDT.csv
8/20/24,3:24:29 PM,8/20/24,3:37:29 PM,2,p,,"I-405, Bellevue, WA 98005, USA","4040 122nd Ave SE, Bellevue, WA 98006, USA",2013 Toyota Prius (New),business_personal_trip_log_08_20_2024_18_00am_PDT-08_21_2024_12_00am_PDT.csv
8/20/24,3:39:29 PM,8/20/24,4:02:51 PM,11.22,p,,"I-405, Bellevue, WA 98006, USA","110 SW 41st St, Renton, WA 98057, USA",2013 Toyota Prius (New),business_personal_trip_log_08_20_2024_18_00am_PDT-08_21_2024_12_00am_PDT.csv
8/20/24,4:05:16 PM,8/20/24,4:08:15 PM,0,p,,"110 SW 41st St, Renton, WA 98057, USA","4100 E Valley Rd, Renton, WA 98057, USA",2013 Toyota Prius (New),business_personal_trip_log_08_20_2024_18_00am_PDT-08_21_2024_12_00am_PDT.csv
8/20/24,4:10:15 PM,8/20/24,5:11:53 PM,23.01,p,,"WA-167, Renton, WA 98057, USA","12606 132nd Ave Ct E, Puyallup, WA 98374, USA",2013 Toyota Prius (New),business_personal_trip_log_08_20_2024_18_00am_PDT-08_21_2024_12_00am_PDT.csv
8/20/24,10:34:28 AM,8/20/24,10:36:05 AM,0.23,p,,"11828 NE 112th St, Kirkland, WA 98033, USA","11846 NE 112th St, Kirkland, WA 98033, USA",2021 Tesla Model 3,business_personal_trip_log_08_20_2024_18_00am_PDT-08_21_2024_12_00am_PDT.csv
8/20/24,11:20:01 AM,8/20/24,11:21:39 AM,0.24,p,,"11846 NE 112th St, Kirkland, WA 98033, USA","11846 NE 112th St, Kirkland, WA 98033, USA",2021 Tesla Model 3,business_personal_trip_log_08_20_2024_18_00am_PDT-08_21_2024_12_00am_PDT.csv
8/20/24,11:40:09 AM,8/20/24,11:53:41 AM,6.95,p,,"11838 NE 112th St, Kirkland, WA 98033, USA","203 116th Ave NE, Bellevue, WA 98004, USA",2021 Tesla Model 3,business_personal_trip_log_08_20_2024_18_00am_PDT-08_21_2024_12_00am_PDT.csv
8/20/24,12:20:35 PM,8/20/24,12:21:07 PM,0,p,,"203 116th Ave NE, Bellevue, WA 98004, USA","203 116th Ave NE, Bellevue, WA 98004, USA",2021 Tesla Model 3,business_personal_trip_log_08_20_2024_18_00am_PDT-08_21_2024_12_00am_PDT.csv
8/20/24,1:58:29 PM,8/20/24,2:26:25 PM,16.24,p,,"203 116th Ave NE, Bellevue, WA 98004, USA","608 200th Pl SW, Lynnwood, WA 98036, USA",2021 Tesla Model 3,business_personal_trip_log_08_20_2024_18_00am_PDT-08_21_2024_12_00am_PDT.csv
8/20/24,3:07:55 PM,8/20/24,3:19:12 PM,3.71,p,,"20019 6 W, Lynnwood, WA 98036, USA","3015 184th St SW, Lynnwood, WA 98037, USA",2021 Tesla Model 3,business_personal_trip_log_08_20_2024_18_00am_PDT-08_21_2024_12_00am_PDT.csv
8/20/24,3:44:47 PM,8/20/24,3:57:41 PM,3.45,p,,Unknown,"20019 6 W, Lynnwood, WA 98036, USA",2021 Tesla Model 3,business_personal_trip_log_08_20_2024_18_00am_PDT-08_21_2024_12_00am_PDT.csv
8/20/24,4:52:16 PM,8/20/24,4:59:22 PM,2.73,p,,"608 200th Pl SW, Lynnwood, WA 98036, USA","20804 Bothell-Everett, Bothell, WA 98021, USA",2021 Tesla Model 3,business_personal_trip_log_08_20_2024_18_00am_PDT-08_21_2024_12_00am_PDT.csv
8/20/24,5:02:16 PM,8/20/24,5:03:23 PM,0.09,p,,"20802 Bothell Everett Hwy, Bothell, WA 98021, USA","20717 Bothell Everett Hwy, Bothell, WA 98012, USA",2021 Tesla Model 3,business_personal_trip_log_08_20_2024_18_00am_PDT-08_21_2024_12_00am_PDT.csv
8/20/24,5:09:48 PM,8/20/24,5:20:03 PM,2.89,p,,"20717 Bothell Everett Hwy, Bothell, WA 98012, USA","20019 6 W, Lynnwood, WA 98036, USA",2021 Tesla Model 3,business_personal_trip_log_08_20_2024_18_00am_PDT-08_21_2024_12_00am_PDT.csv
8/21/24,11:05:52 AM,8/21/24,11:12:14 AM,3,p,,"12606 132nd Ave Ct E, Puyallup, WA 98374, USA","502 37th Ave SE, Puyallup, WA 98374, USA",2013 Toyota Prius (New),business_personal_trip_log_08_21_2024_18_00am_PDT-08_22_2024_12_00am_PDT.csv
8/21/24,11:21:33 AM,8/21/24,12:07:06 PM,38.01,p,,"502 37th Ave SE, Puyallup, WA 98374, USA","3920 Capital Mall Dr SW, Olympia, WA 98502, USA",2013 Toyota Prius (New),business_personal_trip_log_08_21_2024_18_00am_PDT-08_22_2024_12_00am_PDT.csv
8/21/24,2:56:32 PM,8/21/24,2:58:54 PM,1.02,p,,"3920 Capital Mall Dr SW, Olympia, WA 98502, USA","2525 Capital Mall Dr SW, Olympia, WA 98502, USA",2013 Toyota Prius (New),business_personal_trip_log_08_21_2024_18_00am_PDT-08_22_2024_12_00am_PDT.csv
8/21/24,3:13:37 PM,8/21/24,3:19:13 PM,1,p,,"2525 Capital Mall Dr SW, Olympia, WA 98502, USA","2611 Harrison Ave NW, Olympia, WA 98502, USA",2013 Toyota Prius (New),business_personal_trip_log_08_21_2024_18_00am_PDT-08_22_2024_12_00am_PDT.csv
8/21/24,3:32:01 PM,8/21/24,3:36:53 PM,2,p,,"2611 Harrison Ave NW, Olympia, WA 98502, USA","3900 Capital Mall Dr SW, Olympia, WA 98502, USA",2013 Toyota Prius (New),business_personal_trip_log_08_21_2024_18_00am_PDT-08_22_2024_12_00am_PDT.csv
8/21/24,3:39:49 PM,8/21/24,3:42:11 PM,0.01,p,,"3900 Capital Mall Dr SW, Olympia, WA 98502, USA","3900 Capital Mall Dr SW, Olympia, WA 98502, USA",2013 Toyota Prius (New),business_personal_trip_log_08_21_2024_18_00am_PDT-08_22_2024_12_00am_PDT.csv
8/21/24,7:27:48 PM,8/21/24,8:14:53 PM,38.01,p,,"3920 Capital Mall Dr SW, Olympia, WA 98502, USA","12606 132nd Ave Ct E, Puyallup, WA 98374, USA",2013 Toyota Prius (New),business_personal_trip_log_08_21_2024_18_00am_PDT-08_22_2024_12_00am_PDT.csv
8/21/24,8:18:33 PM,8/21/24,8:26:10 PM,4.05,p,,"12606 132nd Ave Ct E, Puyallup, WA 98374, USA","720 Shaw Rd, Puyallup, WA 98372, USA",2013 Toyota Prius (New),business_personal_trip_log_08_21_2024_18_00am_PDT-08_22_2024_12_00am_PDT.csv
8/21/24,8:29:10 PM,8/21/24,9:28:37 PM,49.09,p,,"720 Shaw Rd, Puyallup, WA 98372, USA","20019 6 W, Lynnwood, WA 98036, USA",2013 Toyota Prius (New),business_personal_trip_log_08_21_2024_18_00am_PDT-08_22_2024_12_00am_PDT.csv
8/21/24,8:32:24 AM,8/21/24,8:36:10 AM,1.34,p,,"726 200th Pl SW, Lynnwood, WA 98036, USA","20019 6 W, Lynnwood, WA 98036, USA",2021 Tesla Model 3,business_personal_trip_log_08_21_2024_18_00am_PDT-08_22_2024_12_00am_PDT.csv
8/21/24,8:38:14 AM,8/21/24,8:59:52 AM,4.04,b,,"20019 6 W, Lynnwood, WA 98036, USA","20202 44th Ave W, Lynnwood, WA 98036, USA",2021 Tesla Model 3,business_personal_trip_log_08_21_2024_18_00am_PDT-08_22_2024_12_00am_PDT.csv
8/21/24,11:12:34 AM,8/21/24,11:25:43 AM,4.4,b,,"20206 46th Ave W, Lynnwood, WA 98036, USA","20019 6 W, Lynnwood, WA 98036, USA",2021 Tesla Model 3,business_personal_trip_log_08_21_2024_18_00am_PDT-08_22_2024_12_00am_PDT.csv
8/21/24,11:51:41 AM,8/21/24,12:02:09 PM,3.22,b,,"20019 6 W, Lynnwood, WA 98036, USA","18109 33 W, Lynnwood, WA 98037, USA",2021 Tesla Model 3,business_personal_trip_log_08_21_2024_18_00am_PDT-08_22_2024_12_00am_PDT.csv
8/21/24,12:51:29 PM,8/21/24,12:58:38 PM,1.34,b,,"18133 33rd Ave W, Lynnwood, WA 98037, USA","19401 Alderwood Mall Pkwy, Lynnwood, WA 98036, USA",2021 Tesla Model 3,business_personal_trip_log_08_21_2024_18_00am_PDT-08_22_2024_12_00am_PDT.csv
8/21/24,1:19:54 PM,8/21/24,1:27:03 PM,2.62,b,,"19611 Alderwood Mall Pkwy, Lynnwood, WA 98036, USA","20019 6 W, Lynnwood, WA 98036, USA",2021 Tesla Model 3,business_personal_trip_log_08_21_2024_18_00am_PDT-08_22_2024_12_00am_PDT.csv
8/21/24,2:12:21 PM,8/21/24,2:38:09 PM,13.53,b,,"20019 6 W, Lynnwood, WA 98036, USA","10200 1st Ave NE, Seattle, WA 98125, USA",2021 Tesla Model 3,business_personal_trip_log_08_21_2024_18_00am_PDT-08_22_2024_12_00am_PDT.csv
8/21/24,2:42:57 PM,8/21/24,2:53:27 PM,2.98,b,,"140 NE 103rd St, Seattle, WA 98125, USA","13700 Aurora Ave N, Seattle, WA 98133, USA",2021 Tesla Model 3,business_personal_trip_log_08_21_2024_18_00am_PDT-08_22_2024_12_00am_PDT.csv
8/21/24,3:17:01 PM,8/21/24,3:49:06 PM,8.94,b,,"13700 Aurora Ave N, Seattle, WA 98133, USA","3000 184th St SW, Lynnwood, WA 98037, USA",2021 Tesla Model 3,business_personal_trip_log_08_21_2024_18_00am_PDT-08_22_2024_12_00am_PDT.csv
8/21/24,4:01:57 PM,8/21/24,5:02:22 PM,19.36,b,,"3000 184th St SW, Lynnwood, WA 98037, USA","1815 NW Market St, Seattle, WA 98107, USA",2021 Tesla Model 3,business_personal_trip_log_08_21_2024_18_00am_PDT-08_22_2024_12_00am_PDT.csv
8/21/24,5:06:05 PM,8/21/24,5:11:27 PM,0.94,b,,"5333 Tallman Ave NW, Seattle, WA 98107, USA","6504 17th Ave NW, Seattle, WA 98117, USA",2021 Tesla Model 3,business_personal_trip_log_08_21_2024_18_00am_PDT-08_22_2024_12_00am_PDT.csv
8/21/24,5:13:45 PM,8/21/24,6:01:48 PM,15.84,b,,"6416 14th Ave NW, Seattle, WA 98107, USA","20019 6 W, Lynnwood, WA 98036, USA",2021 Tesla Model 3,business_personal_trip_log_08_21_2024_18_00am_PDT-08_22_2024_12_00am_PDT.csv
8/21/24,7:34:47 PM,8/21/24,7:38:48 PM,0.5,p,,"20012 6 W, Lynnwood, WA 98036, USA","20019 6th Pl W, Lynnwood, WA 98036, USA",2021 Tesla Model 3,business_personal_trip_log_08_21_2024_18_00am_PDT-08_22_2024_12_00am_PDT.csv
8/22/24,1:54:49 PM,8/22/24,2:04:45 PM,3.03,p,,"20019 6 W, Lynnwood, WA 98036, USA","18109 33 W, Lynnwood, WA 98037, USA",2013 Toyota Prius (New),business_personal_trip_log_08_22_2024_18_00am_PDT-08_23_2024_12_00am_PDT.csv
8/22/24,2:31:16 PM,8/22/24,2:38:17 PM,2,p,,"18109 33 W, Lynnwood, WA 98037, USA","17531 Highway 99, Lynnwood, WA 98037, USA",2013 Toyota Prius (New),business_personal_trip_log_08_22_2024_18_00am_PDT-08_23_2024_12_00am_PDT.csv
8/22/24,2:42:14 PM,8/22/24,2:42:35 PM,0,p,,"17531 Highway 99, Lynnwood, WA 98037, USA","17525 Highway 99, Lynnwood, WA 98037, USA",2013 Toyota Prius (New),business_personal_trip_log_08_22_2024_18_00am_PDT-08_23_2024_12_00am_PDT.csv
8/22/24,2:44:48 PM,8/22/24,2:45:05 PM,0,p,,"17525 Highway 99, Lynnwood, WA 98037, USA","17531 Highway 99, Lynnwood, WA 98037, USA",2013 Toyota Prius (New),business_personal_trip_log_08_22_2024_18_00am_PDT-08_23_2024_12_00am_PDT.csv
8/22/24,2:51:37 PM,8/22/24,2:51:54 PM,0,p,,"17531 Highway 99, Lynnwood, WA 98037, USA","17525 Highway 99, Lynnwood, WA 98037, USA",2013 Toyota Prius (New),business_personal_trip_log_08_22_2024_18_00am_PDT-08_23_2024_12_00am_PDT.csv
8/22/24,3:23:23 PM,8/22/24,3:29:16 PM,1,p,,"17525 Highway 99, Lynnwood, WA 98037, USA","17222 Highway 99, Lynnwood, WA 98037, USA",2013 Toyota Prius (New),business_personal_trip_log_08_22_2024_18_00am_PDT-08_23_2024_12_00am_PDT.csv
8/22/24,3:31:27 PM,8/22/24,3:32:05 PM,0.01,p,,"17222 Highway 99, Lynnwood, WA 98037, USA","17222 Highway 99, Lynnwood, WA 98037, USA",2013 Toyota Prius (New),business_personal_trip_log_08_22_2024_18_00am_PDT-08_23_2024_12_00am_PDT.csv
8/22/24,4:57:43 PM,8/22/24,5:06:49 PM,2,p,,"17222 Highway 99, Lynnwood, WA 98037, USA","2122 164th St SW, Lynnwood, WA 98087, USA",2013 Toyota Prius (New),business_personal_trip_log_08_22_2024_18_00am_PDT-08_23_2024_12_00am_PDT.csv
8/22/24,5:09:49 PM,8/22/24,5:10:49 PM,0,p,,"16429 20th Ave W, Lynnwood, WA 98037, USA","1424 164th St SW, Lynnwood, WA 98087, USA",2013 Toyota Prius (New),business_personal_trip_log_08_22_2024_18_00am_PDT-08_23_2024_12_00am_PDT.csv
8/22/24,5:13:49 PM,8/22/24,5:16:12 PM,1,p,,"1132 164th St SW, Lynnwood, WA 98087, USA","202 164th St SW, Lynnwood, WA 98087, USA",2013 Toyota Prius (New),business_personal_trip_log_08_22_2024_18_00am_PDT-08_23_2024_12_00am_PDT.csv
8/22/24,5:22:03 PM,8/22/24,5:37:45 PM,5.01,p,,"202 164th St SW, Lynnwood, WA 98087, USA","13710 59th Ave SE, Everett, WA 98208, USA",2013 Toyota Prius (New),business_personal_trip_log_08_22_2024_18_00am_PDT-08_23_2024_12_00am_PDT.csv
8/22/24,9:20:20 PM,8/22/24,9:37:59 PM,8.1,p,,"13710 59th Ave SE, Everett, WA 98208, USA","20019 6 W, Lynnwood, WA 98036, USA",2013 Toyota Prius (New),business_personal_trip_log_08_22_2024_18_00am_PDT-08_23_2024_12_00am_PDT.csv
8/22/24,7:45:54 AM,8/22/24,8:40:23 AM,22.71,p,,"20019 6 W, Lynnwood, WA 98036, USA","4113 Beacon Ave S, Seattle, WA 98108, USA",2021 Tesla Model 3,business_personal_trip_log_08_22_2024_18_00am_PDT-08_23_2024_12_00am_PDT.csv
8/22/24,1:26:21 PM,8/22/24,1:31:22 PM,1.01,p,,"4101 Beacon Ave S, Seattle, WA 98108, USA","1607 S Forest St, Seattle, WA 98144, USA",2021 Tesla Model 3,business_personal_trip_log_08_22_2024_18_00am_PDT-08_23_2024_12_00am_PDT.csv
8/22/24,2:20:52 PM,8/22/24,2:57:24 PM,21.65,p,,"2902 Beacon Ave S, Seattle, WA 98144, USA","20025 6 W, Lynnwood, WA 98036, USA",2021 Tesla Model 3,business_personal_trip_log_08_22_2024_18_00am_PDT-08_23_2024_12_00am_PDT.csv
8/30/24,10:38:13 AM,8/30/24,12:01:23 PM,58.78,p,,"20012 6 W, Lynnwood, WA 98036, USA","8102 Zircon Dr SW, Lakewood, WA 98498, USA",2021 Tesla Model 3,business_personal_trip_log_08_230_2024_18_00am_PDT-08_31_2024_12_00am_PDT.csv
8/30/24,5:29:28 PM,8/30/24,5:59:13 PM,15.42,p,,"7808 Ruby Dr SW, Lakewood, WA 98498, USA","401 15th Ave SE, Puyallup, WA 98372, USA",2021 Tesla Model 3,business_personal_trip_log_08_230_2024_18_00am_PDT-08_31_2024_12_00am_PDT.csv
8/30/24,6:17:15 PM,8/30/24,6:26:22 PM,0.03,p,,"1421 3rd St SE, Puyallup, WA 98372, USA","401 15th Ave SE, Puyallup, WA 98372, USA",2021 Tesla Model 3,business_personal_trip_log_08_230_2024_18_00am_PDT-08_31_2024_12_00am_PDT.csv
8/30/24,6:41:35 PM,8/30/24,7:05:45 PM,21.65,p,,"401 15th Ave SE, Puyallup, WA 98372, USA","I-405, Renton, WA 98055, USA",2021 Tesla Model 3,business_personal_trip_log_08_230_2024_18_00am_PDT-08_31_2024_12_00am_PDT.csv
8/30/24,7:07:55 PM,8/30/24,7:45:00 PM,26.63,p,,"I-405, Renton, WA 98057, USA","20019 6 W, Lynnwood, WA 98036, USA",2021 Tesla Model 3,business_personal_trip_log_08_230_2024_18_00am_PDT-08_31_2024_12_00am_PDT.csv
8/23/24,9:31:28 AM,8/23/24,9:37:21 AM,3.03,p,,"20012 6 W, Lynnwood, WA 98036, USA","22822 Bothell-Everett Hw, Bothell, WA 98021, USA",2013 Toyota Prius (New),business_personal_trip_log_08_23_2024_18_00am_PDT-08_24_2024_12_00am_PDT.csv
8/23/24,9:44:33 AM,8/23/24,10:57:02 AM,56.02,p,,"22822 Bothell Everett Hwy, Bothell, WA 98021, USA","11919 Pacific Hwy SW, Lakewood, WA 98499, USA",2013 Toyota Prius (New),business_personal_trip_log_08_23_2024_18_00am_PDT-08_24_2024_12_00am_PDT.csv
8/23/24,11:01:28 AM,8/23/24,11:37:46 AM,27.01,p,,"11755 Pacific Hwy SW, Lakewood, WA 98499, USA","3900 Capital Mall Dr SW, Olympia, WA 98502, USA",2013 Toyota Prius (New),business_personal_trip_log_08_23_2024_18_00am_PDT-08_24_2024_12_00am_PDT.csv
8/23/24,2:19:43 PM,8/23/24,4:21:21 PM,78,p,,"3900 Capital Mall Dr SW, Olympia, WA 98502, USA","12514 116th Ave NE, Kirkland, WA 98034, USA",2013 Toyota Prius (New),business_personal_trip_log_08_23_2024_18_00am_PDT-08_24_2024_12_00am_PDT.csv
8/23/24,4:26:34 PM,8/23/24,4:46:29 PM,10,p,,"12514 116th Ave NE, Kirkland, WA 98034, USA","18219 State Route 9 SE, Snohomish, WA 98296, USA",2013 Toyota Prius (New),business_personal_trip_log_08_23_2024_18_00am_PDT-08_24_2024_12_00am_PDT.csv
8/23/24,4:49:29 PM,8/23/24,5:00:13 PM,5.05,p,,"17606 State Route 9 SE, Snohomish, WA 98296, USA","13710 59th Ave SE, Everett, WA 98208, USA",2013 Toyota Prius (New),business_personal_trip_log_08_23_2024_18_00am_PDT-08_24_2024_12_00am_PDT.csv
8/23/24,9:03:25 PM,8/23/24,9:21:12 PM,8.1,p,,"13710 59th Ave SE, Everett, WA 98208, USA","20019 6 W, Lynnwood, WA 98036, USA",2013 Toyota Prius (New),business_personal_trip_log_08_23_2024_18_00am_PDT-08_24_2024_12_00am_PDT.csv
8/23/24,8:38:04 AM,8/23/24,9:00:23 AM,8.36,p,,"20012 6th Pl W, Lynnwood, WA 98036, USA","10601 47th Pl W, Mukilteo, WA 98275, USA",2021 Tesla Model 3,business_personal_trip_log_08_23_2024_18_00am_PDT-08_24_2024_12_00am_PDT.csv
8/23/24,9:12:10 AM,8/23/24,9:29:22 AM,7.47,p,,"10500 47th Pl W, Mukilteo, WA 98275, USA","20019 6 W, Lynnwood, WA 98036, USA",2021 Tesla Model 3,business_personal_trip_log_08_23_2024_18_00am_PDT-08_24_2024_12_00am_PDT.csv
8/23/24,9:41:01 AM,8/23/24,10:17:39 AM,21.97,p,,"20019 6 W, Lynnwood, WA 98036, USA","4051 Beacon Ave S, Seattle, WA 98108, USA",2021 Tesla Model 3,business_personal_trip_log_08_23_2024_18_00am_PDT-08_24_2024_12_00am_PDT.csv
8/23/24,3:39:20 PM,8/23/24,4:50:08 PM,21.99,p,,"4101 Beacon Ave S, Seattle, WA 98108, USA","20019 6 W, Lynnwood, WA 98036, USA",2021 Tesla Model 3,business_personal_trip_log_08_23_2024_18_00am_PDT-08_24_2024_12_00am_PDT.csv
8/23/24,5:23:13 PM,8/23/24,5:42:01 PM,7.14,p,,"20019 6 W, Lynnwood, WA 98036, USA","13716 59th Ave SE, Everett, WA 98208, USA",2021 Tesla Model 3,business_personal_trip_log_08_23_2024_18_00am_PDT-08_24_2024_12_00am_PDT.csv
8/23/24,9:03:43 PM,8/23/24,9:21:43 PM,7.56,p,,"13724 59th Ave SE, Everett, WA 98208, USA","20019 6 W, Lynnwood, WA 98036, USA",2021 Tesla Model 3,business_personal_trip_log_08_23_2024_18_00am_PDT-08_24_2024_12_00am_PDT.csv
8/24/24,10:12:04 AM,8/24/24,10:12:40 AM,0,p,,"20019 6 W, Lynnwood, WA 98036, USA","20019 6 W, Lynnwood, WA 98036, USA",2013 Toyota Prius (New),business_personal_trip_log_08_24_2024_18_00am_PDT-08_25_2024_12_00am_PDT.csv
8/24/24,1:17:09 PM,8/24/24,1:37:09 PM,7.53,p,,"20012 6 W, Lynnwood, WA 98036, USA","13710 59th Ave SE, Everett, WA 98208, USA",2021 Tesla Model 3,business_personal_trip_log_08_24_2024_18_00am_PDT-08_25_2024_12_00am_PDT.csv
8/24/24,4:43:39 PM,8/24/24,5:05:11 PM,7.32,p,,"13822 59th Ave SE, Everett, WA 98208, USA","20019 6 W, Lynnwood, WA 98036, USA",2021 Tesla Model 3,business_personal_trip_log_08_24_2024_18_00am_PDT-08_25_2024_12_00am_PDT.csv
8/25/24,1:36:55 PM,8/25/24,1:38:55 PM,0.68,p,,"702 200th Pl SW, Lynnwood, WA 98036, USA","19225 Damson Rd, Lynnwood, WA 98036, USA",2013 Toyota Prius (New),business_personal_trip_log_08_25_2024_18_00am_PDT-08_26_2024_12_00am_PDT.csv
8/25/24,1:40:55 PM,8/25/24,1:56:55 PM,4.65,p,,"409 Filbert Rd, Lynnwood, WA 98036, USA","21504 54th Pl W, Mountlake Terrace, WA 98043, USA",2013 Toyota Prius (New),business_personal_trip_log_08_25_2024_18_00am_PDT-08_26_2024_12_00am_PDT.csv
8/25/24,1:58:55 PM,8/25/24,2:17:55 PM,4.63,p,,"21404 54th Pl W, Mountlake Terrace, WA 98043, USA","3715 196th St SW, Lynnwood, WA 98036, USA",2013 Toyota Prius (New),business_personal_trip_log_08_25_2024_18_00am_PDT-08_26_2024_12_00am_PDT.csv
8/25/24,2:19:55 PM,8/25/24,2:20:55 PM,0.07,p,,"3717 196th St SW, Lynnwood, WA 98036, USA","3715 196th St SW, Lynnwood, WA 98036, USA",2013 Toyota Prius (New),business_personal_trip_log_08_25_2024_18_00am_PDT-08_26_2024_12_00am_PDT.csv
8/25/24,9:10:50 AM,8/25/24,9:24:03 AM,5.92,p,,"20012 6 W, Lynnwood, WA 98036, USA","4326 148th St SE, Bothell, WA 98012, USA",2021 Tesla Model 3,business_personal_trip_log_08_25_2024_18_00am_PDT-08_26_2024_12_00am_PDT.csv
8/25/24,10:40:02 AM,8/25/24,10:40:32 AM,0,p,,"4326 148th St SE, Bothell, WA 98012, USA","4326 148th St SE, Bothell, WA 98012, USA",2021 Tesla Model 3,business_personal_trip_log_08_25_2024_18_00am_PDT-08_26_2024_12_00am_PDT.csv
8/25/24,10:42:39 AM,8/25/24,10:55:44 AM,2.86,p,,"4326 147th Pl SE, Bothell, WA 98012, USA","16202 Bothell Everett Hwy, Mill Creek, WA 98012, USA",2021 Tesla Model 3,business_personal_trip_log_08_25_2024_18_00am_PDT-08_26_2024_12_00am_PDT.csv
8/25/24,11:04:32 AM,8/25/24,11:18:45 AM,3.58,p,,"16202 Bothell Everett Hwy, Mill Creek, WA 98012, USA","20019 6 W, Lynnwood, WA 98036, USA",2021 Tesla Model 3,business_personal_trip_log_08_25_2024_18_00am_PDT-08_26_2024_12_00am_PDT.csv
8/25/24,1:16:46 PM,8/25/24,1:31:23 PM,4.54,b,,"20012 6 W, Lynnwood, WA 98036, USA","20025 6 W, Lynnwood, WA 98036, USA",2021 Tesla Model 3,business_personal_trip_log_08_25_2024_18_00am_PDT-08_26_2024_12_00am_PDT.csv
8/25/24,1:36:30 PM,8/25/24,2:22:10 PM,10.37,b,,"20019 6 W, Lynnwood, WA 98036, USA","3715 196th St SW, Lynnwood, WA 98036, USA",2021 Tesla Model 3,business_personal_trip_log_08_25_2024_18_00am_PDT-08_26_2024_12_00am_PDT.csv
8/25/24,2:25:31 PM,8/25/24,2:42:56 PM,2.29,b,,"3715 196th St SW, Lynnwood, WA 98036, USA","2915 184th St SW, Lynnwood, WA 98037, USA",2021 Tesla Model 3,business_personal_trip_log_08_25_2024_18_00am_PDT-08_26_2024_12_00am_PDT.csv
8/25/24,2:47:06 PM,8/25/24,2:47:52 PM,0,b,,"3101 184th St SW, Lynnwood, WA 98037, USA","3101 184th St SW, Lynnwood, WA 98037, USA",2021 Tesla Model 3,business_personal_trip_log_08_25_2024_18_00am_PDT-08_26_2024_12_00am_PDT.csv
8/25/24,2:50:29 PM,8/25/24,3:06:55 PM,5.56,b,,"2915 184th St SW, Lynnwood, WA 98037, USA","3311 109th St SW, Everett, WA 98204, USA",2021 Tesla Model 3,business_personal_trip_log_08_25_2024_18_00am_PDT-08_26_2024_12_00am_PDT.csv
8/25/24,3:13:48 PM,8/25/24,4:16:01 PM,21.69,b,,"3311 109th St SW, Everett, WA 98204, USA","20019 6 W, Lynnwood, WA 98036, USA",2021 Tesla Model 3,business_personal_trip_log_08_25_2024_18_00am_PDT-08_26_2024_12_00am_PDT.csv
8/25/24,5:03:53 PM,8/25/24,5:31:18 PM,15.22,p,,"20019 6 W, Lynnwood, WA 98036, USA","2801 Oakes Ave, Everett, WA 98201, USA",2021 Tesla Model 3,business_personal_trip_log_08_25_2024_18_00am_PDT-08_26_2024_12_00am_PDT.csv
8/25/24,10:38:09 PM,8/25/24,11:03:10 PM,16.55,p,,"2703 Oakes Ave, Everett, WA 98201, USA","20019 6 W, Lynnwood, WA 98036, USA",2021 Tesla Model 3,business_personal_trip_log_08_25_2024_18_00am_PDT-08_26_2024_12_00am_PDT.csv
8/26/24,8:21:10 AM,8/26/24,8:37:04 AM,8.06,p,,"20012 6th Pl W, Lynnwood, WA 98036, USA","10601 47th Pl W, Mukilteo, WA 98275, USA",2021 Tesla Model 3,business_personal_trip_log_08_26_2024_18_00am_PDT-08_27_2024_12_00am_PDT.csv
8/26/24,11:05:52 AM,8/26/24,11:25:18 AM,8.41,p,,Unknown,"20019 6 W, Lynnwood, WA 98036, USA",2021 Tesla Model 3,business_personal_trip_log_08_26_2024_18_00am_PDT-08_27_2024_12_00am_PDT.csv
8/26/24,1:38:12 PM,8/26/24,1:47:35 PM,3.16,p,,"608 200th Pl SW, Lynnwood, WA 98036, USA","805 164th St SE, Mill Creek, WA 98012, USA",2021 Tesla Model 3,business_personal_trip_log_08_26_2024_18_00am_PDT-08_27_2024_12_00am_PDT.csv
8/26/24,1:50:32 PM,8/26/24,1:52:28 PM,0.41,p,,"16412 9th Ave SE, Mill Creek, WA 98012, USA","15833 Mill Creek Blvd, Mill Creek, WA 98012, USA",2021 Tesla Model 3,business_personal_trip_log_08_26_2024_18_00am_PDT-08_27_2024_12_00am_PDT.csv
8/26/24,2:02:15 PM,8/26/24,2:27:34 PM,11.48,b,,"15833 Mill Creek Blvd, Mill Creek, WA 98012, USA","1430 75th St SW, Everett, WA 98203, USA",2021 Tesla Model 3,business_personal_trip_log_08_26_2024_18_00am_PDT-08_27_2024_12_00am_PDT.csv
8/26/24,2:32:47 PM,8/26/24,3:25:14 PM,16.88,b,,"1430 75th St SW, Everett, WA 98203, USA","2212 Pacific Ave, Everett, WA 98201, USA",2021 Tesla Model 3,business_personal_trip_log_08_26_2024_18_00am_PDT-08_27_2024_12_00am_PDT.csv
8/26/24,3:27:50 PM,8/26/24,3:49:06 PM,7.35,b,,"2212 Pacific Ave, Everett, WA 98201, USA","10410 WA-527, Everett, WA 98208, USA",2021 Tesla Model 3,business_personal_trip_log_08_26_2024_18_00am_PDT-08_27_2024_12_00am_PDT.csv
8/26/24,4:32:29 PM,8/26/24,4:43:12 PM,3.83,b,,"10200 19th Ave SE, Everett, WA 98208, USA","12812 3rd Ave SE, Everett, WA 98208, USA",2021 Tesla Model 3,business_personal_trip_log_08_26_2024_18_00am_PDT-08_27_2024_12_00am_PDT.csv
8/26/24,4:47:33 PM,8/26/24,5:24:49 PM,7.23,b,,"306 128th St SE, Everett, WA 98208, USA","18109 33 W, Lynnwood, WA 98037, USA",2021 Tesla Model 3,business_personal_trip_log_08_26_2024_18_00am_PDT-08_27_2024_12_00am_PDT.csv
8/26/24,5:52:47 PM,8/26/24,6:06:04 PM,4.67,p,,"18133 33rd Ave W, Lynnwood, WA 98037, USA","20611 Bothell Everett Hwy, Bothell, WA 98012, USA",2021 Tesla Model 3,business_personal_trip_log_08_26_2024_18_00am_PDT-08_27_2024_12_00am_PDT.csv
8/26/24,6:30:50 PM,8/26/24,6:40:14 PM,2.98,p,,"20611 Bothell Everett Hwy, Bothell, WA 98012, USA","20019 6 W, Lynnwood, WA 98036, USA",2021 Tesla Model 3,business_personal_trip_log_08_26_2024_18_00am_PDT-08_27_2024_12_00am_PDT.csv
8/27/24,8:04:07 AM,8/27/24,8:12:10 AM,2.3,p,,"20019 6 W, Lynnwood, WA 98036, USA","19401 Alderwood Mall Pkwy, Lynnwood, WA 98036, USA",2021 Tesla Model 3,business_personal_trip_log_08_27_2024_18_00am_PDT-08_28_2024_12_00am_PDT.csv
8/27/24,8:27:30 AM,8/27/24,8:43:47 AM,4.14,p,,"19401 Alderwood Mall Pkwy, Lynnwood, WA 98036, USA","6100 219th St SW, Mountlake Terrace, WA 98043, USA",2021 Tesla Model 3,business_personal_trip_log_08_27_2024_18_00am_PDT-08_28_2024_12_00am_PDT.csv
8/27/24,8:59:27 AM,8/27/24,9:05:15 AM,1.46,p,,"6100 219th St SW, Mountlake Terrace, WA 98043, USA","20320 60th Ave W, Lynnwood, WA 98036, USA",2021 Tesla Model 3,business_personal_trip_log_08_27_2024_18_00am_PDT-08_28_2024_12_00am_PDT.csv
8/27/24,9:10:49 AM,8/27/24,9:39:38 AM,11.28,p,,"20310 60th Ave W, Lynnwood, WA 98036, USA","13910 18th Pl W, Lynnwood, WA 98087, USA",2021 Tesla Model 3,business_personal_trip_log_08_27_2024_18_00am_PDT-08_28_2024_12_00am_PDT.csv
8/27/24,9:42:09 AM,8/27/24,10:37:34 AM,15.87,p,,Unknown,"20019 6 W, Lynnwood, WA 98036, USA",2021 Tesla Model 3,business_personal_trip_log_08_27_2024_18_00am_PDT-08_28_2024_12_00am_PDT.csv
8/28/24,7:05:11 AM,8/28/24,7:39:21 AM,22.31,p,,"608 200th Pl SW, Lynnwood, WA 98036, USA","10622 60th St NE, Lake Stevens, WA 98258, USA",2021 Tesla Model 3,business_personal_trip_log_08_28_2024_18_00am_PDT-08_29_2024_12_00am_PDT.csv
8/28/24,10:56:30 AM,8/28/24,11:31:06 AM,22.28,p,,"10622 60th St NE, Lake Stevens, WA 98258, USA","608 200th Pl SW, Lynnwood, WA 98036, USA",2021 Tesla Model 3,business_personal_trip_log_08_28_2024_18_00am_PDT-08_29_2024_12_00am_PDT.csv
8/28/24,12:48:03 PM,8/28/24,1:02:36 PM,6.63,p,,"20019 6 W, Lynnwood, WA 98036, USA","14905 Bothell Everett Hwy, Mill Creek, WA 98012, USA",2021 Tesla Model 3,business_personal_trip_log_08_28_2024_18_00am_PDT-08_29_2024_12_00am_PDT.csv
8/28/24,2:13:53 PM,8/28/24,2:27:20 PM,4.37,p,,"14905 Bothell Everett Hwy, Mill Creek, WA 98012, USA","20019 6 W, Lynnwood, WA 98036, USA",2021 Tesla Model 3,business_personal_trip_log_08_28_2024_18_00am_PDT-08_29_2024_12_00am_PDT.csv
8/28/24,3:43:56 PM,8/28/24,3:55:15 PM,3.18,b,,"624 200th Pl SW, Lynnwood, WA 98036, USA","21045 Bothell Everett Hwy, Bothell, WA 98021, USA",2021 Tesla Model 3,business_personal_trip_log_08_28_2024_18_00am_PDT-08_29_2024_12_00am_PDT.csv
8/28/24,3:58:12 PM,8/28/24,4:01:33 PM,0.29,b,,"21045 Bothell Everett Hwy, Bothell, WA 98021, USA","20802 Bothell Everett Hwy, Bothell, WA 98021, USA",2021 Tesla Model 3,business_personal_trip_log_08_28_2024_18_00am_PDT-08_29_2024_12_00am_PDT.csv
8/28/24,4:04:03 PM,8/28/24,4:13:56 PM,2.78,b,,"20802 Bothell Everett Hwy, Bothell, WA 98021, USA","20019 6 W, Lynnwood, WA 98036, USA",2021 Tesla Model 3,business_personal_trip_log_08_28_2024_18_00am_PDT-08_29_2024_12_00am_PDT.csv
8/28/24,4:43:42 PM,8/28/24,4:52:30 PM,2.55,b,,"705 200th Pl SW, Lynnwood, WA 98036, USA","19401 Alderwood Mall Pkwy, Lynnwood, WA 98036, USA",2021 Tesla Model 3,business_personal_trip_log_08_28_2024_18_00am_PDT-08_29_2024_12_00am_PDT.csv
8/28/24,5:47:05 PM,8/28/24,6:46:41 PM,19.58,b,,"19611 Alderwood Mall Pkwy, Lynnwood, WA 98036, USA","11450 NE 124th St, Kirkland, WA 98034, USA",2021 Tesla Model 3,business_personal_trip_log_08_28_2024_18_00am_PDT-08_29_2024_12_00am_PDT.csv
8/28/24,6:57:37 PM,8/28/24,7:25:57 PM,8.68,b,,"11438 NE 124th St, Kirkland, WA 98034, USA","11730 118th Ave NE, Kirkland, WA 98034, USA",2021 Tesla Model 3,business_personal_trip_log_08_28_2024_18_00am_PDT-08_29_2024_12_00am_PDT.csv
8/28/24,7:39:21 PM,8/28/24,7:53:09 PM,8.41,b,,"11750 NE 118th St, Kirkland, WA 98034, USA","21042 Bothell Everett Hwy, Bothell, WA 98021, USA",2021 Tesla Model 3,business_personal_trip_log_08_28_2024_18_00am_PDT-08_29_2024_12_00am_PDT.csv
8/28/24,8:02:16 PM,8/28/24,8:11:16 PM,3.06,p,,"21042 Bothell Everett Hwy, Bothell, WA 98021, USA","20019 6 W, Lynnwood, WA 98036, USA",2021 Tesla Model 3,business_personal_trip_log_08_28_2024_18_00am_PDT-08_29_2024_12_00am_PDT.csv
8/29/24,5:32:12 AM,8/29/24,7:18:43 AM,67.47,p,,"20019 6 W, Lynnwood, WA 98036, USA","20019 6 W, Lynnwood, WA 98036, USA",2021 Tesla Model 3,business_personal_trip_log_08_29_2024_18_00am_PDT-08_30_2024_12_00am_PDT.csv
8/31/24,9:55:36 AM,8/31/24,10:01:07 AM,2.03,p,,"20012 6th Pl W, Lynnwood, WA 98036, USA","131 167th Pl SW, Bothell, WA 98012, USA",2021 Tesla Model 3,business_personal_trip_log_08_31_2024_18_00am_PDT-09_01_2024_12_00am_PDT.csv
8/31/24,10:14:51 AM,8/31/24,10:23:25 AM,2.03,p,,"131 167th Pl SW, Bothell, WA 98012, USA","1711 163rd Pl SE, Mill Creek, WA 98012, USA",2021 Tesla Model 3,business_personal_trip_log_08_31_2024_18_00am_PDT-09_01_2024_12_00am_PDT.csv
8/31/24,10:35:49 AM,8/31/24,10:44:16 AM,2.75,p,,"16328 17th Ave SE, Mill Creek, WA 98012, USA","14027 50th Dr SE, Snohomish, WA 98296, USA",2021 Tesla Model 3,business_personal_trip_log_08_31_2024_18_00am_PDT-09_01_2024_12_00am_PDT.csv
8/31/24,10:51:39 AM,8/31/24,11:00:56 AM,3.53,p,,"14012 50th Dr SE, Snohomish, WA 98296, USA","14815 77th Ave SE, Snohomish, WA 98296, USA",2021 Tesla Model 3,business_personal_trip_log_08_31_2024_18_00am_PDT-09_01_2024_12_00am_PDT.csv
8/31/24,11:10:37 AM,8/31/24,11:17:27 AM,1.97,p,,"14811 77th Ave SE, Snohomish, WA 98296, USA","13710 59th Ave SE, Everett, WA 98208, USA",2021 Tesla Model 3,business_personal_trip_log_08_31_2024_18_00am_PDT-09_01_2024_12_00am_PDT.csv
8/31/24,11:51:27 AM,8/31/24,12:10:07 PM,7.35,p,,"13822 59th Ave SE, Everett, WA 98208, USA","608 200th Pl SW, Lynnwood, WA 98036, USA",2021 Tesla Model 3,business_personal_trip_log_08_31_2024_18_00am_PDT-09_01_2024_12_00am_PDT.csv
8/31/24,12:12:10 PM,8/31/24,12:26:48 PM,4.59,p,,"20012 6 W, Lynnwood, WA 98036, USA","20019 6 W, Lynnwood, WA 98036, USA",2021 Tesla Model 3,business_personal_trip_log_08_31_2024_18_00am_PDT-09_01_2024_12_00am_PDT.csv
8/31/24,1:32:34 PM,8/31/24,1:38:51 PM,2.19,b,,"20012 6th Pl W, Lynnwood, WA 98036, USA","22010 Oak Way, Brier, WA 98036, USA",2021 Tesla Model 3,business_personal_trip_log_08_31_2024_18_00am_PDT-09_01_2024_12_00am_PDT.csv
8/31/24,1:42:23 PM,8/31/24,1:54:24 PM,3.52,b,,"22016 Oak Way, Brier, WA 98036, USA","4720 200th St SW, Lynnwood, WA 98036, USA",2021 Tesla Model 3,business_personal_trip_log_08_31_2024_18_00am_PDT-09_01_2024_12_00am_PDT.csv
8/31/24,1:57:56 PM,8/31/24,2:53:33 PM,24.02,b,,"4720 200th St SW, Lynnwood, WA 98036, USA","3220 100th St SW, Everett, WA 98204, USA",2021 Tesla Model 3,business_personal_trip_log_08_31_2024_18_00am_PDT-09_01_2024_12_00am_PDT.csv
8/31/24,3:33:51 PM,8/31/24,4:09:33 PM,12.59,b,,"3220 100th St SW, Everett, WA 98204, USA","1703 198th St SW, Lynnwood, WA 98036, USA",2021 Tesla Model 3,business_personal_trip_log_08_31_2024_18_00am_PDT-09_01_2024_12_00am_PDT.csv
8/31/24,4:11:35 PM,8/31/24,4:18:29 PM,1.95,b,,"1704 198th St SW, Lynnwood, WA 98036, USA","20011 Damson Rd, Lynnwood, WA 98036, USA",2021 Tesla Model 3,business_personal_trip_log_08_31_2024_18_00am_PDT-09_01_2024_12_00am_PDT.csv
8/31/24,5:21:30 PM,8/31/24,5:51:54 PM,21.12,p,,"20019 6 W, Lynnwood, WA 98036, USA","9330 State Ave, Marysville, WA 98270, USA",2021 Tesla Model 3,business_personal_trip_log_08_31_2024_18_00am_PDT-09_01_2024_12_00am_PDT.csv
8/31/24,7:12:46 PM,8/31/24,7:14:17 PM,0.08,p,,"9330 State Ave, Marysville, WA 98270, USA","9317 State Ave, Marysville, WA 98270, USA",2021 Tesla Model 3,business_personal_trip_log_08_31_2024_18_00am_PDT-09_01_2024_12_00am_PDT.csv
8/31/24,8:57:56 PM,8/31/24,9:05:52 PM,2.92,p,,"9317 State Ave, Marysville, WA 98270, USA","9804 79th Dr NE, Marysville, WA 98270, USA",2021 Tesla Model 3,business_personal_trip_log_08_31_2024_18_00am_PDT-09_01_2024_12_00am_PDT.csv
9/1/24,9:10:44 AM,9/1/24,9:23:57 AM,5.93,b,,"20019 6 W, Lynnwood, WA 98036, USA","14728 44th Dr SE, Bothell, WA 98012, USA",2021 Tesla Model 3,business_personal_trip_log_09_01_2024_18_00am_PDT-09_02_2024_12_00am_PDT.csv
9/1/24,10:53:56 AM,9/1/24,11:12:44 AM,6,b,,"4326 148th St SE, Bothell, WA 98012, USA","720 200th Pl SW, Lynnwood, WA 98036, USA",2021 Tesla Model 3,business_personal_trip_log_09_01_2024_18_00am_PDT-09_02_2024_12_00am_PDT.csv
9/1/24,11:58:53 AM,9/1/24,12:31:18 PM,9.66,b,,"20012 6 W, Lynnwood, WA 98036, USA","19324 Alderwood Mall Pkwy, Lynnwood, WA 98036, USA",2021 Tesla Model 3,business_personal_trip_log_09_01_2024_18_00am_PDT-09_02_2024_12_00am_PDT.csv
9/1/24,12:51:37 PM,9/1/24,12:59:28 PM,1.06,b,,"19324 Alderwood Mall Pkwy, Lynnwood, WA 98036, USA","18725 33rd Ave W, Lynnwood, WA 98037, USA",2021 Tesla Model 3,business_personal_trip_log_09_01_2024_18_00am_PDT-09_02_2024_12_00am_PDT.csv
9/1/24,1:11:14 PM,9/1/24,1:22:19 PM,1.04,b,,"18733 33rd Ave W, Lynnwood, WA 98037, USA","2615 184th St SW, Lynnwood, WA 98037, USA",2021 Tesla Model 3,business_personal_trip_log_09_01_2024_18_00am_PDT-09_02_2024_12_00am_PDT.csv
9/1/24,1:24:30 PM,9/1/24,2:49:04 PM,43.33,b,,"2615 184th St SW, Lynnwood, WA 98037, USA","1220 NE Ballinger Pl, Shoreline, WA 98155, USA",2021 Tesla Model 3,business_personal_trip_log_09_01_2024_18_00am_PDT-09_02_2024_12_00am_PDT.csv
9/1/24,2:53:13 PM,9/1/24,3:19:50 PM,9.22,b,,"1233 NE Ballinger Pl, Shoreline, WA 98155, USA","20019 6 W, Lynnwood, WA 98036, USA",2021 Tesla Model 3,business_personal_trip_log_09_01_2024_18_00am_PDT-09_02_2024_12_00am_PDT.csv
9/2/24,1:55:58 PM,9/2/24,2:02:44 PM,2.57,b,,"608 200th Pl SW, Lynnwood, WA 98036, USA","2617 196th St SW, Lynnwood, WA 98036, USA",2021 Tesla Model 3,business_personal_trip_log_09_02_2024_18_00am_PDT-09_03_2024_12_00am_PDT.csv
9/2/24,2:51:58 PM,9/2/24,3:18:56 PM,8.6,b,,"2617 196th St SW, Lynnwood, WA 98036, USA","20019 6th Pl W, Lynnwood, WA 98036, USA",2021 Tesla Model 3,business_personal_trip_log_09_02_2024_18_00am_PDT-09_03_2024_12_00am_PDT.csv
9/2/24,3:26:09 PM,9/2/24,4:31:16 PM,51.23,p,,"612 200th Pl SW, Lynnwood, WA 98036, USA","400 15th Ave SE, Puyallup, WA 98372, USA",2021 Tesla Model 3,business_personal_trip_log_09_02_2024_18_00am_PDT-09_03_2024_12_00am_PDT.csv
9/2/24,6:50:20 PM,9/2/24,7:44:45 PM,48.76,p,,"400 15th Ave SE, Puyallup, WA 98372, USA","608 200th Pl SW, Lynnwood, WA 98036, USA",2021 Tesla Model 3,business_personal_trip_log_09_02_2024_18_00am_PDT-09_03_2024_12_00am_PDT.csv
9/3/24,12:01:02 PM,9/3/24,12:47:26 PM,27.95,p,,"20019 6 W, Lynnwood, WA 98036, USA","4040 Maple Valley Hwy, Renton, WA 98058, USA",2021 Tesla Model 3,business_personal_trip_log_09_03_2024_18_00am_PDT-09_04_2024_12_00am_PDT.csv
9/3/24,6:42:32 PM,9/3/24,7:17:59 PM,27.59,p,,"4040 Maple Valley Hwy, Renton, WA 98058, USA","20019 6 W, Lynnwood, WA 98036, USA",2021 Tesla Model 3,business_personal_trip_log_09_03_2024_18_00am_PDT-09_04_2024_12_00am_PDT.csv
9/4/24,9:31:32 AM,9/4/24,9:41:53 AM,2.71,p,,"612 200th Pl SW, Lynnwood, WA 98036, USA","20019 6 W, Lynnwood, WA 98036, USA",2021 Tesla Model 3,business_personal_trip_log_09_04_2024_18_00am_PDT-09_05_2024_12_00am_PDT.csv
9/4/24,9:56:21 AM,9/4/24,10:13:01 AM,8.07,p,,"20019 6 W, Lynnwood, WA 98036, USA","10601 47th Pl W, Mukilteo, WA 98275, USA",2021 Tesla Model 3,business_personal_trip_log_09_04_2024_18_00am_PDT-09_05_2024_12_00am_PDT.csv
9/4/24,11:49:13 AM,9/4/24,12:12:57 PM,9.48,p,,"10601 47th Pl W, Mukilteo, WA 98275, USA","20019 6 W, Lynnwood, WA 98036, USA",2021 Tesla Model 3,business_personal_trip_log_09_04_2024_18_00am_PDT-09_05_2024_12_00am_PDT.csv
9/4/24,12:19:39 PM,9/4/24,1:07:01 PM,17.21,b,,"20012 6 W, Lynnwood, WA 98036, USA","18133 33rd Ave W, Lynnwood, WA 98037, USA",2021 Tesla Model 3,business_personal_trip_log_09_04_2024_18_00am_PDT-09_05_2024_12_00am_PDT.csv
9/4/24,1:35:10 PM,9/4/24,1:55:48 PM,2.19,b,,"18133 33rd Ave W, Lynnwood, WA 98037, USA","15632 35th Ave W, Lynnwood, WA 98087, USA",2021 Tesla Model 3,business_personal_trip_log_09_04_2024_18_00am_PDT-09_05_2024_12_00am_PDT.csv
9/4/24,2:03:16 PM,9/4/24,2:24:03 PM,7.31,b,,"3421 156th St SW, Lynnwood, WA 98087, USA","11928 Beverly Park Rd, Everett, WA 98204, USA",2021 Tesla Model 3,business_personal_trip_log_09_04_2024_18_00am_PDT-09_05_2024_12_00am_PDT.csv
9/4/24,2:30:32 PM,9/4/24,2:32:49 PM,0.34,b,,"11928 Beverly Park Rd, Everett, WA 98204, USA","11910 Beverly Park Rd, Everett, WA 98204, USA",2021 Tesla Model 3,business_personal_trip_log_09_04_2024_18_00am_PDT-09_05_2024_12_00am_PDT.csv
9/4/24,2:38:29 PM,9/4/24,3:42:14 PM,14.81,b,,"11910 Beverly Park Rd, Everett, WA 98204, USA","12711 Beverly Park Rd, Lynnwood, WA 98087, USA",2021 Tesla Model 3,business_personal_trip_log_09_04_2024_18_00am_PDT-09_05_2024_12_00am_PDT.csv
9/4/24,3:44:30 PM,9/4/24,4:58:02 PM,35.24,b,,"12701 Mukilteo Speedway, Lynnwood, WA 98087, USA",Unknown,2021 Tesla Model 3,business_personal_trip_log_09_04_2024_18_00am_PDT-09_05_2024_12_00am_PDT.csv
9/4/24,5:01:25 PM,9/4/24,5:35:07 PM,22.22,b,,"18000 International Blvd, Seatac, WA 98188, USA","540 8th Ave, Kirkland, WA 98033, USA",2021 Tesla Model 3,business_personal_trip_log_09_04_2024_18_00am_PDT-09_05_2024_12_00am_PDT.csv
9/4/24,5:45:24 PM,9/4/24,6:23:19 PM,12.46,b,,"505 8th Ave, Kirkland, WA 98033, USA","212 W Winesap Rd, Bothell, WA 98012, USA",2021 Tesla Model 3,business_personal_trip_log_09_04_2024_18_00am_PDT-09_05_2024_12_00am_PDT.csv
9/4/24,6:27:50 PM,9/4/24,6:32:39 PM,0.95,p,,"212 W Winesap Rd, Bothell, WA 98012, USA","20019 6 W, Lynnwood, WA 98036, USA",2021 Tesla Model 3,business_personal_trip_log_09_04_2024_18_00am_PDT-09_05_2024_12_00am_PDT.csv
9/5/24,11:01:40 AM,9/5/24,11:07:55 AM,1.68,b,,"615 200th Pl SW, Lynnwood, WA 98036, USA","2109 196th St SW, Lynnwood, WA 98036, USA",2021 Tesla Model 3,business_personal_trip_log_09_05_2024_18_00am_PDT-09_06_2024_12_00am_PDT.csv
9/5/24,11:09:55 AM,9/5/24,11:44:16 AM,10.59,b,,"2109 196th St SW, Lynnwood, WA 98036, USA","22511 Highway 99, Edmonds, WA 98026, USA",2021 Tesla Model 3,business_personal_trip_log_09_05_2024_18_00am_PDT-09_06_2024_12_00am_PDT.csv
9/5/24,11:46:40 AM,9/5/24,12:40:24 PM,18.79,b,,"22400 Highway 99, Edmonds, WA 98026, USA",Unknown,2021 Tesla Model 3,business_personal_trip_log_09_05_2024_18_00am_PDT-09_06_2024_12_00am_PDT.csv
9/5/24,1:11:40 PM,9/5/24,2:12:31 PM,13.52,b,,"10200 19th Ave SE, Everett, WA 98208, USA","4201 Terrace Dr, Everett, WA 98203, USA",2021 Tesla Model 3,business_personal_trip_log_09_05_2024_18_00am_PDT-09_06_2024_12_00am_PDT.csv
9/5/24,2:36:07 PM,9/5/24,5:41:17 PM,91.81,b,,"4201 Terrace Dr, Everett, WA 98203, USA","6806 NE 175th St, Kenmore, WA 98028, USA",2021 Tesla Model 3,business_personal_trip_log_09_05_2024_18_00am_PDT-09_06_2024_12_00am_PDT.csv
9/5/24,5:43:27 PM,9/5/24,6:11:22 PM,9.88,b,,"6744 NE Bothell Way, Kenmore, WA 98028, USA","20019 6 W, Lynnwood, WA 98036, USA",2021 Tesla Model 3,business_personal_trip_log_09_05_2024_18_00am_PDT-09_06_2024_12_00am_PDT.csv
9/6/24,8:51:40 AM,9/6/24,9:12:40 AM,9.41,p,,"726 200th Pl SW, Lynnwood, WA 98036, USA","10601 47th Pl W, Mukilteo, WA 98275, USA",2021 Tesla Model 3,business_personal_trip_log_09_06_2024_18_00am_PDT-09_07_2024_12_00am_PDT.csv
9/6/24,11:33:52 AM,9/6/24,11:52:22 AM,8,p,,"10601 47th Pl W, Mukilteo, WA 98275, USA","20019 6 W, Lynnwood, WA 98036, USA",2021 Tesla Model 3,business_personal_trip_log_09_06_2024_18_00am_PDT-09_07_2024_12_00am_PDT.csv
9/6/24,12:31:25 PM,9/6/24,12:40:51 PM,3.98,p,,"20012 6th Pl W, Lynnwood, WA 98036, USA","22612 Bothell Everett Hwy, Bothell, WA 98021, USA",2021 Tesla Model 3,business_personal_trip_log_09_06_2024_18_00am_PDT-09_07_2024_12_00am_PDT.csv
9/6/24,12:43:21 PM,9/6/24,1:03:51 PM,13.67,p,,"22400 17th Ave SE, Bothell, WA 98021, USA","108 Bellevue Sq, Bellevue, WA 98004, USA",2021 Tesla Model 3,business_personal_trip_log_09_06_2024_18_00am_PDT-09_07_2024_12_00am_PDT.csv
9/6/24,1:12:10 PM,9/6/24,2:28:42 PM,49.22,p,,"525 100th Ave NE, Bellevue, WA 98004, USA","8102 Zircon Dr SW, Lakewood, WA 98498, USA",2021 Tesla Model 3,business_personal_trip_log_09_06_2024_18_00am_PDT-09_07_2024_12_00am_PDT.csv
9/6/24,8:06:28 PM,9/6/24,9:16:53 PM,59.6,p,,"8102 Zircon Dr SW, Lakewood, WA 98498, USA","20019 6 W, Lynnwood, WA 98036, USA",2021 Tesla Model 3,business_personal_trip_log_09_06_2024_18_00am_PDT-09_07_2024_12_00am_PDT.csv
9/6/24,10:13:09 PM,9/6/24,10:24:22 PM,4.53,p,,"20012 6th Pl W, Lynnwood, WA 98036, USA","20019 6 W, Lynnwood, WA 98036, USA",2021 Tesla Model 3,business_personal_trip_log_09_06_2024_18_00am_PDT-09_07_2024_12_00am_PDT.csv
9/7/24,8:38:36 AM,9/7/24,8:46:59 AM,3.53,p,,"608 200th Pl SW, Lynnwood, WA 98036, USA","1402 164th St SW, Lynnwood, WA 98087, USA",2021 Tesla Model 3,business_personal_trip_log_09_07_2024_18_00am_PDT-09_08_2024_12_00am_PDT.csv
9/7/24,8:53:43 AM,9/7/24,9:07:32 AM,6,p,,"1402 164th St SW, Lynnwood, WA 98087, USA","20019 6 W, Lynnwood, WA 98036, USA",2021 Tesla Model 3,business_personal_trip_log_09_07_2024_18_00am_PDT-09_08_2024_12_00am_PDT.csv
9/7/24,3:25:30 PM,9/7/24,3:50:13 PM,5.37,b,,"608 200th Pl SW, Lynnwood, WA 98036, USA","19401 Alderwood Mall Pkwy, Lynnwood, WA 98036, USA",2021 Tesla Model 3,business_personal_trip_log_09_07_2024_18_00am_PDT-09_08_2024_12_00am_PDT.csv
9/7/24,3:58:30 PM,9/7/24,4:10:44 PM,1.54,b,,"19611 Alderwood Mall Pkwy, Lynnwood, WA 98036, USA","20208 Poplar Way, Lynnwood, WA 98036, USA",2021 Tesla Model 3,business_personal_trip_log_09_07_2024_18_00am_PDT-09_08_2024_12_00am_PDT.csv
9/7/24,4:12:59 PM,9/7/24,4:44:08 PM,10.69,b,,"20311 Poplar Way, Lynnwood, WA 98036, USA","9702 NE Juanita Dr, Kirkland, WA 98034, USA",2021 Tesla Model 3,business_personal_trip_log_09_07_2024_18_00am_PDT-09_08_2024_12_00am_PDT.csv
9/7/24,4:53:09 PM,9/7/24,5:00:54 PM,1.77,b,,"9702 NE Juanita Dr, Kirkland, WA 98034, USA","9824 NE 139th St, Kirkland, WA 98034, USA",2021 Tesla Model 3,business_personal_trip_log_09_07_2024_18_00am_PDT-09_08_2024_12_00am_PDT.csv
9/7/24,5:03:28 PM,9/7/24,5:06:10 PM,0.55,b,,"9702 NE 139th St, Kirkland, WA 98034, USA","13335 100th Ave NE, Kirkland, WA 98034, USA",2021 Tesla Model 3,business_personal_trip_log_09_07_2024_18_00am_PDT-09_08_2024_12_00am_PDT.csv
9/7/24,5:09:56 PM,9/7/24,5:16:00 PM,1.03,b,,"13335 100th Ave NE, Kirkland, WA 98034, USA","13636 100th Ave NE, Kirkland, WA 98034, USA",2021 Tesla Model 3,business_personal_trip_log_09_07_2024_18_00am_PDT-09_08_2024_12_00am_PDT.csv
9/7/24,5:26:10 PM,9/7/24,5:34:06 PM,2.26,b,,"13636 100th Ave NE, Kirkland, WA 98034, USA","17210 Bothell Way NE, Bothell, WA 98011, USA",2021 Tesla Model 3,business_personal_trip_log_09_07_2024_18_00am_PDT-09_08_2024_12_00am_PDT.csv
9/7/24,5:37:09 PM,9/7/24,5:59:16 PM,4.86,b,,"17422 Bothell Way NE, Bothell, WA 98011, USA","14710 Woodinville Redmond Rd NE, Woodinville, WA 98072, USA",2021 Tesla Model 3,business_personal_trip_log_09_07_2024_18_00am_PDT-09_08_2024_12_00am_PDT.csv
9/7/24,6:03:24 PM,9/7/24,6:28:10 PM,9.77,b,,"14501 Woodinville Redmond Rd NE, Woodinville, WA 98072, USA","20019 6 W, Lynnwood, WA 98036, USA",2021 Tesla Model 3,business_personal_trip_log_09_07_2024_18_00am_PDT-09_08_2024_12_00am_PDT.csv
9/8/24,9:12:48 AM,9/8/24,9:27:33 AM,5.95,p,,"20012 6 W, Lynnwood, WA 98036, USA","4326 148th St SE, Bothell, WA 98012, USA",2021 Tesla Model 3,business_personal_trip_log_09_08_2024_18_00am_PDT-09_09_2024_12_00am_PDT.csv
9/8/24,10:44:02 AM,9/8/24,10:54:15 AM,2.91,p,,"14730 45th Ave SE, Bothell, WA 98012, USA","16304 Bothell Everett Hwy, Mill Creek, WA 98012, USA",2021 Tesla Model 3,business_personal_trip_log_09_08_2024_18_00am_PDT-09_09_2024_12_00am_PDT.csv
9/8/24,11:02:28 AM,9/8/24,11:11:38 AM,3.39,p,,"16304 Bothell Everett Hwy, Mill Creek, WA 98012, USA","20019 6 W, Lynnwood, WA 98036, USA",2021 Tesla Model 3,business_personal_trip_log_09_08_2024_18_00am_PDT-09_09_2024_12_00am_PDT.csv
9/8/24,6:31:23 PM,9/8/24,6:53:29 PM,9.25,p,,"20012 6 W, Lynnwood, WA 98036, USA","15901 Westminster Way N, Shoreline, WA 98133, USA",2021 Tesla Model 3,business_personal_trip_log_09_08_2024_18_00am_PDT-09_09_2024_12_00am_PDT.csv
9/8/24,7:23:32 PM,9/8/24,7:38:10 PM,4.21,p,,"15725 Westminster Way N, Shoreline, WA 98133, USA","21920 Highway 99, Edmonds, WA 98026, USA",2021 Tesla Model 3,business_personal_trip_log_09_08_2024_18_00am_PDT-09_09_2024_12_00am_PDT.csv
9/8/24,8:03:16 PM,9/8/24,8:20:21 PM,5.81,p,,"21900 Highway 99, Edmonds, WA 98026, USA","20012 6 W, Lynnwood, WA 98036, USA",2021 Tesla Model 3,business_personal_trip_log_09_08_2024_18_00am_PDT-09_09_2024_12_00am_PDT.csv
9/9/24,9:52:25 AM,9/9/24,10:11:11 AM,7.75,p,,"20019 6 W, Lynnwood, WA 98036, USA","10500 47th Pl W, Mukilteo, WA 98275, USA",2021 Tesla Model 3,business_personal_trip_log_09_09_2024_18_00am_PDT-09_10_2024_12_00am_PDT.csv
9/9/24,12:33:44 PM,9/9/24,12:43:26 PM,3.42,b,,"10600 47th Pl W, Mukilteo, WA 98275, USA","5518 141st St SW, Edmonds, WA 98026, USA",2021 Tesla Model 3,business_personal_trip_log_09_09_2024_18_00am_PDT-09_10_2024_12_00am_PDT.csv
9/9/24,12:47:00 PM,9/9/24,12:54:56 PM,2.04,b,,"5518 141st St SW, Edmonds, WA 98026, USA","3703 156th St SW, Lynnwood, WA 98087, USA",2021 Tesla Model 3,business_personal_trip_log_09_09_2024_18_00am_PDT-09_10_2024_12_00am_PDT.csv
9/9/24,12:59:51 PM,9/9/24,1:09:45 PM,2.91,b,,"15517 40th Ave W, Lynnwood, WA 98087, USA","18800 Alderwood Mall Pkwy, Lynnwood, WA 98037, USA",2021 Tesla Model 3,business_personal_trip_log_09_09_2024_18_00am_PDT-09_10_2024_12_00am_PDT.csv
9/9/24,1:18:49 PM,9/9/24,2:39:55 PM,15.97,b,,"18800 Alderwood Mall Pkwy, Lynnwood, WA 98037, USA","3711 196th St SW, Lynnwood, WA 98036, USA",2021 Tesla Model 3,business_personal_trip_log_09_09_2024_18_00am_PDT-09_10_2024_12_00am_PDT.csv
9/9/24,2:41:59 PM,9/9/24,3:12:22 PM,9.6,b,,"3611 196th St SW, Lynnwood, WA 98036, USA","14500 Greenwood Ave N, Shoreline, WA 98133, USA",2021 Tesla Model 3,business_personal_trip_log_09_09_2024_18_00am_PDT-09_10_2024_12_00am_PDT.csv
9/9/24,3:25:40 PM,9/9/24,3:52:47 PM,5.79,b,,"405 N 145th St, Seattle, WA 98133, USA","21940 Highway 99, Edmonds, WA 98026, USA",2021 Tesla Model 3,business_personal_trip_log_09_09_2024_18_00am_PDT-09_10_2024_12_00am_PDT.csv
9/9/24,4:06:43 PM,9/9/24,4:26:31 PM,5.67,b,,"21940 Highway 99, Edmonds, WA 98026, USA","20019 6 W, Lynnwood, WA 98036, USA",2021 Tesla Model 3,business_personal_trip_log_09_09_2024_18_00am_PDT-09_10_2024_12_00am_PDT.csv
9/10/24,11:41:36 AM,9/10/24,12:55:47 PM,56.4,p,,"20012 6 W, Lynnwood, WA 98036, USA","3325 Mountain View Ave W, Tacoma, WA 98466, USA",2021 Tesla Model 3,business_personal_trip_log_09_10_2024_18_00am_PDT-09_11_2024_12_00am_PDT.csv
9/10/24,6:27:41 PM,9/10/24,7:31:09 PM,56.37,,,"3328 Mountain View Ave W, Tacoma, WA 98466, USA","20019 6 W, Lynnwood, WA 98036, USA",2021 Tesla Model 3,business_personal_trip_log_09_10_2024_18_00am_PDT-09_11_2024_12_00am_PDT.csv
9/11/24,1:00:19 PM,9/11/24,1:13:54 PM,5.41,p,,"608 200th Pl SW, Lynnwood, WA 98036, USA",Unknown,2021 Tesla Model 3,business_personal_trip_log_09_11_2024_18_00am_PDT-09_12_2024_12_00am_PDT.csv
9/11/24,2:16:05 PM,9/11/24,2:32:26 PM,5.33,p,,"10123 Main Pl, Bothell, WA 98011, USA","20019 6 W, Lynnwood, WA 98036, USA",2021 Tesla Model 3,business_personal_trip_log_09_11_2024_18_00am_PDT-09_12_2024_12_00am_PDT.csv
9/12/24,9:44:59 AM,9/12/24,10:05:07 AM,8.02,p,,"608 200th Pl SW, Lynnwood, WA 98036, USA","10601 47th Pl W, Mukilteo, WA 98275, USA",2021 Tesla Model 3,business_personal_trip_log_09_12_2024_18_00am_PDT-09_13_2024_12_00am_PDT.csv
9/12/24,10:50:52 AM,9/12/24,11:11:28 AM,8.71,p,,"10601 47th Pl W, Mukilteo, WA 98275, USA","20019 6 W, Lynnwood, WA 98036, USA",2021 Tesla Model 3,business_personal_trip_log_09_12_2024_18_00am_PDT-09_13_2024_12_00am_PDT.csv
9/12/24,1:53:10 PM,9/12/24,1:56:01 PM,1.01,b,,"20019 6 W, Lynnwood, WA 98036, USA","1320 Logan Rd, Lynnwood, WA 98036, USA",2021 Tesla Model 3,business_personal_trip_log_09_12_2024_18_00am_PDT-09_13_2024_12_00am_PDT.csv
9/12/24,1:58:13 PM,9/12/24,2:33:52 PM,13.44,b,,"20823 14th Pl W, Lynnwood, WA 98036, USA","2700 NE University Village St, Seattle, WA 98105, USA",2021 Tesla Model 3,business_personal_trip_log_09_12_2024_18_00am_PDT-09_13_2024_12_00am_PDT.csv
9/12/24,2:52:03 PM,9/12/24,4:01:56 PM,23.7,b,,"2700 NE University Village St, Seattle, WA 98105, USA","20019 6 W, Lynnwood, WA 98036, USA",2021 Tesla Model 3,business_personal_trip_log_09_12_2024_18_00am_PDT-09_13_2024_12_00am_PDT.csv
9/13/24,9:55:41 AM,9/13/24,10:14:55 AM,5.7,p,,"20019 6 W, Lynnwood, WA 98036, USA","20216 68th Ave W, Lynnwood, WA 98036, USA",2021 Tesla Model 3,business_personal_trip_log_09_13_2024_18_00am_PDT-09_14_2024_12_00am_PDT.csv
9/13/24,1:32:57 PM,9/13/24,1:50:30 PM,5.46,p,,"20216 68th Ave W, Lynnwood, WA 98036, USA","20019 6 W, Lynnwood, WA 98036, USA",2021 Tesla Model 3,business_personal_trip_log_09_13_2024_18_00am_PDT-09_14_2024_12_00am_PDT.csv
9/13/24,5:21:15 PM,9/13/24,5:51:06 PM,16.63,p,,"608 200th Pl SW, Lynnwood, WA 98036, USA","203 116th Ave NE, Bellevue, WA 98004, USA",2021 Tesla Model 3,business_personal_trip_log_09_13_2024_18_00am_PDT-09_14_2024_12_00am_PDT.csv
9/13/24,5:54:26 PM,9/13/24,6:28:29 PM,16.82,p,,"203 116th Ave NE, Bellevue, WA 98004, USA","20019 6 W, Lynnwood, WA 98036, USA",2021 Tesla Model 3,business_personal_trip_log_09_13_2024_18_00am_PDT-09_14_2024_12_00am_PDT.csv
9/14/24,10:13:49 AM,9/14/24,11:03:33 AM,13.16,b,b,"20019 6 W, Lynnwood, WA 98036, USA","16607 13th Ave W, Lynnwood, WA 98037, USA",2021 Tesla Model 3,business_personal_trip_log_09_14_2024_12_00am_PDT-09_15_2024_12_00am_PDT.csv
9/14/24,11:07:30 AM,9/14/24,12:08:04 PM,27.92,b,b,"16531 13th Ave W, Lynnwood, WA 98037, USA","12241 Main St, Bellevue, WA 98005, USA",2021 Tesla Model 3,business_personal_trip_log_09_14_2024_12_00am_PDT-09_15_2024_12_00am_PDT.csv
9/14/24,12:13:31 PM,9/14/24,12:29:00 PM,2.71,b,b,"12241 Main St, Bellevue, WA 98005, USA","919 Bellevue Way NE, Bellevue, WA 98004, USA",2021 Tesla Model 3,business_personal_trip_log_09_14_2024_12_00am_PDT-09_15_2024_12_00am_PDT.csv
9/14/24,12:31:51 PM,9/14/24,2:01:12 PM,29.76,b,b,"555 Bellevue Sq, Bellevue, WA 98004, USA","10705 Des Moines Memorial Dr S, Seattle, WA 98168, USA",2021 Tesla Model 3,business_personal_trip_log_09_14_2024_12_00am_PDT-09_15_2024_12_00am_PDT.csv
9/14/24,2:03:21 PM,9/14/24,2:15:15 PM,4.23,b,b,"10707 Des Moines Memorial Dr S, Seattle, WA 98168, USA","14300 1st Ave S, Burien, WA 98168, USA",2021 Tesla Model 3,business_personal_trip_log_09_14_2024_12_00am_PDT-09_15_2024_12_00am_PDT.csv
9/14/24,2:20:23 PM,9/14/24,2:59:10 PM,30.58,b,b,"14300 1st Ave S, Burien, WA 98168, USA","21105 Bothell Everett Hwy, Bothell, WA 98021, USA",2021 Tesla Model 3,business_personal_trip_log_09_14_2024_12_00am_PDT-09_15_2024_12_00am_PDT.csv
9/14/24,3:01:26 PM,9/14/24,3:08:11 PM,2.77,,b,"20802 Bothell Everett Hwy, Bothell, WA 98021, USA","20019 6 W, Lynnwood, WA 98036, USA",2021 Tesla Model 3,business_personal_trip_log_09_14_2024_12_00am_PDT-09_15_2024_12_00am_PDT.csv
9/14/24,4:52:59 PM,9/14/24,5:03:45 PM,3.17,,p,"20019 6 W, Lynnwood, WA 98036, USA","1306 228th St SE, Bothell, WA 98021, USA",2021 Tesla Model 3,business_personal_trip_log_09_14_2024_12_00am_PDT-09_15_2024_12_00am_PDT.csv
9/14/24,7:29:16 PM,9/14/24,7:42:26 PM,4.66,,p,"1220 228th St SE, Bothell, WA 98021, USA","16202 Bothell Everett Hwy, Mill Creek, WA 98012, USA",2021 Tesla Model 3,business_personal_trip_log_09_14_2024_12_00am_PDT-09_15_2024_12_00am_PDT.csv
9/14/24,7:48:14 PM,9/14/24,7:57:29 PM,1.99,,p,"16232 Bothell Everett Hwy, Mill Creek, WA 98012, USA","1400 164th St SW, Lynnwood, WA 98087, USA",2021 Tesla Model 3,business_personal_trip_log_09_14_2024_12_00am_PDT-09_15_2024_12_00am_PDT.csv
9/14/24,8:05:43 PM,9/14/24,8:15:06 PM,3.56,,p,"1400 164th St SW, Lynnwood, WA 98087, USA","20019 6 W, Lynnwood, WA 98036, USA",2021 Tesla Model 3,business_personal_trip_log_09_14_2024_12_00am_PDT-09_15_2024_12_00am_PDT.csv
9/14/24,10:13:49 AM,9/14/24,11:03:33 AM,13.16,b,,"20019 6 W, Lynnwood, WA 98036, USA","16607 13th Ave W, Lynnwood, WA 98037, USA",2021 Tesla Model 3,business_personal_trip_log_09_14_2024_18_00am_PDT-09_15_2024_12_00am_PDT.csv
9/14/24,11:07:30 AM,9/14/24,12:08:04 PM,27.92,b,,"16531 13th Ave W, Lynnwood, WA 98037, USA","12241 Main St, Bellevue, WA 98005, USA",2021 Tesla Model 3,business_personal_trip_log_09_14_2024_18_00am_PDT-09_15_2024_12_00am_PDT.csv
9/14/24,12:13:31 PM,9/14/24,12:29:00 PM,2.71,b,,"12241 Main St, Bellevue, WA 98005, USA","919 Bellevue Way NE, Bellevue, WA 98004, USA",2021 Tesla Model 3,business_personal_trip_log_09_14_2024_18_00am_PDT-09_15_2024_12_00am_PDT.csv
9/14/24,12:31:51 PM,9/14/24,2:01:12 PM,29.76,b,,"555 Bellevue Sq, Bellevue, WA 98004, USA","10705 Des Moines Memorial Dr S, Seattle, WA 98168, USA",2021 Tesla Model 3,business_personal_trip_log_09_14_2024_18_00am_PDT-09_15_2024_12_00am_PDT.csv
9/14/24,2:03:21 PM,9/14/24,2:15:15 PM,4.23,b,,"10707 Des Moines Memorial Dr S, Seattle, WA 98168, USA","14300 1st Ave S, Burien, WA 98168, USA",2021 Tesla Model 3,business_personal_trip_log_09_14_2024_18_00am_PDT-09_15_2024_12_00am_PDT.csv
9/14/24,2:20:23 PM,9/14/24,2:59:10 PM,30.58,b,,"14300 1st Ave S, Burien, WA 98168, USA","21105 Bothell Everett Hwy, Bothell, WA 98021, USA",2021 Tesla Model 3,business_personal_trip_log_09_14_2024_18_00am_PDT-09_15_2024_12_00am_PDT.csv
9/14/24,3:01:26 PM,9/14/24,3:08:11 PM,2.77,b,,"20802 Bothell Everett Hwy, Bothell, WA 98021, USA","20019 6 W, Lynnwood, WA 98036, USA",2021 Tesla Model 3,business_personal_trip_log_09_14_2024_18_00am_PDT-09_15_2024_12_00am_PDT.csv
9/14/24,4:52:59 PM,9/14/24,5:03:45 PM,3.17,p,,"20019 6 W, Lynnwood, WA 98036, USA","1306 228th St SE, Bothell, WA 98021, USA",2021 Tesla Model 3,business_personal_trip_log_09_14_2024_18_00am_PDT-09_15_2024_12_00am_PDT.csv
9/14/24,7:29:16 PM,9/14/24,7:42:26 PM,4.66,p,,"1220 228th St SE, Bothell, WA 98021, USA","16202 Bothell Everett Hwy, Mill Creek, WA 98012, USA",2021 Tesla Model 3,business_personal_trip_log_09_14_2024_18_00am_PDT-09_15_2024_12_00am_PDT.csv
9/14/24,7:48:14 PM,9/14/24,7:57:29 PM,1.99,p,,"16232 Bothell Everett Hwy, Mill Creek, WA 98012, USA","1400 164th St SW, Lynnwood, WA 98087, USA",2021 Tesla Model 3,business_personal_trip_log_09_14_2024_18_00am_PDT-09_15_2024_12_00am_PDT.csv
9/14/24,8:05:43 PM,9/14/24,8:15:06 PM,3.56,p,,"1400 164th St SW, Lynnwood, WA 98087, USA","20019 6 W, Lynnwood, WA 98036, USA",2021 Tesla Model 3,business_personal_trip_log_09_14_2024_18_00am_PDT-09_15_2024_12_00am_PDT.csv
9/15/24,9:12:59 AM,9/15/24,9:27:02 AM,5.94,p,,"20012 6th Pl W, Lynnwood, WA 98036, USA","14731 44 SE, Bothell, WA 98012, USA",2021 Tesla Model 3,business_personal_trip_log_09_15_2024_12_00am_PDT-09_16_2024_12_00am_PDT.csv
9/15/24,10:45:39 AM,9/15/24,11:00:12 AM,5.97,p,,"4326 148th St SE, Bothell, WA 98012, USA","20019 6 W, Lynnwood, WA 98036, USA",2021 Tesla Model 3,business_personal_trip_log_09_15_2024_12_00am_PDT-09_16_2024_12_00am_PDT.csv
9/15/24,12:31:31 PM,9/15/24,1:26:32 PM,41.59,p,,"20019 6 W, Lynnwood, WA 98036, USA","1688 S 348th St, Federal Way, WA 98003, USA",2021 Tesla Model 3,business_personal_trip_log_09_15_2024_12_00am_PDT-09_16_2024_12_00am_PDT.csv
9/15/24,1:29:58 PM,9/15/24,1:32:17 PM,0.25,p,,"WA 18, Federal Way, WA 98003, USA","34814 Pacific Hwy S, Federal Way, WA 98003, USA",2021 Tesla Model 3,business_personal_trip_log_09_15_2024_12_00am_PDT-09_16_2024_12_00am_PDT.csv
9/15/24,1:43:36 PM,9/15/24,2:18:36 PM,13.01,p,,"34814 Pacific Hwy S, Federal Way, WA 98003, USA","12606 132nd Ave Ct E, Puyallup, WA 98374, USA",2021 Tesla Model 3,business_personal_trip_log_09_15_2024_12_00am_PDT-09_16_2024_12_00am_PDT.csv
9/15/24,5:37:37 PM,9/15/24,5:46:19 PM,2.88,p,,"12612 132nd Avct E, Puyallup, WA 98374, USA","12009 Meridian E, Puyallup, WA 98373, USA",2021 Tesla Model 3,business_personal_trip_log_09_15_2024_12_00am_PDT-09_16_2024_12_00am_PDT.csv
9/15/24,5:50:54 PM,9/15/24,5:54:40 PM,0.66,p,,"12009 Meridian E, Puyallup, WA 98373, USA","3811 S Meridian, Puyallup, WA 98373, USA",2021 Tesla Model 3,business_personal_trip_log_09_15_2024_12_00am_PDT-09_16_2024_12_00am_PDT.csv
9/15/24,6:12:42 PM,9/15/24,6:21:14 PM,3.26,p,,"3811 S Meridian, Puyallup, WA 98373, USA","12606 132nd Ave Ct E, Puyallup, WA 98374, USA",2021 Tesla Model 3,business_personal_trip_log_09_15_2024_12_00am_PDT-09_16_2024_12_00am_PDT.csv
9/15/24,6:29:34 PM,9/15/24,7:33:39 PM,52.42,p,,"12608 132nd Ave Ct E, Puyallup, WA 98374, USA","20019 6 W, Lynnwood, WA 98036, USA",2021 Tesla Model 3,business_personal_trip_log_09_15_2024_12_00am_PDT-09_16_2024_12_00am_PDT.csv
9/15/24,7:56:49 PM,9/15/24,8:32:49 PM,23.14,p,,"20012 6 W, Lynnwood, WA 98036, USA","9804 79th Dr NE, Marysville, WA 98270, USA",2021 Tesla Model 3,business_personal_trip_log_09_15_2024_12_00am_PDT-09_16_2024_12_00am_PDT.csv
9/24/24,1:22:30 PM,9/24/24,1:38:51 PM,4.31,b,,"20019 6 W, Lynnwood, WA 98036, USA","20111 46th Ave W, Lynnwood, WA 98036, USA",2021 Tesla Model 3,business_personal_trip_log_09_24_2024_12_00am_PDT-09_25_2024_12_00am_PDT.csv
9/24/24,1:42:38 PM,9/24/24,2:17:54 PM,17.01,b,,"20201 46th Ave W, Lynnwood, WA 98036, USA","17307 140th Ave NE, Woodinville, WA 98072, USA",2021 Tesla Model 3,business_personal_trip_log_09_24_2024_12_00am_PDT-09_25_2024_12_00am_PDT.csv
9/24/24,2:26:01 PM,9/24/24,2:37:50 PM,2.11,b,,"17309 140th Ave NE, Woodinville, WA 98072, USA","17849 Garden Way NE, Woodinville, WA 98072, USA",2021 Tesla Model 3,business_personal_trip_log_09_24_2024_12_00am_PDT-09_25_2024_12_00am_PDT.csv
9/24/24,2:47:20 PM,9/24/24,3:16:39 PM,8.85,b,,"17847 Gdn NE, Woodinville, WA 98072, USA","20432 14 SE, Bothell, WA 98012, USA",2021 Tesla Model 3,business_personal_trip_log_09_24_2024_12_00am_PDT-09_25_2024_12_00am_PDT.csv
9/24/24,3:19:46 PM,9/24/24,3:40:19 PM,6.96,b,,"20512 14 SE, Bothell, WA 98012, USA","20019 6 W, Lynnwood, WA 98036, USA",2021 Tesla Model 3,business_personal_trip_log_09_24_2024_12_00am_PDT-09_25_2024_12_00am_PDT.csv
9/24/24,4:23:32 PM,9/24/24,4:44:02 PM,13.18,p,,"20012 6 W, Lynnwood, WA 98036, USA","2014 N 80th St, Seattle, WA 98103, USA",2021 Tesla Model 3,business_personal_trip_log_09_24_2024_12_00am_PDT-09_25_2024_12_00am_PDT.csv
9/24/24,4:46:04 PM,9/24/24,5:02:51 PM,5.65,p,,"8001 Densmore Ave N, Seattle, WA 98103, USA","123 John St, Seattle, WA 98109, USA",2021 Tesla Model 3,business_personal_trip_log_09_24_2024_12_00am_PDT-09_25_2024_12_00am_PDT.csv
9/24/24,10:53:00 PM,9/24/24,10:55:06 PM,0.11,p,,"125 Warren Ave N, Seattle, WA 98109, USA","102 1st Ave N, Seattle, WA 98109, USA",2021 Tesla Model 3,business_personal_trip_log_09_24_2024_12_00am_PDT-09_25_2024_12_00am_PDT.csv
9/24/24,11:10:53 PM,9/24/24,11:13:07 PM,0.03,p,,"22 John St, Seattle, WA 98109, USA","215 1st Ave N, Seattle, WA 98109, USA",2021 Tesla Model 3,business_personal_trip_log_09_24_2024_12_00am_PDT-09_25_2024_12_00am_PDT.csv
9/25/24,9:36:31 AM,9/25/24,10:40:00 AM,53.18,p,,"20019 6 W, Lynnwood, WA 98036, USA","12602 132nd Ave Ct E, Puyallup, WA 98374, USA",2021 Tesla Model 3,business_personal_trip_log_09_25_2024_12_00am_PDT-09_26_2024_12_00am_PDT.csv
9/25/24,10:48:23 AM,9/25/24,12:25:21 PM,53.7,p,,"12608 132nd Ave Ct E, Puyallup, WA 98374, USA","14905 Bothell Everett Hwy, Mill Creek, WA 98012, USA",2021 Tesla Model 3,business_personal_trip_log_09_25_2024_12_00am_PDT-09_26_2024_12_00am_PDT.csv
9/25/24,2:32:58 PM,9/25/24,2:33:41 PM,0.03,p,,"14905 Bothell Everett Hwy, Mill Creek, WA 98012, USA","14905 Bothell Everett Hwy, Mill Creek, WA 98012, USA",2021 Tesla Model 3,business_personal_trip_log_09_25_2024_12_00am_PDT-09_26_2024_12_00am_PDT.csv
9/25/24,2:40:51 PM,9/25/24,3:04:30 PM,4.74,p,,"14905 Bothell Everett Hwy, Mill Creek, WA 98012, USA","20019 6 W, Lynnwood, WA 98036, USA",2021 Tesla Model 3,business_personal_trip_log_09_25_2024_12_00am_PDT-09_26_2024_12_00am_PDT.csv
9/25/24,7:41:47 PM,9/25/24,8:47:59 PM,53.65,p,,"20012 6 W, Lynnwood, WA 98036, USA","12604 132nd Ave Ct E, Puyallup, WA 98374, USA",2021 Tesla Model 3,business_personal_trip_log_09_25_2024_12_00am_PDT-09_26_2024_12_00am_PDT.csv
9/25/24,8:58:13 PM,9/25/24,9:59:45 PM,52.68,p,,"12608 132nd Ave Ct E, Puyallup, WA 98374, USA","20025 6 W, Lynnwood, WA 98036, USA",2021 Tesla Model 3,business_personal_trip_log_09_25_2024_12_00am_PDT-09_26_2024_12_00am_PDT.csv
9/26/24,9:30:39 AM,9/26/24,9:48:01 AM,8.09,p,,"20019 6 W, Lynnwood, WA 98036, USA","10601 47th Pl W, Mukilteo, WA 98275, USA",2021 Tesla Model 3,business_personal_trip_log_09_26_2024_12_00am_PDT-09_27_2024_12_00am_PDT.csv
9/26/24,11:54:33 AM,9/26/24,12:16:48 PM,8.55,p,,"10601 47th Pl W, Mukilteo, WA 98275, USA","20019 6 W, Lynnwood, WA 98036, USA",2021 Tesla Model 3,business_personal_trip_log_09_26_2024_12_00am_PDT-09_27_2024_12_00am_PDT.csv
9/26/24,12:31:29 PM,9/26/24,12:42:21 PM,3.23,p,,"20019 6 W, Lynnwood, WA 98036, USA","18133 33rd Ave W, Lynnwood, WA 98037, USA",2021 Tesla Model 3,business_personal_trip_log_09_26_2024_12_00am_PDT-09_27_2024_12_00am_PDT.csv
9/26/24,1:31:03 PM,9/26/24,1:40:04 PM,3.22,p,,"18133 33rd Ave W, Lynnwood, WA 98037, USA","20019 6 W, Lynnwood, WA 98036, USA",2021 Tesla Model 3,business_personal_trip_log_09_26_2024_12_00am_PDT-09_27_2024_12_00am_PDT.csv
9/26/24,2:11:46 PM,9/26/24,2:12:40 PM,0.02,p,,"20012 6 W, Lynnwood, WA 98036, USA","20019 6 W, Lynnwood, WA 98036, USA",2021 Tesla Model 3,business_personal_trip_log_09_26_2024_12_00am_PDT-09_27_2024_12_00am_PDT.csv
9/26/24,3:35:34 PM,9/26/24,3:39:28 PM,1.06,b,,"20031 6 W, Lynnwood, WA 98036, USA","20627 1 W, Lynnwood, WA 98036, USA",2021 Tesla Model 3,business_personal_trip_log_09_26_2024_12_00am_PDT-09_27_2024_12_00am_PDT.csv
9/26/24,3:42:47 PM,9/26/24,3:46:00 PM,1.07,b,,"20619 1 W, Lynnwood, WA 98036, USA","1320 Logan Rd, Lynnwood, WA 98036, USA",2021 Tesla Model 3,business_personal_trip_log_09_26_2024_12_00am_PDT-09_27_2024_12_00am_PDT.csv
9/26/24,3:48:08 PM,9/26/24,4:16:16 PM,12.66,b,,"20823 14th Pl W, Lynnwood, WA 98036, USA","607 NE 63rd St, Seattle, WA 98115, USA",2021 Tesla Model 3,business_personal_trip_log_09_26_2024_12_00am_PDT-09_27_2024_12_00am_PDT.csv
9/26/24,4:18:37 PM,9/26/24,4:21:39 PM,0.18,b,,"I-5, Seattle, WA 98105, USA","I-5, Seattle, WA 98105, USA",2021 Tesla Model 3,business_personal_trip_log_09_26_2024_12_00am_PDT-09_27_2024_12_00am_PDT.csv
9/26/24,4:25:07 PM,9/26/24,5:12:16 PM,4.8,b,,"I-5, Seattle, WA 98105, USA","1101 4th Ave, Seattle, WA 98101, USA",2021 Tesla Model 3,business_personal_trip_log_09_26_2024_12_00am_PDT-09_27_2024_12_00am_PDT.csv
9/26/24,5:14:57 PM,9/26/24,5:24:46 PM,0.75,b,,"319 Seneca St, Seattle, WA 98101, USA","800 1st Ave, Seattle, WA 98104, USA",2021 Tesla Model 3,business_personal_trip_log_09_26_2024_12_00am_PDT-09_27_2024_12_00am_PDT.csv
9/26/24,5:27:53 PM,9/26/24,6:47:52 PM,33.47,b,,"810 State Rte 99 Tunnel Northbound, Seattle, WA 98104, USA","454 E Main, Puyallup, WA 98372, USA",2021 Tesla Model 3,business_personal_trip_log_09_26_2024_12_00am_PDT-09_27_2024_12_00am_PDT.csv
9/26/24,6:51:25 PM,9/26/24,7:02:15 PM,4.02,b,,"454 E Main, Puyallup, WA 98372, USA",Unknown,2021 Tesla Model 3,business_personal_trip_log_09_26_2024_12_00am_PDT-09_27_2024_12_00am_PDT.csv
9/26/24,7:04:21 PM,9/26/24,7:20:27 PM,5.11,p,,"2606 21st St SW, Puyallup, WA 98373, USA","3008 38th St SE, Puyallup, WA 98374, USA",2021 Tesla Model 3,business_personal_trip_log_09_26_2024_12_00am_PDT-09_27_2024_12_00am_PDT.csv
9/27/24,8:22:50 AM,9/27/24,8:35:51 AM,6.18,p,,"2912 38th St SE, Puyallup, WA 98374, USA","14604 149th St Ct E, Orting, WA 98360, USA",2021 Tesla Model 3,business_personal_trip_log_09_27_2024_12_00am_PDT-09_28_2024_12_00am_PDT.csv
9/27/24,2:02:50 PM,9/27/24,2:33:40 PM,26.4,p,,"14604 149th St Ct E, Orting, WA 98360, USA","I-405, Renton, WA 98055, USA",2021 Tesla Model 3,business_personal_trip_log_09_27_2024_12_00am_PDT-09_28_2024_12_00am_PDT.csv
9/27/24,2:36:52 PM,9/27/24,3:12:03 PM,24.49,p,,"I-405, Renton, WA 98055, USA","21633 16th Dr SE, Bothell, WA 98021, USA",2021 Tesla Model 3,business_personal_trip_log_09_27_2024_12_00am_PDT-09_28_2024_12_00am_PDT.csv
9/27/24,3:14:03 PM,9/27/24,3:14:33 PM,0.03,p,,"21525 16th Dr SE, Bothell, WA 98021, USA","1732 214th St SE, Bothell, WA 98021, USA",2021 Tesla Model 3,business_personal_trip_log_09_27_2024_12_00am_PDT-09_28_2024_12_00am_PDT.csv
9/27/24,3:17:32 PM,9/27/24,3:29:27 PM,3.01,p,,"21129 Bothell-Everett, Bothell, WA 98021, USA","20019 6 W, Lynnwood, WA 98036, USA",2021 Tesla Model 3,business_personal_trip_log_09_27_2024_12_00am_PDT-09_28_2024_12_00am_PDT.csv
9/28/24,12:49:53 PM,9/28/24,12:51:46 PM,0.53,,,"608 200th Pl SW, Lynnwood, WA 98036, USA","19322 Damson Rd, Lynnwood, WA 98036, USA",2021 Tesla Model 3,business_personal_trip_log_09_28_2024_12_00am_PDT-09_29_2024_12_00am_PDT.csv
9/28/24,12:54:43 PM,9/28/24,1:36:56 PM,33.63,,,"19212 Damson Rd, Lynnwood, WA 98036, USA","18220 International Blvd, Seatac, WA 98188, USA",2021 Tesla Model 3,business_personal_trip_log_09_28_2024_12_00am_PDT-09_29_2024_12_00am_PDT.csv
9/28/24,1:42:05 PM,9/28/24,1:43:07 PM,0.05,,,"18220 International Blvd, Seatac, WA 98188, USA","18220 International Blvd, Seatac, WA 98188, USA",2021 Tesla Model 3,business_personal_trip_log_09_28_2024_12_00am_PDT-09_29_2024_12_00am_PDT.csv
9/30/24,10:47:50 AM,9/30/24,10:48:25 AM,0.01,p,,"18220 International Blvd, Seatac, WA 98188, USA","18220 International Blvd, Seatac, WA 98188, USA",2021 Tesla Model 3,business_personal_trip_log_09_30_2024_12_00am_PDT-10_01_2024_12_00am_PDT.csv
9/30/24,6:52:30 PM,9/30/24,6:53:07 PM,0.04,p,,"18220 International Blvd, Seatac, WA 98188, USA","18220 International Blvd, Seatac, WA 98188, USA",2021 Tesla Model 3,business_personal_trip_log_09_30_2024_12_00am_PDT-10_01_2024_12_00am_PDT.csv
9/30/24,7:12:51 PM,9/30/24,7:53:30 PM,33.17,p,,"18220 International Blvd, Seatac, WA 98188, USA","20019 6 W, Lynnwood, WA 98036, USA",2021 Tesla Model 3,business_personal_trip_log_09_30_2024_12_00am_PDT-10_01_2024_12_00am_PDT.csv
10/10/24,9:35:41 AM,10/10/24,9:37:58 AM,0.97,b,,"20019 6 W, Lynnwood, WA 98036, USA","20823 14 W, Lynnwood, WA 98036, USA",2021 Tesla Model 3,business_personal_trip_log_10_010_2024_12_00am_PDT-10_11_2024_12_00am_PDT.csv
10/10/24,9:42:43 AM,10/10/24,10:02:21 AM,10.78,b,,"1509 Logan Rd, Lynnwood, WA 98036, USA","1804 N 100th St, Seattle, WA 98133, USA",2021 Tesla Model 3,business_personal_trip_log_10_010_2024_12_00am_PDT-10_11_2024_12_00am_PDT.csv
10/10/24,11:41:28 AM,10/10/24,12:34:53 PM,14.92,b,,"1804 N 100th St, Seattle, WA 98133, USA","I-5th Expy, Seattle, WA 98105, USA",2021 Tesla Model 3,business_personal_trip_log_10_010_2024_12_00am_PDT-10_11_2024_12_00am_PDT.csv
10/10/24,12:35:23 PM,10/10/24,12:48:03 PM,4.57,b,,"4700 5th Ave NE, Seattle, WA 98105, USA","201 Yesler Way, Seattle, WA 98104, USA",2021 Tesla Model 3,business_personal_trip_log_10_010_2024_12_00am_PDT-10_11_2024_12_00am_PDT.csv
10/10/24,12:48:34 PM,10/10/24,1:00:44 PM,0.83,b,,"103 2nd Ave S, Seattle, WA 98104, USA","120 5th Ave S, Seattle, WA 98104, USA",2021 Tesla Model 3,business_personal_trip_log_10_010_2024_12_00am_PDT-10_11_2024_12_00am_PDT.csv
10/10/24,1:01:19 PM,10/10/24,2:09:52 PM,20.23,b,,"114 Prefontaine Pl S, Seattle, WA 98104, USA","20019 6 W, Lynnwood, WA 98036, USA",2021 Tesla Model 3,business_personal_trip_log_10_010_2024_12_00am_PDT-10_11_2024_12_00am_PDT.csv
10/10/24,4:39:01 PM,10/10/24,5:39:37 PM,6.91,p,,"20012 6 W, Lynnwood, WA 98036, USA","20013 6 W, Lynnwood, WA 98036, USA",2021 Tesla Model 3,business_personal_trip_log_10_010_2024_12_00am_PDT-10_11_2024_12_00am_PDT.csv
10/1/24,11:36:57 AM,10/1/24,11:45:02 AM,2.92,p,,"20012 6th Pl W, Lynnwood, WA 98036, USA","3100 196th St SW, Lynnwood, WA 98036, USA",2021 Tesla Model 3,business_personal_trip_log_10_01_2024_12_00am_PDT-10_02_2024_12_00am_PDT.csv
10/1/24,12:03:18 PM,10/1/24,12:42:35 PM,28.98,p,,"3100 196th St SW, Lynnwood, WA 98036, USA","4040 Maple Valley Hwy, Renton, WA 98058, USA",2021 Tesla Model 3,business_personal_trip_log_10_01_2024_12_00am_PDT-10_02_2024_12_00am_PDT.csv
10/1/24,12:55:19 PM,10/1/24,12:58:12 PM,0.44,p,,"4040 Maple Valley Hwy, Renton, WA 98058, USA","4050 Maple Valley Hwy, Renton, WA 98058, USA",2021 Tesla Model 3,business_personal_trip_log_10_01_2024_12_00am_PDT-10_02_2024_12_00am_PDT.csv
10/1/24,7:23:30 PM,10/1/24,7:59:27 PM,28.1,p,,"4050 Maple Valley Hwy, Renton, WA 98058, USA","20019 6 W, Lynnwood, WA 98036, USA",2021 Tesla Model 3,business_personal_trip_log_10_01_2024_12_00am_PDT-10_02_2024_12_00am_PDT.csv
10/2/24,11:03:41 AM,10/2/24,11:50:26 AM,28.14,b,,"20019 6 W, Lynnwood, WA 98036, USA","2890 SW Barton St, Seattle, WA 98126, USA",2021 Tesla Model 3,business_personal_trip_log_10_02_2024_12_00am_PDT-10_03_2024_12_00am_PDT.csv
10/2/24,12:07:01 PM,10/2/24,12:51:20 PM,20.04,b,,"2890 SW Barton St, Seattle, WA 98126, USA","13027 Aurora Ave N, Seattle, WA 98133, USA",2021 Tesla Model 3,business_personal_trip_log_10_02_2024_12_00am_PDT-10_03_2024_12_00am_PDT.csv
10/2/24,12:54:00 PM,10/2/24,12:54:48 PM,0.04,b,,"13025 Aurora Ave N, Seattle, WA 98133, USA","13020 Aurora Ave N, Seattle, WA 98133, USA",2021 Tesla Model 3,business_personal_trip_log_10_02_2024_12_00am_PDT-10_03_2024_12_00am_PDT.csv
10/2/24,1:09:23 PM,10/2/24,1:35:39 PM,10.86,b,,"13100 Aurora Ave N, Seattle, WA 98133, USA","20019 6 W, Lynnwood, WA 98036, USA",2021 Tesla Model 3,business_personal_trip_log_10_02_2024_12_00am_PDT-10_03_2024_12_00am_PDT.csv
10/2/24,2:44:39 PM,10/2/24,3:47:17 PM,15.04,b,,"726 200th Pl SW, Lynnwood, WA 98036, USA","17003 Aurora Ave N, Shoreline, WA 98133, USA",2021 Tesla Model 3,business_personal_trip_log_10_02_2024_12_00am_PDT-10_03_2024_12_00am_PDT.csv
10/2/24,3:49:34 PM,10/2/24,4:08:37 PM,5.14,b,,"17003 Aurora Ave N, Shoreline, WA 98133, USA","19615 Highway 99, Lynnwood, WA 98036, USA",2021 Tesla Model 3,business_personal_trip_log_10_02_2024_12_00am_PDT-10_03_2024_12_00am_PDT.csv
10/2/24,4:11:25 PM,10/2/24,4:37:06 PM,1.35,b,,"19615 Highway 99, Lynnwood, WA 98036, USA","20201 46th Ave W, Lynnwood, WA 98036, USA",2021 Tesla Model 3,business_personal_trip_log_10_02_2024_12_00am_PDT-10_03_2024_12_00am_PDT.csv
10/2/24,4:49:12 PM,10/2/24,5:01:20 PM,3.8,b,,"20111 46th Ave W, Lynnwood, WA 98036, USA","20013 6 W, Lynnwood, WA 98036, USA",2021 Tesla Model 3,business_personal_trip_log_10_02_2024_12_00am_PDT-10_03_2024_12_00am_PDT.csv
10/2/24,5:28:34 PM,10/2/24,6:17:20 PM,12.36,b,,"20019 6 W, Lynnwood, WA 98036, USA","17531 Highway 99, Lynnwood, WA 98037, USA",2021 Tesla Model 3,business_personal_trip_log_10_02_2024_12_00am_PDT-10_03_2024_12_00am_PDT.csv
10/2/24,6:21:33 PM,10/2/24,6:38:27 PM,5.49,b,,"17531 Highway 99, Lynnwood, WA 98037, USA","20012 6th Pl W, Lynnwood, WA 98036, USA",2021 Tesla Model 3,business_personal_trip_log_10_02_2024_12_00am_PDT-10_03_2024_12_00am_PDT.csv
10/3/24,9:54:37 AM,10/3/24,10:26:46 AM,15.82,p,,"20013 6 W, Lynnwood, WA 98036, USA","20019 6 W, Lynnwood, WA 98036, USA",2021 Tesla Model 3,business_personal_trip_log_10_03_2024_12_00am_PDT-10_04_2024_12_00am_PDT.csv
10/4/24,12:25:52 PM,10/4/24,12:49:52 PM,9.62,b,,"20019 6 W, Lynnwood, WA 98036, USA","12523 NE 144th St, Kirkland, WA 98034, USA",2021 Tesla Model 3,business_personal_trip_log_10_04_2024_12_00am_PDT-10_05_2024_12_00am_PDT.csv
10/4/24,1:18:28 PM,10/4/24,1:26:52 PM,1.61,b,,"12523 NE 144th St, Kirkland, WA 98034, USA","11838 NE 138th St, Kirkland, WA 98034, USA",2021 Tesla Model 3,business_personal_trip_log_10_04_2024_12_00am_PDT-10_05_2024_12_00am_PDT.csv
10/4/24,1:29:13 PM,10/4/24,1:36:03 PM,1.92,b,,"11838 NE 138th St, Kirkland, WA 98034, USA","12804 NE 125th Way, Kirkland, WA 98034, USA",2021 Tesla Model 3,business_personal_trip_log_10_04_2024_12_00am_PDT-10_05_2024_12_00am_PDT.csv
10/4/24,2:07:16 PM,10/4/24,2:13:11 PM,0.77,b,,"12802 NE 125th Way, Kirkland, WA 98034, USA","12502 Totem Lake Blvd NE, Kirkland, WA 98034, USA",2021 Tesla Model 3,business_personal_trip_log_10_04_2024_12_00am_PDT-10_05_2024_12_00am_PDT.csv
10/4/24,2:22:09 PM,10/4/24,3:06:50 PM,18.23,b,,"12502 Totem Lake Blvd NE, Kirkland, WA 98034, USA","20019 6 W, Lynnwood, WA 98036, USA",2021 Tesla Model 3,business_personal_trip_log_10_04_2024_12_00am_PDT-10_05_2024_12_00am_PDT.csv
10/5/24,9:39:37 AM,10/5/24,10:14:03 AM,13.14,b,,"20013 6 W, Lynnwood, WA 98036, USA","303 Parkplace Ctr, Kirkland, WA 98033, USA",2021 Tesla Model 3,business_personal_trip_log_10_05_2024_12_00am_PDT-10_06_2024_12_00am_PDT.csv
10/5/24,10:15:19 AM,10/5/24,12:14:06 PM,47.53,b,,"303 Parkplace Ctr, Kirkland, WA 98033, USA","1022 7th Ave, Seattle, WA 98104, USA",2021 Tesla Model 3,business_personal_trip_log_10_05_2024_12_00am_PDT-10_06_2024_12_00am_PDT.csv
10/5/24,12:14:54 PM,10/5/24,12:29:31 PM,1.4,b,,"702 Spring St, Seattle, WA 98104, USA","118 7th Ave N, Seattle, WA 98109, USA",2021 Tesla Model 3,business_personal_trip_log_10_05_2024_12_00am_PDT-10_06_2024_12_00am_PDT.csv
10/5/24,12:31:28 PM,10/5/24,12:52:14 PM,5.43,b,,"406R Aurora Ave N, Seattle, WA 98109, USA","3735 Brooklyn Ave NE, Seattle, WA 98105, USA",2021 Tesla Model 3,business_personal_trip_log_10_05_2024_12_00am_PDT-10_06_2024_12_00am_PDT.csv
10/5/24,12:53:00 PM,10/5/24,1:01:01 PM,0.88,b,,"3740 Brooklyn Ave NE, Seattle, WA 98105, USA","4054 Mason Rd NE, Seattle, WA 98195, USA",2021 Tesla Model 3,business_personal_trip_log_10_05_2024_12_00am_PDT-10_06_2024_12_00am_PDT.csv
10/5/24,1:01:51 PM,10/5/24,1:32:19 PM,14.17,b,,"2501 NE 44th St, Seattle, WA 98195, USA","18109 33 W, Lynnwood, WA 98037, USA",2021 Tesla Model 3,business_personal_trip_log_10_05_2024_12_00am_PDT-10_06_2024_12_00am_PDT.csv
10/5/24,2:01:53 PM,10/5/24,2:11:14 PM,3.14,b,,"18109 33 W, Lynnwood, WA 98037, USA","20019 6 W, Lynnwood, WA 98036, USA",2021 Tesla Model 3,business_personal_trip_log_10_05_2024_12_00am_PDT-10_06_2024_12_00am_PDT.csv
10/5/24,5:10:14 PM,10/5/24,7:34:16 PM,53.03,b,,"20012 6 W, Lynnwood, WA 98036, USA","624 200th Pl SW, Lynnwood, WA 98036, USA",2021 Tesla Model 3,business_personal_trip_log_10_05_2024_12_00am_PDT-10_06_2024_12_00am_PDT.csv
10/6/24,9:40:26 AM,10/6/24,10:35:54 AM,18.88,p,,"20012 6th Pl W, Lynnwood, WA 98036, USA","2705 78th Ave SE, Lake Stevens, WA 98258, USA",2021 Tesla Model 3,business_personal_trip_log_10_06_2024_12_00am_PDT-10_07_2024_12_00am_PDT.csv
10/6/24,11:15:29 AM,10/6/24,11:42:34 AM,17.17,p,,"2705 78th Ave SE, Lake Stevens, WA 98258, USA","618 200th Pl SW, Lynnwood, WA 98036, USA",2021 Tesla Model 3,business_personal_trip_log_10_06_2024_12_00am_PDT-10_07_2024_12_00am_PDT.csv
10/6/24,12:29:51 PM,10/6/24,3:53:36 PM,115.38,b,,"608 200th Pl SW, Lynnwood, WA 98036, USA","20031 6 W, Lynnwood, WA 98036, USA",2021 Tesla Model 3,business_personal_trip_log_10_06_2024_12_00am_PDT-10_07_2024_12_00am_PDT.csv
10/7/24,11:24:09 AM,10/7/24,1:12:51 PM,60.21,p,,"20012 6th Pl W, Lynnwood, WA 98036, USA","7813 Zircon Dr SW, Lakewood, WA 98498, USA",2021 Tesla Model 3,business_personal_trip_log_10_07_2024_12_00am_PDT-10_08_2024_12_00am_PDT.csv
10/7/24,6:53:55 PM,10/7/24,7:54:23 PM,17.82,p,,"7813 Zircon Dr SW, Lakewood, WA 98498, USA","12604 132nd Ave Ct E, Puyallup, WA 98374, USA",2021 Tesla Model 3,business_personal_trip_log_10_07_2024_12_00am_PDT-10_08_2024_12_00am_PDT.csv
10/7/24,8:21:33 PM,10/7/24,9:21:55 PM,51.68,p,,"12608 132nd Ave Ct E, Puyallup, WA 98374, USA","20019 6 W, Lynnwood, WA 98036, USA",2021 Tesla Model 3,business_personal_trip_log_10_07_2024_12_00am_PDT-10_08_2024_12_00am_PDT.csv
10/8/24,11:04:04 AM,10/8/24,11:31:49 AM,12.54,b,,"20019 6 W, Lynnwood, WA 98036, USA","10200 1st Ave NE, Seattle, WA 98125, USA",2021 Tesla Model 3,business_personal_trip_log_10_08_2024_12_00am_PDT-10_09_2024_12_00am_PDT.csv
10/8/24,12:13:36 PM,10/8/24,1:10:37 PM,32.58,b,,"120 NE 103rd St, Seattle, WA 98125, USA","221 128th St SE, Everett, WA 98208, USA",2021 Tesla Model 3,business_personal_trip_log_10_08_2024_12_00am_PDT-10_09_2024_12_00am_PDT.csv
10/8/24,1:11:09 PM,10/8/24,1:45:10 PM,1.74,b,,"315 128th St SE, Everett, WA 98208, USA","14905 Bothell Everett Hwy, Mill Creek, WA 98012, USA",2021 Tesla Model 3,business_personal_trip_log_10_08_2024_12_00am_PDT-10_09_2024_12_00am_PDT.csv
10/8/24,2:08:14 PM,10/8/24,2:48:43 PM,4.29,p,,"14821 10th Ave SE, Mill Creek, WA 98012, USA","20019 6 W, Lynnwood, WA 98036, USA",2021 Tesla Model 3,business_personal_trip_log_10_08_2024_12_00am_PDT-10_09_2024_12_00am_PDT.csv
10/8/24,6:26:35 PM,10/8/24,8:17:16 PM,24.79,p,,"20019 6 W, Lynnwood, WA 98036, USA","20019 6 W, Lynnwood, WA 98036, USA",2021 Tesla Model 3,business_personal_trip_log_10_08_2024_12_00am_PDT-10_09_2024_12_00am_PDT.csv
10/9/24,9:28:29 AM,10/9/24,10:15:05 AM,7.99,p,,"20019 6 W, Lynnwood, WA 98036, USA","10601 47th Pl W, Mukilteo, WA 98275, USA",2021 Tesla Model 3,business_personal_trip_log_10_09_2024_12_00am_PDT-10_10_2024_12_00am_PDT.csv
10/9/24,11:48:08 AM,10/9/24,1:35:14 PM,8.91,p,,"10601 47th Pl W, Mukilteo, WA 98275, USA","20019 6 W, Lynnwood, WA 98036, USA",2021 Tesla Model 3,business_personal_trip_log_10_09_2024_12_00am_PDT-10_10_2024_12_00am_PDT.csv
10/9/24,1:47:42 PM,10/9/24,3:36:19 PM,10.15,b,,"20012 6th Pl W, Lynnwood, WA 98036, USA","16327 Ash Way, Lynnwood, WA 98087, USA",2021 Tesla Model 3,business_personal_trip_log_10_09_2024_12_00am_PDT-10_10_2024_12_00am_PDT.csv
10/9/24,3:44:09 PM,10/9/24,4:50:24 PM,8.72,b,,"16327 Ash Way, Lynnwood, WA 98087, USA","20019 6 W, Lynnwood, WA 98036, USA",2021 Tesla Model 3,business_personal_trip_log_10_09_2024_12_00am_PDT-10_10_2024_12_00am_PDT.csv
10/9/24,6:13:21 PM,10/9/24,7:07:02 PM,9.48,p,,"20019 6 W, Lynnwood, WA 98036, USA","15725 Westminster Way N, Shoreline, WA 98133, USA",2021 Tesla Model 3,business_personal_trip_log_10_09_2024_12_00am_PDT-10_10_2024_12_00am_PDT.csv
10/9/24,7:08:46 PM,10/9/24,7:29:35 PM,9.36,p,,"15725 Westminster Way N, Shoreline, WA 98133, USA","20031 6 W, Lynnwood, WA 98036, USA",2021 Tesla Model 3,business_personal_trip_log_10_09_2024_12_00am_PDT-10_10_2024_12_00am_PDT.csv
10/11/24,9:38:59 AM,10/11/24,10:24:29 AM,5.24,p,,"20019 6 W, Lynnwood, WA 98036, USA","20216 68th Ave W, Lynnwood, WA 98036, USA",2021 Tesla Model 3,business_personal_trip_log_10_11_2024_12_00am_PDT-10_12_2024_12_00am_PDT.csv
10/11/24,2:24:29 PM,10/11/24,2:45:02 PM,5.59,p,,"20400 68th Ave W, Lynnwood, WA 98036, USA","20025 6 W, Lynnwood, WA 98036, USA",2021 Tesla Model 3,business_personal_trip_log_10_11_2024_12_00am_PDT-10_12_2024_12_00am_PDT.csv
10/12/24,10:19:38 AM,10/12/24,11:37:39 AM,27.91,b,,"608 200th Pl SW, Lynnwood, WA 98036, USA","7918 Aurora Ave N, Seattle, WA 98103, USA",2021 Tesla Model 3,business_personal_trip_log_10_12_2024_13_00am_PDT-10_12_2024_12_00am_PDT.csv
10/12/24,11:39:00 AM,10/12/24,11:39:00 AM,0,b,,"7916 Greenwood Ave N, Seattle, WA 98103, USA","7916 Greenwood Ave N, Seattle, WA 98103, USA",2021 Tesla Model 3,business_personal_trip_log_10_12_2024_13_00am_PDT-10_12_2024_12_00am_PDT.csv
10/12/24,11:39:17 AM,10/12/24,11:45:28 AM,1.95,b,,"108 N 80th St, Seattle, WA 98103, USA","1140 NW Market St, Seattle, WA 98107, USA",2021 Tesla Model 3,business_personal_trip_log_10_12_2024_13_00am_PDT-10_12_2024_12_00am_PDT.csv
10/12/24,11:47:01 AM,10/12/24,12:26:04 PM,3.79,b,,"5500 15th Ave NW, Seattle, WA 98107, USA","4993 7th Ave NE, Seattle, WA 98105, USA",2021 Tesla Model 3,business_personal_trip_log_10_12_2024_13_00am_PDT-10_12_2024_12_00am_PDT.csv
10/12/24,12:26:41 PM,10/12/24,12:39:29 PM,2.35,b,,"5006 7th Ave NE, Seattle, WA 98105, USA","2615 Franklin Ave E, Seattle, WA 98102, USA",2021 Tesla Model 3,business_personal_trip_log_10_12_2024_13_00am_PDT-10_12_2024_12_00am_PDT.csv
10/12/24,12:40:14 PM,10/12/24,1:46:05 PM,21.85,b,,"215 E Edgar St, Seattle, WA 98102, USA","20019 6 W, Lynnwood, WA 98036, USA",2021 Tesla Model 3,business_personal_trip_log_10_12_2024_13_00am_PDT-10_12_2024_12_00am_PDT.csv
10/12/24,4:02:08 PM,10/12/24,4:09:52 PM,1.49,b,,"20019 6 W, Lynnwood, WA 98036, USA",Unknown,2021 Tesla Model 3,business_personal_trip_log_10_12_2024_13_00am_PDT-10_12_2024_12_00am_PDT.csv
10/12/24,4:11:00 PM,10/12/24,4:26:36 PM,3.33,b,,"19215 Filbert Rd, Bothell, WA 98012, USA","18505 Alderwood Mall Pkwy, Lynnwood, WA 98037, USA",2021 Tesla Model 3,business_personal_trip_log_10_12_2024_13_00am_PDT-10_12_2024_12_00am_PDT.csv
10/12/24,4:27:32 PM,10/12/24,6:41:39 PM,41.09,b,,"18411 Alderwood Mall Pkwy, Lynnwood, WA 98037, USA","655 Main St, Edmonds, WA 98020, USA",2021 Tesla Model 3,business_personal_trip_log_10_12_2024_13_00am_PDT-10_12_2024_12_00am_PDT.csv
10/12/24,6:42:32 PM,10/12/24,6:42:32 PM,0,b,,"852 Main St, Edmonds, WA 98020, USA","852 Main St, Edmonds, WA 98020, USA",2021 Tesla Model 3,business_personal_trip_log_10_12_2024_13_00am_PDT-10_12_2024_12_00am_PDT.csv
10/12/24,6:42:47 PM,10/12/24,7:30:46 PM,6.55,b,,"931 Main St, Edmonds, WA 98020, USA","20019 6 W, Lynnwood, WA 98036, USA",2021 Tesla Model 3,business_personal_trip_log_10_12_2024_13_00am_PDT-10_12_2024_12_00am_PDT.csv
10/13/24,9:10:21 AM,10/13/24,9:54:05 AM,5.83,b,,"608 200th Pl SW, Lynnwood, WA 98036, USA","4326 148th St SE, Bothell, WA 98012, USA",2021 Tesla Model 3,business_personal_trip_log_10_13_2024_13_00am_PDT-10_14_2024_12_00am_PDT.csv
10/13/24,10:43:01 AM,10/13/24,11:24:41 AM,6.84,b,,"4326 148th St SE, Bothell, WA 98012, USA","20019 6 W, Lynnwood, WA 98036, USA",2021 Tesla Model 3,business_personal_trip_log_10_13_2024_13_00am_PDT-10_14_2024_12_00am_PDT.csv
10/13/24,1:14:08 PM,10/13/24,2:21:32 PM,12.96,b,,"20012 6th Pl W, Lynnwood, WA 98036, USA","20801 Bothell Everett Hwy, Bothell, WA 98021, USA",2021 Tesla Model 3,business_personal_trip_log_10_13_2024_13_00am_PDT-10_14_2024_12_00am_PDT.csv
10/13/24,2:24:54 PM,10/13/24,3:59:45 PM,18.5,b,,"20801 Bothell Everett Hwy, Bothell, WA 98021, USA","I-5, Lynnwood, WA 98036, USA",2021 Tesla Model 3,business_personal_trip_log_10_13_2024_13_00am_PDT-10_14_2024_12_00am_PDT.csv
10/13/24,4:00:28 PM,10/13/24,4:16:59 PM,4.18,b,,"19925 44th Ave W, Lynnwood, WA 98036, USA","20019 6 W, Lynnwood, WA 98036, USA",2021 Tesla Model 3,business_personal_trip_log_10_13_2024_13_00am_PDT-10_14_2024_12_00am_PDT.csv
10/14/24,9:57:18 AM,10/14/24,10:43:33 AM,7.99,p,,"20012 6th Pl W, Lynnwood, WA 98036, USA","10601 47th Pl W, Mukilteo, WA 98275, USA",2021 Tesla Model 3,business_personal_trip_log_10_14_2024_13_00am_PDT-10_15_2024_12_00am_PDT.csv
10/14/24,11:59:35 AM,10/14/24,1:16:30 PM,13.5,b,,"10601 47th Pl W, Mukilteo, WA 98275, USA","20019 6 W, Lynnwood, WA 98036, USA",2021 Tesla Model 3,business_personal_trip_log_10_14_2024_13_00am_PDT-10_15_2024_12_00am_PDT.csv
10/14/24,2:06:45 PM,10/14/24,4:11:24 PM,19.77,b,,"20019 6 W, Lynnwood, WA 98036, USA","17228 76th Ave W, Edmonds, WA 98026, USA",2021 Tesla Model 3,business_personal_trip_log_10_14_2024_13_00am_PDT-10_15_2024_12_00am_PDT.csv
10/14/24,4:12:01 PM,10/14/24,5:50:30 PM,18.55,b,,"7600 173rd St SW, Edmonds, WA 98026, USA","20019 6 W, Lynnwood, WA 98036, USA",2021 Tesla Model 3,business_personal_trip_log_10_14_2024_13_00am_PDT-10_15_2024_12_00am_PDT.csv
10/15/24,8:59:10 AM,10/15/24,9:23:23 AM,4.49,b,,"20019 6 W, Lynnwood, WA 98036, USA","I-5, Lynnwood, WA 98036, USA",2021 Tesla Model 3,business_personal_trip_log_10_15_2024_13_00am_PDT-10_16_2024_12_00am_PDT.csv
10/15/24,9:24:50 AM,10/15/24,10:49:53 AM,21.88,b,,"21126 44th Ave W, Lynnwood, WA 98036, USA","19924 52nd Pl W, Lynnwood, WA 98036, USA",2021 Tesla Model 3,business_personal_trip_log_10_15_2024_13_00am_PDT-10_16_2024_12_00am_PDT.csv
10/15/24,10:51:46 AM,10/15/24,12:06:19 PM,11.42,b,,"19924 52nd Pl W, Lynnwood, WA 98036, USA","20019 6 W, Lynnwood, WA 98036, USA",2021 Tesla Model 3,business_personal_trip_log_10_15_2024_13_00am_PDT-10_16_2024_12_00am_PDT.csv
10/15/24,12:46:24 PM,10/15/24,1:33:21 PM,8,p,,"20012 6th Pl W, Lynnwood, WA 98036, USA","10601 47th Pl W, Mukilteo, WA 98275, USA",2021 Tesla Model 3,business_personal_trip_log_10_15_2024_13_00am_PDT-10_16_2024_12_00am_PDT.csv
10/15/24,2:21:34 PM,10/15/24,2:48:21 PM,11.85,b,,"10601 47th Pl W, Mukilteo, WA 98275, USA","8414 Bowdoin Way, Edmonds, WA 98026, USA",2021 Tesla Model 3,business_personal_trip_log_10_15_2024_13_00am_PDT-10_16_2024_12_00am_PDT.csv
10/15/24,2:48:54 PM,10/15/24,6:00:47 PM,65.42,b,,"8406 Bowdoin Way, Edmonds, WA 98026, USA","20019 6 W, Lynnwood, WA 98036, USA",2021 Tesla Model 3,business_personal_trip_log_10_15_2024_13_00am_PDT-10_16_2024_12_00am_PDT.csv
10/15/24,6:04:30 PM,10/15/24,7:00:44 PM,5.87,p,,"20019 6 W, Lynnwood, WA 98036, USA","20019 6 W, Lynnwood, WA 98036, USA",2021 Tesla Model 3,business_personal_trip_log_10_15_2024_13_00am_PDT-10_16_2024_12_00am_PDT.csv
10/16/24,8:23:48 AM,10/16/24,8:36:32 AM,3.2,p,,"20012 6th Pl W, Lynnwood, WA 98036, USA","22631 Bothell-Everett, Bothell, WA 98021, USA",2021 Tesla Model 3,business_personal_trip_log_10_16_2024_13_00am_PDT-10_17_2024_12_00am_PDT.csv
10/16/24,8:37:46 AM,10/16/24,11:02:34 AM,66.5,p,,"22703 Bothell-Everett, Bothell, WA 98021, USA","8102 Zircon Dr SW, Lakewood, WA 98498, USA",2021 Tesla Model 3,business_personal_trip_log_10_16_2024_13_00am_PDT-10_17_2024_12_00am_PDT.csv
10/16/24,4:39:44 PM,10/16/24,6:47:25 PM,57.43,p,,"8102 Zircon Dr SW, Lakewood, WA 98498, USA","20019 6 W, Lynnwood, WA 98036, USA",2021 Tesla Model 3,business_personal_trip_log_10_16_2024_13_00am_PDT-10_17_2024_12_00am_PDT.csv
10/17/24,9:35:23 AM,10/17/24,10:23:52 AM,7.9,p,,"20019 6 W, Lynnwood, WA 98036, USA","10600 47th Pl W, Mukilteo, WA 98275, USA",2021 Tesla Model 3,business_personal_trip_log_10_17_2024_13_00am_PDT-10_18_2024_12_00am_PDT.csv
10/17/24,12:23:52 PM,10/17/24,12:34:17 PM,5.08,p,,"10600 47th Pl W, Mukilteo, WA 98275, USA","18133 33rd Ave W, Lynnwood, WA 98037, USA",2021 Tesla Model 3,business_personal_trip_log_10_17_2024_13_00am_PDT-10_18_2024_12_00am_PDT.csv
10/17/24,1:05:37 PM,10/17/24,1:45:04 PM,3.11,p,,"18133 33 W, Lynnwood, WA 98037, USA","20025 6 W, Lynnwood, WA 98036, USA",2021 Tesla Model 3,business_personal_trip_log_10_17_2024_13_00am_PDT-10_18_2024_12_00am_PDT.csv
10/17/24,2:21:21 PM,10/17/24,2:58:06 PM,11.23,b,,"20019 6 W, Lynnwood, WA 98036, USA","3220 100th St SW, Everett, WA 98204, USA",2021 Tesla Model 3,business_personal_trip_log_10_17_2024_13_00am_PDT-10_18_2024_12_00am_PDT.csv
10/17/24,3:10:46 PM,10/17/24,5:28:28 PM,22.38,b,,"3220 100th St SW, Everett, WA 98204, USA","20019 6 W, Lynnwood, WA 98036, USA",2021 Tesla Model 3,business_personal_trip_log_10_17_2024_13_00am_PDT-10_18_2024_12_00am_PDT.csv
10/17/24,9:41:58 PM,10/17/24,10:20:11 PM,3.67,p,,"608 200th Pl SW, Lynnwood, WA 98036, USA","15904 14th Ave W, Lynnwood, WA 98087, USA",2021 Tesla Model 3,business_personal_trip_log_10_17_2024_13_00am_PDT-10_18_2024_12_00am_PDT.csv
10/17/24,10:57:49 PM,10/17/24,11:31:16 PM,2.21,p,,"15904 14th Ave W, Lynnwood, WA 98087, USA","116 128th St SE, Everett, WA 98208, USA",2021 Tesla Model 3,business_personal_trip_log_10_17_2024_13_00am_PDT-10_18_2024_12_00am_PDT.csv
10/18/24,9:30:54 AM,10/18/24,10:16:36 AM,5,p,,"20012 6 W, Lynnwood, WA 98036, USA","20216 68th Ave W, Lynnwood, WA 98036, USA",2021 Tesla Model 3,business_personal_trip_log_10_18_2024_13_00am_PDT-10_19_2024_12_00am_PDT.csv
10/18/24,1:45:16 PM,10/18/24,2:28:50 PM,5.25,p,,"20216 68th Ave W, Lynnwood, WA 98036, USA","20019 6 W, Lynnwood, WA 98036, USA",2021 Tesla Model 3,business_personal_trip_log_10_18_2024_13_00am_PDT-10_19_2024_12_00am_PDT.csv
10/18/24,4:40:48 PM,10/18/24,5:53:47 PM,16.36,p,,"717 200th Pl SW, Lynnwood, WA 98036, USA","1820 Bickford Ave, Snohomish, WA 98290, USA",2021 Tesla Model 3,business_personal_trip_log_10_18_2024_13_00am_PDT-10_19_2024_12_00am_PDT.csv
10/18/24,8:18:43 PM,10/18/24,9:15:23 PM,15.67,p,,"1820 Bickford Ave, Snohomish, WA 98290, USA","20019 6 W, Lynnwood, WA 98036, USA",2021 Tesla Model 3,business_personal_trip_log_10_18_2024_13_00am_PDT-10_19_2024_12_00am_PDT.csv
10/19/24,9:59:39 AM,10/19/24,10:43:54 AM,4.19,b,,"20019 6 W, Lynnwood, WA 98036, USA","18733 33rd Ave W, Lynnwood, WA 98037, USA",2021 Tesla Model 3,business_personal_trip_log_10_19_2024_13_00am_PDT-10_20_2024_12_00am_PDT.csv
10/19/24,10:48:26 AM,10/19/24,11:30:44 AM,2.64,b,,"18733 33rd Ave W, Lynnwood, WA 98037, USA","19324 Alderwood Mall Pkwy, Lynnwood, WA 98036, USA",2021 Tesla Model 3,business_personal_trip_log_10_19_2024_13_00am_PDT-10_20_2024_12_00am_PDT.csv
10/19/24,11:41:01 AM,10/19/24,12:05:00 PM,4.96,b,,"19500 Alderwood Mall Pkwy, Lynnwood, WA 98036, USA","19500 Highway 99, Lynnwood, WA 98036, USA",2021 Tesla Model 3,business_personal_trip_log_10_19_2024_13_00am_PDT-10_20_2024_12_00am_PDT.csv
10/19/24,12:13:50 PM,10/19/24,12:55:02 PM,11.34,b,,"19500 Highway 99, Lynnwood, WA 98036, USA","20031 6 W, Lynnwood, WA 98036, USA",2021 Tesla Model 3,business_personal_trip_log_10_19_2024_13_00am_PDT-10_20_2024_12_00am_PDT.csv
10/19/24,5:29:49 PM,10/19/24,6:34:57 PM,20.78,p,,"20012 6 W, Lynnwood, WA 98036, USA","9318 State Ave, Marysville, WA 98270, USA",2021 Tesla Model 3,business_personal_trip_log_10_19_2024_13_00am_PDT-10_20_2024_12_00am_PDT.csv
10/19/24,7:31:37 PM,10/19/24,7:31:59 PM,0.04,p,,"9318 State Ave, Marysville, WA 98270, USA","9317 State Ave, Marysville, WA 98270, USA",2021 Tesla Model 3,business_personal_trip_log_10_19_2024_13_00am_PDT-10_20_2024_12_00am_PDT.csv
10/19/24,8:48:58 PM,10/19/24,9:26:28 PM,2.87,p,,"9317 State Ave, Marysville, WA 98270, USA","9805 79th Dr NE, Marysville, WA 98270, USA",2021 Tesla Model 3,business_personal_trip_log_10_19_2024_13_00am_PDT-10_20_2024_12_00am_PDT.csv
10/20/24,9:48:41 AM,10/20/24,10:45:16 AM,11.56,p,,"9804 79th Dr NE, Marysville, WA 98270, USA","2705 78th Ave SE, Lake Stevens, WA 98258, USA",2021 Tesla Model 3,business_personal_trip_log_10_20_2024_13_00am_PDT-10_21_2024_12_00am_PDT.csv
10/20/24,11:06:51 AM,10/20/24,12:40:59 PM,11.37,p,,"2705 78th Ave SE, Lake Stevens, WA 98258, USA","9804 79th Dr NE, Marysville, WA 98270, USA",2021 Tesla Model 3,business_personal_trip_log_10_20_2024_13_00am_PDT-10_21_2024_12_00am_PDT.csv
10/20/24,12:59:01 PM,10/20/24,1:09:34 PM,4.19,p,,"9805 79th Dr NE, Marysville, WA 98270, USA","4000 76th St NE, Marysville, WA 98270, USA",2021 Tesla Model 3,business_personal_trip_log_10_20_2024_13_00am_PDT-10_21_2024_12_00am_PDT.csv
10/20/24,1:52:55 PM,10/20/24,1:57:51 PM,0.23,p,,"4000 76th St NE, Marysville, WA 98270, USA","1253 State Ave, Marysville, WA 98270, USA",2021 Tesla Model 3,business_personal_trip_log_10_20_2024_13_00am_PDT-10_21_2024_12_00am_PDT.csv
10/20/24,2:01:10 PM,10/20/24,2:50:11 PM,14.25,p,,"1241 State Ave, Marysville, WA 98270, USA","2208 W Casino Rd, Everett, WA 98204, USA",2021 Tesla Model 3,business_personal_trip_log_10_20_2024_13_00am_PDT-10_21_2024_12_00am_PDT.csv
10/20/24,5:31:08 PM,10/20/24,5:58:47 PM,18.19,p,,"2208 W Casino Rd, Everett, WA 98204, USA","9804 79th Dr NE, Marysville, WA 98270, USA",2021 Tesla Model 3,business_personal_trip_log_10_20_2024_13_00am_PDT-10_21_2024_12_00am_PDT.csv
10/21/24,9:37:00 AM,10/21/24,9:58:18 AM,7.93,p,,"20012 6th Pl W, Lynnwood, WA 98036, USA","10600 47th Pl W, Mukilteo, WA 98275, USA",2021 Tesla Model 3,business_personal_trip_log_10_21_2024_13_00am_PDT-10_22_2024_12_00am_PDT.csv
10/21/24,12:23:27 PM,10/21/24,12:41:36 PM,9.49,p,,"10601 47th Pl W, Mukilteo, WA 98275, USA","615 200th Pl SW, Lynnwood, WA 98036, USA",2021 Tesla Model 3,business_personal_trip_log_10_21_2024_13_00am_PDT-10_22_2024_12_00am_PDT.csv
10/23/24,9:14:25 AM,10/23/24,10:03:37 AM,8,p,,"20012 6th Pl W, Lynnwood, WA 98036, USA","10600 47th Pl W, Mukilteo, WA 98275, USA",2021 Tesla Model 3,business_personal_trip_log_10_23_2024_13_00am_PDT-10_24_2024_12_00am_PDT.csv
10/23/24,11:58:33 AM,10/23/24,12:47:38 PM,7.86,p,,"10600 47th Pl W, Mukilteo, WA 98275, USA","20019 6 W, Lynnwood, WA 98036, USA",2021 Tesla Model 3,business_personal_trip_log_10_23_2024_13_00am_PDT-10_24_2024_12_00am_PDT.csv
10/23/24,12:52:31 PM,10/23/24,12:58:14 PM,1.98,p,,"608 200th Pl SW, Lynnwood, WA 98036, USA","16802 1 W, Bothell, WA 98012, USA",2021 Tesla Model 3,business_personal_trip_log_10_23_2024_13_00am_PDT-10_24_2024_12_00am_PDT.csv
10/23/24,12:59:06 PM,10/23/24,1:34:15 PM,1.77,p,,"200 164th St SW, Bothell, WA 98012, USA","14819 10th Ave SE, Mill Creek, WA 98012, USA",2021 Tesla Model 3,business_personal_trip_log_10_23_2024_13_00am_PDT-10_24_2024_12_00am_PDT.csv
10/23/24,5:42:25 PM,10/23/24,6:31:01 PM,4.3,p,,"14819 10th Ave SE, Mill Creek, WA 98012, USA","20019 6 W, Lynnwood, WA 98036, USA",2021 Tesla Model 3,business_personal_trip_log_10_23_2024_13_00am_PDT-10_24_2024_12_00am_PDT.csv
10/24/24,1:58:51 PM,10/24/24,2:48:09 PM,4.96,b,,"608 200th Pl SW, Lynnwood, WA 98036, USA","20201 46th Ave W, Lynnwood, WA 98036, USA",2021 Tesla Model 3,business_personal_trip_log_10_24_2024_13_00am_PDT-10_25_2024_12_00am_PDT.csv
10/24/24,2:59:28 PM,10/24/24,3:06:21 PM,1.25,b,,"20201 46th Ave W, Lynnwood, WA 98036, USA","4001 Alderwood Mall Blvd, Lynnwood, WA 98036, USA",2021 Tesla Model 3,business_personal_trip_log_10_24_2024_13_00am_PDT-10_25_2024_12_00am_PDT.csv
10/24/24,3:08:00 PM,10/24/24,4:56:58 PM,18.87,b,,"3225 Alderwood Mall Blvd, Lynnwood, WA 98036, USA","20019 6 W, Lynnwood, WA 98036, USA",2021 Tesla Model 3,business_personal_trip_log_10_24_2024_13_00am_PDT-10_25_2024_12_00am_PDT.csv
10/24/24,9:36:13 PM,10/24/24,9:38:30 PM,0.73,p,,"20012 6 W, Lynnwood, WA 98036, USA","404 N Damson Rd, Lynnwood, WA 98036, USA",2021 Tesla Model 3,business_personal_trip_log_10_24_2024_13_00am_PDT-10_25_2024_12_00am_PDT.csv
10/24/24,9:39:16 PM,10/24/24,11:01:24 PM,18.32,p,,"404 N Damson Rd, Lynnwood, WA 98036, USA","20019 6 W, Lynnwood, WA 98036, USA",2021 Tesla Model 3,business_personal_trip_log_10_24_2024_13_00am_PDT-10_25_2024_12_00am_PDT.csv
10/25/24,9:30:29 AM,10/25/24,9:35:05 AM,1.98,p,,"20012 6 W, Lynnwood, WA 98036, USA","325 228th St SW, Bothell, WA 98021, USA",2021 Tesla Model 3,business_personal_trip_log_10_25_2024_13_00am_PDT-10_26_2024_12_00am_PDT.csv
10/25/24,9:35:42 AM,10/25/24,11:06:26 AM,50.35,p,,Unknown,"12608 132nd Ave Ct E, Puyallup, WA 98374, USA",2021 Tesla Model 3,business_personal_trip_log_10_25_2024_13_00am_PDT-10_26_2024_12_00am_PDT.csv
10/25/24,12:29:06 PM,10/25/24,1:41:25 PM,7.66,p,,"12612 132nd Avct E, Puyallup, WA 98374, USA","12608 132nd Ave Ct E, Puyallup, WA 98374, USA",2021 Tesla Model 3,business_personal_trip_log_10_25_2024_13_00am_PDT-10_26_2024_12_00am_PDT.csv
10/25/24,5:07:40 PM,10/25/24,5:09:31 PM,0.02,p,,"12605 132nd Ave Ct E, Puyallup, WA 98374, USA","12608 132nd Ave Ct E, Puyallup, WA 98374, USA",2021 Tesla Model 3,business_personal_trip_log_10_25_2024_13_00am_PDT-10_26_2024_12_00am_PDT.csv
10/25/24,7:11:13 PM,10/25/24,8:45:30 PM,51.5,p,,"12609 132nd Ave Ct E, Puyallup, WA 98374, USA","20019 6 W, Lynnwood, WA 98036, USA",2021 Tesla Model 3,business_personal_trip_log_10_25_2024_13_00am_PDT-10_26_2024_12_00am_PDT.csv
10/26/24,10:02:33 AM,10/26/24,10:06:12 AM,0.9,p,,"608 200th Pl SW, Lynnwood, WA 98036, USA","20019 6th Pl W, Lynnwood, WA 98036, USA",2021 Tesla Model 3,business_personal_trip_log_10_26_2024_13_00am_PDT-10_27_2024_12_00am_PDT.csv
10/26/24,10:07:41 AM,10/26/24,10:15:06 AM,2.12,p,,"608 200th Pl SW, Lynnwood, WA 98036, USA","16412 9th Ave SE, Mill Creek, WA 98012, USA",2021 Tesla Model 3,business_personal_trip_log_10_26_2024_13_00am_PDT-10_27_2024_12_00am_PDT.csv
10/26/24,10:15:36 AM,10/26/24,10:17:53 AM,0.64,p,,"1012 164th St SE, Mill Creek, WA 98012, USA","15310 Bothell Everett Hwy, Bothell, WA 98012, USA",2021 Tesla Model 3,business_personal_trip_log_10_26_2024_13_00am_PDT-10_27_2024_12_00am_PDT.csv
10/26/24,10:18:23 AM,10/26/24,10:20:03 AM,0.12,p,,"15121 Main St, Mill Creek, WA 98012, USA","14825 10th Ave SE, Mill Creek, WA 98012, USA",2021 Tesla Model 3,business_personal_trip_log_10_26_2024_13_00am_PDT-10_27_2024_12_00am_PDT.csv
10/26/24,1:36:24 PM,10/26/24,1:37:03 PM,0.1,p,,"1006 149th St SE, Mill Creek, WA 98012, USA","14905 Bothell Everett Hwy, Mill Creek, WA 98012, USA",2021 Tesla Model 3,business_personal_trip_log_10_26_2024_13_00am_PDT-10_27_2024_12_00am_PDT.csv
10/26/24,2:13:30 PM,10/26/24,3:21:39 PM,4.52,p,,"14916 12th Dr SE, Mill Creek, WA 98012, USA","20019 6 W, Lynnwood, WA 98036, USA",2021 Tesla Model 3,business_personal_trip_log_10_26_2024_13_00am_PDT-10_27_2024_12_00am_PDT.csv
10/26/24,3:33:54 PM,10/26/24,3:45:18 PM,4.29,p,,"20019 6 W, Lynnwood, WA 98036, USA","14821 10th Ave SE, Mill Creek, WA 98012, USA",2021 Tesla Model 3,business_personal_trip_log_10_26_2024_13_00am_PDT-10_27_2024_12_00am_PDT.csv
10/26/24,8:23:01 PM,10/26/24,9:19:07 PM,8.36,p,,"15121 Main St, Mill Creek, WA 98012, USA","14821 10th Ave SE, Mill Creek, WA 98012, USA",2021 Tesla Model 3,business_personal_trip_log_10_26_2024_13_00am_PDT-10_27_2024_12_00am_PDT.csv
10/26/24,9:19:53 PM,10/26/24,9:33:02 PM,4.21,p,,"14821 10th Ave SE, Mill Creek, WA 98012, USA","20019 6 W, Lynnwood, WA 98036, USA",2021 Tesla Model 3,business_personal_trip_log_10_26_2024_13_00am_PDT-10_27_2024_12_00am_PDT.csv
10/27/24,10:04:15 AM,10/27/24,10:56:18 AM,3.63,p,,"20019 6 W, Lynnwood, WA 98036, USA","16314 Bothell Everett Hwy, Mill Creek, WA 98012, USA",2021 Tesla Model 3,business_personal_trip_log_10_27_2024_13_00am_PDT-10_28_2024_12_00am_PDT.csv
10/27/24,11:28:06 AM,10/27/24,12:01:51 PM,1.03,p,,"16310 Bothell Everett Hwy, Mill Creek, WA 98012, USA","14825 10th Ave SE, Mill Creek, WA 98012, USA",2021 Tesla Model 3,business_personal_trip_log_10_27_2024_13_00am_PDT-10_28_2024_12_00am_PDT.csv
10/27/24,3:19:44 PM,10/27/24,4:00:40 PM,4.13,p,,"15115 Main St, Mill Creek, WA 98012, USA","20019 6 W, Lynnwood, WA 98036, USA",2021 Tesla Model 3,business_personal_trip_log_10_27_2024_13_00am_PDT-10_28_2024_12_00am_PDT.csv
10/27/24,6:46:26 PM,10/27/24,7:44:13 PM,5.66,p,,"608 200th Pl SW, Lynnwood, WA 98036, USA","20019 6 W, Lynnwood, WA 98036, USA",2021 Tesla Model 3,business_personal_trip_log_10_27_2024_13_00am_PDT-10_28_2024_12_00am_PDT.csv
10/28/24,11:07:24 AM,10/28/24,11:32:27 AM,4.4,p,,"20019 6 W, Lynnwood, WA 98036, USA","14811 10th Ave SE, Mill Creek, WA 98012, USA",2021 Tesla Model 3,business_personal_trip_log_10_28_2024_13_00am_PDT-10_29_2024_12_00am_PDT.csv
10/28/24,11:35:25 AM,10/28/24,11:36:09 AM,0.04,p,,"14813 10th Ave SE, Mill Creek, WA 98012, USA","14905 Bothell Everett Hwy, Mill Creek, WA 98012, USA",2021 Tesla Model 3,business_personal_trip_log_10_28_2024_13_00am_PDT-10_29_2024_12_00am_PDT.csv
10/28/24,11:37:43 AM,10/28/24,1:39:50 PM,45.97,p,,"14905 Bothell Everett Hwy, Mill Creek, WA 98012, USA","14823 10th Ave SE, Mill Creek, WA 98012, USA",2021 Tesla Model 3,business_personal_trip_log_10_28_2024_13_00am_PDT-10_29_2024_12_00am_PDT.csv
10/28/24,2:48:06 PM,10/28/24,3:21:46 PM,2.86,p,,"14821 10th Ave SE, Mill Creek, WA 98012, USA","14813 10th Ave SE, Mill Creek, WA 98012, USA",2021 Tesla Model 3,business_personal_trip_log_10_28_2024_13_00am_PDT-10_29_2024_12_00am_PDT.csv
10/28/24,5:09:01 PM,10/28/24,5:58:22 PM,4.24,p,,"14815 10th Ave SE, Mill Creek, WA 98012, USA","13710 59th Ave SE, Everett, WA 98208, USA",2021 Tesla Model 3,business_personal_trip_log_10_28_2024_13_00am_PDT-10_29_2024_12_00am_PDT.csv
10/28/24,8:59:57 PM,10/28/24,9:18:06 PM,7.36,p,,"13828 59th Ave SE, Everett, WA 98208, USA","624 200th Pl SW, Lynnwood, WA 98036, USA",2021 Tesla Model 3,business_personal_trip_log_10_28_2024_13_00am_PDT-10_29_2024_12_00am_PDT.csv
10/29/24,8:12:37 AM,10/29/24,8:52:54 AM,15.37,p,,"20012 6 W, Lynnwood, WA 98036, USA","14905 Bothell Everett Hwy, Mill Creek, WA 98012, USA",2021 Tesla Model 3,business_personal_trip_log_10_29_2024_13_00am_PDT-10_30_2024_12_00am_PDT.csv
10/29/24,8:56:39 AM,10/29/24,9:40:14 AM,4.22,p,,"14905 Bothell Everett Hwy, Mill Creek, WA 98012, USA","20019 6 W, Lynnwood, WA 98036, USA",2021 Tesla Model 3,business_personal_trip_log_10_29_2024_13_00am_PDT-10_30_2024_12_00am_PDT.csv
10/29/24,11:15:28 AM,10/29/24,12:29:47 PM,28.41,p,,"20019 6 W, Lynnwood, WA 98036, USA","4050 Maple Valley Hwy, Renton, WA 98058, USA",2021 Tesla Model 3,business_personal_trip_log_10_29_2024_13_00am_PDT-10_30_2024_12_00am_PDT.csv
10/29/24,4:49:58 PM,10/29/24,5:38:32 PM,7.53,p,,"4050 Maple Valley Hwy, Renton, WA 98058, USA","17555 Southcenter Pkwy, Tukwila, WA 98188, USA",2021 Tesla Model 3,business_personal_trip_log_10_29_2024_13_00am_PDT-10_30_2024_12_00am_PDT.csv
10/29/24,5:46:19 PM,10/29/24,5:49:10 PM,0.92,p,,"17555 Southcenter Pkwy, Tukwila, WA 98188, USA","I-5, Seattle, WA 98188, USA",2021 Tesla Model 3,business_personal_trip_log_10_29_2024_13_00am_PDT-10_30_2024_12_00am_PDT.csv
10/29/24,5:50:09 PM,10/29/24,6:40:27 PM,29.75,p,,"I-5, Seattle, WA 98188, USA","20019 6 W, Lynnwood, WA 98036, USA",2021 Tesla Model 3,business_personal_trip_log_10_29_2024_13_00am_PDT-10_30_2024_12_00am_PDT.csv
10/30/24,11:01:06 AM,10/30/24,12:13:28 PM,24.29,b,,"608 200th Pl SW, Lynnwood, WA 98036, USA","18133 33 W, Lynnwood, WA 98037, USA",2021 Tesla Model 3,business_personal_trip_log_10_30_2024_13_00am_PDT-10_31_2024_12_00am_PDT.csv
10/30/24,12:18:20 PM,10/30/24,12:30:34 PM,0.06,b,,"18133 33 W, Lynnwood, WA 98037, USA","18109 33 W, Lynnwood, WA 98037, USA",2021 Tesla Model 3,business_personal_trip_log_10_30_2024_13_00am_PDT-10_31_2024_12_00am_PDT.csv
10/30/24,12:44:20 PM,10/30/24,2:08:00 PM,19.02,b,,"18109 33rd Ave W, Lynnwood, WA 98037, USA","3005 Alderwood Mall Pkwy, Lynnwood, WA 98036, USA",2021 Tesla Model 3,business_personal_trip_log_10_30_2024_13_00am_PDT-10_31_2024_12_00am_PDT.csv
10/30/24,2:08:32 PM,10/30/24,2:13:56 PM,1.3,b,,"3000 196th St SW, Lynnwood, WA 98036, USA","19815 48th Ave W, Lynnwood, WA 98036, USA",2021 Tesla Model 3,business_personal_trip_log_10_30_2024_13_00am_PDT-10_31_2024_12_00am_PDT.csv
10/30/24,2:16:56 PM,10/30/24,3:21:57 PM,5.72,b,,"4711 200th St SW, Lynnwood, WA 98036, USA","20019 6 W, Lynnwood, WA 98036, USA",2021 Tesla Model 3,business_personal_trip_log_10_30_2024_13_00am_PDT-10_31_2024_12_00am_PDT.csv
10/30/24,3:44:20 PM,10/30/24,4:59:42 PM,12.39,b,,"708 200th Pl SW, Lynnwood, WA 98036, USA","20019 6 W, Lynnwood, WA 98036, USA",2021 Tesla Model 3,business_personal_trip_log_10_30_2024_13_00am_PDT-10_31_2024_12_00am_PDT.csv
10/30/24,9:00:20 PM,10/30/24,10:15:01 PM,8.66,p,,"20019 6 W, Lynnwood, WA 98036, USA","20019 6 W, Lynnwood, WA 98036, USA",2021 Tesla Model 3,business_personal_trip_log_10_30_2024_13_00am_PDT-10_31_2024_12_00am_PDT.csv
10/31/24,9:41:11 AM,10/31/24,9:48:01 AM,2.85,p,,"608 200th Pl SW, Lynnwood, WA 98036, USA","17906 Ash Way, Lynnwood, WA 98037, USA",2021 Tesla Model 3,business_personal_trip_log_10_31_2024_13_00am_PDT-11_01_2024_12_00am_PDT.csv
10/31/24,9:48:44 AM,10/31/24,9:58:31 AM,5.02,p,,"17955 Alderwood Mall Pkwy, Lynnwood, WA 98037, USA","10601 47th Pl W, Mukilteo, WA 98275, USA",2021 Tesla Model 3,business_personal_trip_log_10_31_2024_13_00am_PDT-11_01_2024_12_00am_PDT.csv
10/31/24,12:37:20 PM,10/31/24,12:47:18 PM,4.84,p,,"10601 47th Pl W, Mukilteo, WA 98275, USA","17955 Alderwood Mall Pkwy, Lynnwood, WA 98037, USA",2021 Tesla Model 3,business_personal_trip_log_10_31_2024_13_00am_PDT-11_01_2024_12_00am_PDT.csv
10/31/24,12:48:08 PM,10/31/24,1:54:06 PM,6.6,p,,"17810 Ash Way, Lynnwood, WA 98037, USA","16708 Bothell Everett Hwy, Mill Creek, WA 98012, USA",2021 Tesla Model 3,business_personal_trip_log_10_31_2024_13_00am_PDT-11_01_2024_12_00am_PDT.csv
10/31/24,2:13:51 PM,10/31/24,3:21:42 PM,26.06,b,,"16708 Bothell Everett Hwy, Mill Creek, WA 98012, USA","618 200th Pl SW, Lynnwood, WA 98036, USA",2021 Tesla Model 3,business_personal_trip_log_10_31_2024_13_00am_PDT-11_01_2024_12_00am_PDT.csv
10/31/24,4:12:53 PM,10/31/24,5:13:21 PM,7.8,p,,"20012 6th Pl W, Lynnwood, WA 98036, USA","13710 59th Ave SE, Everett, WA 98208, USA",2021 Tesla Model 3,business_personal_trip_log_10_31_2024_13_00am_PDT-11_01_2024_12_00am_PDT.csv
10/31/24,9:15:10 PM,10/31/24,9:31:20 PM,7.28,p,,"13832 59th Ave SE, Everett, WA 98208, USA","20019 6 W, Lynnwood, WA 98036, USA",2021 Tesla Model 3,business_personal_trip_log_10_31_2024_13_00am_PDT-11_01_2024_12_00am_PDT.csv
11/1/24,11:09:04 AM,11/1/24,11:56:25 AM,7.96,p,,"20019 6 W, Lynnwood, WA 98036, USA","10600 47th Pl W, Mukilteo, WA 98275, USA",2021 Tesla Model 3,business_personal_trip_log_11_01_2024_13_00am_PDT-11_02_2024_12_00am_PDT.csv
11/1/24,1:05:58 PM,11/1/24,1:50:23 PM,5.12,p,,"10601 47th Pl W, Mukilteo, WA 98275, USA","18133 33rd Ave W, Lynnwood, WA 98037, USA",2021 Tesla Model 3,business_personal_trip_log_11_01_2024_13_00am_PDT-11_02_2024_12_00am_PDT.csv
11/1/24,2:44:22 PM,11/1/24,3:23:43 PM,3.13,p,,"18133 33 W, Lynnwood, WA 98037, USA","20019 6 W, Lynnwood, WA 98036, USA",2021 Tesla Model 3,business_personal_trip_log_11_01_2024_13_00am_PDT-11_02_2024_12_00am_PDT.csv
11/1/24,3:39:48 PM,11/1/24,5:31:48 PM,22.67,b,,"20012 6th Pl W, Lynnwood, WA 98036, USA","20019 6 W, Lynnwood, WA 98036, USA",2021 Tesla Model 3,business_personal_trip_log_11_01_2024_13_00am_PDT-11_02_2024_12_00am_PDT.csv
11/1/24,6:54:26 PM,11/1/24,7:40:27 PM,23.56,p,,"20012 6th Pl W, Lynnwood, WA 98036, USA","9804 79th Dr NE, Marysville, WA 98270, USA",2021 Tesla Model 3,business_personal_trip_log_11_01_2024_13_00am_PDT-11_02_2024_12_00am_PDT.csv
11/2/24,11:22:48 AM,11/2/24,12:04:31 PM,4.73,p,,"9804 79th Dr NE, Marysville, WA 98270, USA","312 State Ave, Marysville, WA 98270, USA",2021 Tesla Model 3,business_personal_trip_log_11_02_2024_13_00am_PDT-11_03_2024_12_00am_PDT.csv
11/2/24,12:36:27 PM,11/2/24,1:10:47 PM,1.16,p,,"1512 4th St, Marysville, WA 98270, USA","1336 State Ave, Marysville, WA 98270, USA",2021 Tesla Model 3,business_personal_trip_log_11_02_2024_13_00am_PDT-11_03_2024_12_00am_PDT.csv
11/2/24,1:12:14 PM,11/2/24,2:17:08 PM,22.07,p,,"1336 State Ave, Marysville, WA 98270, USA","2208 W Casino Rd, Everett, WA 98204, USA",2021 Tesla Model 3,business_personal_trip_log_11_02_2024_13_00am_PDT-11_03_2024_12_00am_PDT.csv
11/2/24,5:21:15 PM,11/2/24,6:13:54 PM,15.42,p,,"2208 W Casino Rd, Everett, WA 98204, USA","9414 State Ave, Marysville, WA 98270, USA",2021 Tesla Model 3,business_personal_trip_log_11_02_2024_13_00am_PDT-11_03_2024_12_00am_PDT.csv
11/2/24,6:41:47 PM,11/2/24,7:19:08 PM,2.69,p,,"9330 State Ave, Marysville, WA 98270, USA","9804 79th Dr NE, Marysville, WA 98270, USA",2021 Tesla Model 3,business_personal_trip_log_11_02_2024_13_00am_PDT-11_03_2024_12_00am_PDT.csv
11/3/24,9:01:48 AM,11/3/24,9:49:15 AM,7.56,p,,"608 200th Pl SW, Lynnwood, WA 98036, USA","4326 148th St SE, Bothell, WA 98012, USA",2021 Tesla Model 3,business_personal_trip_log_11_03_2024_13_00am_PDT-11_04_2024_12_00am_PDT.csv
11/3/24,10:58:58 AM,11/3/24,1:23:23 PM,43.09,p,,"4326 148th St SE, Bothell, WA 98012, USA","6501 Railroad Ave SE, Snoqualmie, WA 98065, USA",2021 Tesla Model 3,business_personal_trip_log_11_03_2024_13_00am_PDT-11_04_2024_12_00am_PDT.csv
11/3/24,2:45:43 PM,11/3/24,5:03:34 PM,74.99,p,,"6501 Railroad Ave SE, Snoqualmie, WA 98065, USA","13710 59th Ave SE, Everett, WA 98208, USA",2021 Tesla Model 3,business_personal_trip_log_11_03_2024_13_00am_PDT-11_04_2024_12_00am_PDT.csv
11/3/24,8:11:56 PM,11/3/24,8:30:06 PM,6.71,p,,"13710 59th Ave SE, Everett, WA 98208, USA","618 200th Pl SW, Lynnwood, WA 98036, USA",2021 Tesla Model 3,business_personal_trip_log_11_03_2024_13_00am_PDT-11_04_2024_12_00am_PDT.csv
11/4/24,9:06:22 AM,11/4/24,9:16:17 AM,2.04,p,,"608 200th Pl SW, Lynnwood, WA 98036, USA","6521 212th St SW, Lynnwood, WA 98036, USA",2021 Tesla Model 3,business_personal_trip_log_11_04_2024_13_00am_PDT-11_05_2024_12_00am_PDT.csv
11/4/24,9:16:47 AM,11/4/24,9:19:17 AM,0.59,p,,"6619 212th St SW, Lynnwood, WA 98036, USA","7530 212th St SW, Edmonds, WA 98026, USA",2021 Tesla Model 3,business_personal_trip_log_11_04_2024_13_00am_PDT-11_05_2024_12_00am_PDT.csv
11/4/24,9:19:54 AM,11/4/24,9:21:41 AM,0.24,p,,"7530 212th St SW, Edmonds, WA 98026, USA","21616 76th Ave W, Edmonds, WA 98026, USA",2021 Tesla Model 3,business_personal_trip_log_11_04_2024_13_00am_PDT-11_05_2024_12_00am_PDT.csv
11/4/24,10:23:10 AM,11/4/24,10:45:04 AM,8.22,p,,"21616 76th Ave W, Edmonds, WA 98026, USA","15824 Mill Creek Blvd, Mill Creek, WA 98012, USA",2021 Tesla Model 3,business_personal_trip_log_11_04_2024_13_00am_PDT-11_05_2024_12_00am_PDT.csv
11/4/24,11:34:58 AM,11/4/24,11:45:45 AM,3.57,p,,"15824 Mill Creek Blvd, Mill Creek, WA 98012, USA","20019 6 W, Lynnwood, WA 98036, USA",2021 Tesla Model 3,business_personal_trip_log_11_04_2024_13_00am_PDT-11_05_2024_12_00am_PDT.csv
11/4/24,12:54:35 PM,11/4/24,1:54:30 PM,4.26,p,,"20012 6 W, Lynnwood, WA 98036, USA","18133 33rd Ave W, Lynnwood, WA 98037, USA",2021 Tesla Model 3,business_personal_trip_log_11_04_2024_13_00am_PDT-11_05_2024_12_00am_PDT.csv
11/4/24,2:05:36 PM,11/4/24,4:40:24 PM,35.04,b,,"18133 33rd Ave W, Lynnwood, WA 98037, USA","20012 6 W, Lynnwood, WA 98036, USA",2021 Tesla Model 3,business_personal_trip_log_11_04_2024_13_00am_PDT-11_05_2024_12_00am_PDT.csv
11/5/24,1:05:40 PM,11/5/24,1:29:35 PM,5.79,p,,"20025 6 W, Lynnwood, WA 98036, USA","21900 Highway 99, Edmonds, WA 98026, USA",2021 Tesla Model 3,business_personal_trip_log_11_05_2024_13_00am_PDT-11_06_2024_12_00am_PDT.csv
11/5/24,1:42:21 PM,11/5/24,3:40:56 PM,6.44,p,,"21940 Highway 99, Edmonds, WA 98026, USA",Unknown,2021 Tesla Model 3,business_personal_trip_log_11_05_2024_13_00am_PDT-11_06_2024_12_00am_PDT.csv
11/5/24,3:56:09 PM,11/5/24,4:49:44 PM,6.32,p,,"4210 198th St SW, Lynnwood, WA 98036, USA","14823 10th Ave SE, Mill Creek, WA 98012, USA",2021 Tesla Model 3,business_personal_trip_log_11_05_2024_13_00am_PDT-11_06_2024_12_00am_PDT.csv
11/5/24,5:02:57 PM,11/5/24,6:46:44 PM,26.79,p,,"14823 10th Ave SE, Mill Creek, WA 98012, USA","10622 60th St NE, Lake Stevens, WA 98258, USA",2021 Tesla Model 3,business_personal_trip_log_11_05_2024_13_00am_PDT-11_06_2024_12_00am_PDT.csv
11/6/24,12:01:13 AM,11/6/24,12:52:17 AM,16.25,p,,"1232 71st Ave SE, Lake Stevens, WA 98258, USA","20019 6 W, Lynnwood, WA 98036, USA",2021 Tesla Model 3,business_personal_trip_log_11_06_2024_13_00am_PDT-11_07_2024_12_00am_PDT.csv
11/6/24,10:46:10 AM,11/6/24,11:33:43 AM,8.11,p,,"20019 6 W, Lynnwood, WA 98036, USA","10601 47th Pl W, Mukilteo, WA 98275, USA",2021 Tesla Model 3,business_personal_trip_log_11_06_2024_13_00am_PDT-11_07_2024_12_00am_PDT.csv
11/6/24,12:35:01 PM,11/6/24,1:18:36 PM,11.49,b,,"10601 47th Pl W, Mukilteo, WA 98275, USA","20019 6 W, Lynnwood, WA 98036, USA",2021 Tesla Model 3,business_personal_trip_log_11_06_2024_13_00am_PDT-11_07_2024_12_00am_PDT.csv
11/6/24,2:38:21 PM,11/6/24,2:45:13 PM,2.52,b,,"20013 6th Pl W, Lynnwood, WA 98036, USA","2617 196th St SW, Lynnwood, WA 98036, USA",2021 Tesla Model 3,business_personal_trip_log_11_06_2024_13_00am_PDT-11_07_2024_12_00am_PDT.csv
11/6/24,3:15:09 PM,11/6/24,5:24:13 PM,23.89,b,,"2617 196th St SW, Lynnwood, WA 98036, USA","19220 Alderwood Mall Pkwy, Lynnwood, WA 98036, USA",2021 Tesla Model 3,business_personal_trip_log_11_06_2024_13_00am_PDT-11_07_2024_12_00am_PDT.csv
11/6/24,5:28:21 PM,11/6/24,5:47:04 PM,1.54,b,,"19220 Alderwood Mall Pkwy, Lynnwood, WA 98036, USA","20007 44th Ave W, Lynnwood, WA 98036, USA",2021 Tesla Model 3,business_personal_trip_log_11_06_2024_13_00am_PDT-11_07_2024_12_00am_PDT.csv
11/6/24,5:48:33 PM,11/6/24,7:11:14 PM,12.6,b,,"4727 200th St SW, Lynnwood, WA 98036, USA","20019 6 W, Lynnwood, WA 98036, USA",2021 Tesla Model 3,business_personal_trip_log_11_06_2024_13_00am_PDT-11_07_2024_12_00am_PDT.csv
11/7/24,9:22:25 AM,11/7/24,10:09:05 AM,7.93,p,,"608 200th Pl SW, Lynnwood, WA 98036, USA","10601 47th Pl W, Mukilteo, WA 98275, USA",2021 Tesla Model 3,business_personal_trip_log_11_07_2024_13_00am_PDT-11_08_2024_12_00am_PDT.csv
11/7/24,12:42:44 PM,11/7/24,12:58:59 PM,7.82,p,,"10601 47th Pl W, Mukilteo, WA 98275, USA","618 200th Pl SW, Lynnwood, WA 98036, USA",2021 Tesla Model 3,business_personal_trip_log_11_07_2024_13_00am_PDT-11_08_2024_12_00am_PDT.csv
11/7/24,1:52:27 PM,11/7/24,2:37:51 PM,14.6,b,,"20019 6 W, Lynnwood, WA 98036, USA","19404 Woodinville Snohomish Rd, Woodinville, WA 98072, USA",2021 Tesla Model 3,business_personal_trip_log_11_07_2024_13_00am_PDT-11_08_2024_12_00am_PDT.csv
11/7/24,2:39:41 PM,11/7/24,3:32:11 PM,28.87,b,,"19265 Woodinville Snohomish Rd, Woodinville, WA 98072, USA","17801 International Blvd, Seatac, WA 98158, USA",2021 Tesla Model 3,business_personal_trip_log_11_07_2024_13_00am_PDT-11_08_2024_12_00am_PDT.csv
11/7/24,3:34:30 PM,11/7/24,6:06:31 PM,33.78,b,,"17801 International Blvd, Seatac, WA 98158, USA","21420 Highway 99, Edmonds, WA 98026, USA",2021 Tesla Model 3,business_personal_trip_log_11_07_2024_13_00am_PDT-11_08_2024_12_00am_PDT.csv
11/7/24,6:10:54 PM,11/7/24,6:42:46 PM,0.27,b,,"21420 Highway 99, Edmonds, WA 98026, USA","21527 73rd Pl W, Edmonds, WA 98026, USA",2021 Tesla Model 3,business_personal_trip_log_11_07_2024_13_00am_PDT-11_08_2024_12_00am_PDT.csv
11/7/24,8:12:59 PM,11/7/24,8:54:23 PM,4.88,b,,"21600 Highway 99, Edmonds, WA 98026, USA","20019 6 W, Lynnwood, WA 98036, USA",2021 Tesla Model 3,business_personal_trip_log_11_07_2024_13_00am_PDT-11_08_2024_12_00am_PDT.csv
11/8/24,10:01:04 AM,11/8/24,10:44:39 AM,5.25,p,,"20019 6 W, Lynnwood, WA 98036, USA","20216 68th Ave W, Lynnwood, WA 98036, USA",2021 Tesla Model 3,business_personal_trip_log_11_08_2024_13_00am_PDT-11_09_2024_12_00am_PDT.csv
11/8/24,1:09:31 PM,11/8/24,1:22:08 PM,3.21,p,,"20216 68th Ave W, Lynnwood, WA 98036, USA","18800 Alderwood Mall Pkwy, Lynnwood, WA 98037, USA",2021 Tesla Model 3,business_personal_trip_log_11_08_2024_13_00am_PDT-11_09_2024_12_00am_PDT.csv
11/8/24,3:02:02 PM,11/8/24,3:11:01 PM,3.25,p,,"18800 Alderwood Mall Pkwy, Lynnwood, WA 98037, USA","20019 6 W, Lynnwood, WA 98036, USA",2021 Tesla Model 3,business_personal_trip_log_11_08_2024_13_00am_PDT-11_09_2024_12_00am_PDT.csv
11/8/24,4:33:35 PM,11/8/24,4:55:21 PM,7.35,p,,"20012 6th Pl W, Lynnwood, WA 98036, USA","13710 59th Ave SE, Everett, WA 98208, USA",2021 Tesla Model 3,business_personal_trip_log_11_08_2024_13_00am_PDT-11_09_2024_12_00am_PDT.csv
11/8/24,8:54:19 PM,11/8/24,9:11:47 PM,7.48,p,,"13716 59th Ave SE, Everett, WA 98208, USA","612 200th Pl SW, Lynnwood, WA 98036, USA",2021 Tesla Model 3,business_personal_trip_log_11_08_2024_13_00am_PDT-11_09_2024_12_00am_PDT.csv
11/9/24,10:16:03 AM,11/9/24,12:49:38 PM,23.72,b,,"20019 6 W, Lynnwood, WA 98036, USA","258 Central Way, Kirkland, WA 98033, USA",2021 Tesla Model 3,business_personal_trip_log_11_09_2024_13_00am_PDT-11_10_2024_12_00am_PDT.csv
11/9/24,12:55:07 PM,11/9/24,12:56:30 PM,0.18,b,,"209 3rd St, Kirkland, WA 98033, USA","400 Urban Plz, Kirkland, WA 98033, USA",2021 Tesla Model 3,business_personal_trip_log_11_09_2024_13_00am_PDT-11_10_2024_12_00am_PDT.csv
11/9/24,12:58:01 PM,11/9/24,1:44:13 PM,10.51,b,,"460 Central Way, Kirkland, WA 98033, USA","3112 228th St SE, Bothell, WA 98021, USA",2021 Tesla Model 3,business_personal_trip_log_11_09_2024_13_00am_PDT-11_10_2024_12_00am_PDT.csv
11/9/24,1:45:08 PM,11/9/24,2:59:20 PM,7.05,b,,"2802 228th St SE, Bothell, WA 98021, USA","18801 Alderwood Mall Pkwy, Lynnwood, WA 98037, USA",2021 Tesla Model 3,business_personal_trip_log_11_09_2024_13_00am_PDT-11_10_2024_12_00am_PDT.csv
11/9/24,3:01:32 PM,11/9/24,3:43:39 PM,3.57,b,,"18801 Alderwood Mall Pkwy, Lynnwood, WA 98037, USA","20019 6 W, Lynnwood, WA 98036, USA",2021 Tesla Model 3,business_personal_trip_log_11_09_2024_13_00am_PDT-11_10_2024_12_00am_PDT.csv
11/10/24,9:09:48 AM,11/10/24,9:45:54 AM,5.87,p,,"20019 6 W, Lynnwood, WA 98036, USA","4326 148th St SE, Bothell, WA 98012, USA",2021 Tesla Model 3,business_personal_trip_log_11_10_2024_13_00am_PDT-11_11_2024_12_00am_PDT.csv
11/10/24,10:56:02 AM,11/10/24,11:10:59 AM,5.95,p,,"14730 45th Ave SE, Bothell, WA 98012, USA","20019 6 W, Lynnwood, WA 98036, USA",2021 Tesla Model 3,business_personal_trip_log_11_10_2024_13_00am_PDT-11_11_2024_12_00am_PDT.csv
11/10/24,12:19:08 PM,11/10/24,12:35:13 PM,8.89,p,,"612 200th Pl SW, Lynnwood, WA 98036, USA","1820 100th Pl SE suite b, Everett, WA 98208, USA",2021 Tesla Model 3,business_personal_trip_log_11_10_2024_13_00am_PDT-11_11_2024_12_00am_PDT.csv
11/10/24,12:35:44 PM,11/10/24,12:41:24 PM,0.34,p,,"10208 19th Ave SE, Everett, WA 98208, USA","10200 19th Ave SE, Everett, WA 98208, USA",2021 Tesla Model 3,business_personal_trip_log_11_10_2024_13_00am_PDT-11_11_2024_12_00am_PDT.csv
11/10/24,12:42:58 PM,11/10/24,1:01:13 PM,4.74,p,,"10200 19th Ave SE, Everett, WA 98208, USA","13710 59th Ave SE, Everett, WA 98208, USA",2021 Tesla Model 3,business_personal_trip_log_11_10_2024_13_00am_PDT-11_11_2024_12_00am_PDT.csv
11/10/24,4:51:05 PM,11/10/24,5:51:08 PM,8.23,p,,"13710 59th Ave SE, Everett, WA 98208, USA","20019 6 W, Lynnwood, WA 98036, USA",2021 Tesla Model 3,business_personal_trip_log_11_10_2024_13_00am_PDT-11_11_2024_12_00am_PDT.csv
11/11/24,9:04:44 AM,11/11/24,9:47:39 AM,5.33,p,,"20019 6 W, Lynnwood, WA 98036, USA","21616 76th Ave W, Edmonds, WA 98026, USA",2021 Tesla Model 3,business_personal_trip_log_11_11_2024_13_00am_PDT-11_12_2024_12_00am_PDT.csv
11/11/24,10:23:50 AM,11/11/24,10:36:48 AM,5.31,p,,"21616 76th Ave W, Edmonds, WA 98026, USA","20019 6 W, Lynnwood, WA 98036, USA",2021 Tesla Model 3,business_personal_trip_log_11_11_2024_13_00am_PDT-11_12_2024_12_00am_PDT.csv
11/11/24,11:57:24 AM,11/11/24,12:47:07 PM,4.93,p,,"608 200th Pl SW, Lynnwood, WA 98036, USA","17902 30th Pl W, Lynnwood, WA 98037, USA",2021 Tesla Model 3,business_personal_trip_log_11_11_2024_13_00am_PDT-11_12_2024_12_00am_PDT.csv
11/11/24,12:48:02 PM,11/11/24,1:26:54 PM,3.01,p,,"17955 Alderwood Mall Pkwy, Lynnwood, WA 98037, USA","20019 6 W, Lynnwood, WA 98036, USA",2021 Tesla Model 3,business_personal_trip_log_11_11_2024_13_00am_PDT-11_12_2024_12_00am_PDT.csv
11/11/24,4:32:28 PM,11/11/24,5:26:47 PM,13.01,b,,"20012 6 W, Lynnwood, WA 98036, USA","8810 Airport Rd, Everett, WA 98204, USA",2021 Tesla Model 3,business_personal_trip_log_11_11_2024_13_00am_PDT-11_12_2024_12_00am_PDT.csv
11/11/24,5:27:23 PM,11/11/24,6:42:23 PM,35.14,b,,"8810 Airport Rd, Everett, WA 98204, USA","I-5, Seattle, WA 98108, USA",2021 Tesla Model 3,business_personal_trip_log_11_11_2024_13_00am_PDT-11_12_2024_12_00am_PDT.csv
11/11/24,6:43:07 PM,11/11/24,8:02:14 PM,27.08,b,,"5543 13th Ave S, Seattle, WA 98108, USA","20019 6 W, Lynnwood, WA 98036, USA",2021 Tesla Model 3,business_personal_trip_log_11_11_2024_13_00am_PDT-11_12_2024_12_00am_PDT.csv
11/13/24,10:10:55 AM,11/13/24,10:17:30 AM,1.66,p,,"20019 6 W, Lynnwood, WA 98036, USA","4313 212th St SW, Mountlake Terrace, WA 98043, USA",2021 Tesla Model 3,business_personal_trip_log_11_13_2024_14_00am_PDT-11_12_2024_12_00am_PDT.csv
11/13/24,10:18:00 AM,11/13/24,10:19:00 AM,0.31,p,,"21120 46th Pl W, Lynnwood, WA 98036, USA",Unknown,2021 Tesla Model 3,business_personal_trip_log_11_13_2024_14_00am_PDT-11_12_2024_12_00am_PDT.csv
11/13/24,10:19:30 AM,11/13/24,10:22:52 AM,0.76,p,,"5215 212th St SW, Lynnwood, WA 98036, USA","20801 Highway 99, Lynnwood, WA 98036, USA",2021 Tesla Model 3,business_personal_trip_log_11_13_2024_14_00am_PDT-11_12_2024_12_00am_PDT.csv
11/13/24,10:23:52 AM,11/13/24,10:26:35 AM,0.37,p,,"20728 Highway 99, Lynnwood, WA 98036, USA","20200 68th Ave W, Lynnwood, WA 98036, USA",2021 Tesla Model 3,business_personal_trip_log_11_13_2024_14_00am_PDT-11_12_2024_12_00am_PDT.csv
11/13/24,2:18:38 PM,11/13/24,3:57:27 PM,32.48,p,,"20216 68th Ave W, Lynnwood, WA 98036, USA","9804 79th Dr NE, Marysville, WA 98270, USA",2021 Tesla Model 3,business_personal_trip_log_11_13_2024_14_00am_PDT-11_12_2024_12_00am_PDT.csv
11/14/24,9:49:16 AM,11/14/24,10:16:35 AM,1.82,p,,"9804 79th Dr NE, Marysville, WA 98270, USA","6810 84th St NE, Marysville, WA 98270, USA",2021 Tesla Model 3,business_personal_trip_log_11_14_2024_12_00am_PDT-11_15_2024_12_00am_PDT.csv
11/14/24,2:18:43 PM,11/14/24,4:08:59 PM,25.9,p,,"6810 84th St NE, Marysville, WA 98270, USA","20019 6 W, Lynnwood, WA 98036, USA",2021 Tesla Model 3,business_personal_trip_log_11_14_2024_12_00am_PDT-11_15_2024_12_00am_PDT.csv
11/15/24,12:17:24 PM,11/15/24,12:33:16 PM,4.3,p,,"615 200th Pl SW, Lynnwood, WA 98036, USA",Unknown,2021 Tesla Model 3,business_personal_trip_log_11_15_2024_17_00am_PDT-11_16_2024_12_00am_PDT.csv
11/15/24,12:53:23 PM,11/15/24,1:45:03 PM,5.08,p,,"14819 10th Ave SE, Mill Creek, WA 98012, USA","17308 Highway 99, Lynnwood, WA 98037, USA",2021 Tesla Model 3,business_personal_trip_log_11_15_2024_17_00am_PDT-11_16_2024_12_00am_PDT.csv
11/15/24,3:20:34 PM,11/15/24,4:24:24 PM,2.24,p,,"17222 Highway 99, Lynnwood, WA 98037, USA","4201 198th St SW, Lynnwood, WA 98036, USA",2021 Tesla Model 3,business_personal_trip_log_11_15_2024_17_00am_PDT-11_16_2024_12_00am_PDT.csv
11/15/24,5:12:40 PM,11/15/24,6:13:52 PM,6.19,p,,"4114 198th St SW, Lynnwood, WA 98036, USA","14819 10th Ave SE, Mill Creek, WA 98012, USA",2021 Tesla Model 3,business_personal_trip_log_11_15_2024_17_00am_PDT-11_16_2024_12_00am_PDT.csv
11/15/24,7:10:22 PM,11/15/24,8:20:58 PM,2.24,p,,"14819 10th Ave SE, Mill Creek, WA 98012, USA","14905 Bothell Everett Hwy, Mill Creek, WA 98012, USA",2021 Tesla Model 3,business_personal_trip_log_11_15_2024_17_00am_PDT-11_16_2024_12_00am_PDT.csv
11/15/24,8:57:38 PM,11/15/24,9:36:08 PM,4.14,p,,"14905 Bothell Everett Hwy, Mill Creek, WA 98012, USA","13710 59th Ave SE, Everett, WA 98208, USA",2021 Tesla Model 3,business_personal_trip_log_11_15_2024_17_00am_PDT-11_16_2024_12_00am_PDT.csv
11/15/24,9:49:38 PM,11/15/24,10:10:59 PM,8.43,p,,"13707 59th Ave SE, Everett, WA 98208, USA","720 200th Pl SW, Lynnwood, WA 98036, USA",2021 Tesla Model 3,business_personal_trip_log_11_15_2024_17_00am_PDT-11_16_2024_12_00am_PDT.csv
11/16/24,9:35:35 AM,11/16/24,11:03:15 AM,20.5,b,,"20019 6 W, Lynnwood, WA 98036, USA","11910 NE 116th St, Kirkland, WA 98034, USA",2021 Tesla Model 3,business_personal_trip_log_11_16_2024_17_00am_PDT-11_12_2024_12_00am_PDT.csv
11/16/24,11:03:45 AM,11/16/24,1:13:12 PM,16.29,b,,"11447 120th Ave NE, Kirkland, WA 98033, USA","10503 NE 4th St, Bellevue, WA 98004, USA",2021 Tesla Model 3,business_personal_trip_log_11_16_2024_17_00am_PDT-11_12_2024_12_00am_PDT.csv
11/16/24,1:13:48 PM,11/16/24,3:15:41 PM,33.44,b,,"10503 NE 4th St, Bellevue, WA 98004, USA","20019 6 W, Lynnwood, WA 98036, USA",2021 Tesla Model 3,business_personal_trip_log_11_16_2024_17_00am_PDT-11_12_2024_12_00am_PDT.csv
11/16/24,5:31:23 PM,11/16/24,6:01:41 PM,2.69,p,,"20012 6th Pl W, Lynnwood, WA 98036, USA","18109 33rd Ave W, Lynnwood, WA 98037, USA",2021 Tesla Model 3,business_personal_trip_log_11_16_2024_17_00am_PDT-11_12_2024_12_00am_PDT.csv
11/16/24,6:09:00 PM,11/16/24,6:49:06 PM,3.43,p,,"18109 33rd Ave W, Lynnwood, WA 98037, USA","20019 6 W, Lynnwood, WA 98036, USA",2021 Tesla Model 3,business_personal_trip_log_11_16_2024_17_00am_PDT-11_12_2024_12_00am_PDT.csv
11/17/24,9:04:23 AM,11/17/24,9:46:37 AM,6,p,,"20025 6 W, Lynnwood, WA 98036, USA","4326 148th St SE, Bothell, WA 98012, USA",2021 Tesla Model 3,business_personal_trip_log_11_17_2024_17_00am_PDT-11_18_2024_12_00am_PDT.csv
11/17/24,11:07:25 AM,11/17/24,12:12:23 PM,6.04,p,,"4326 148th St SE, Bothell, WA 98012, USA","20019 6 W, Lynnwood, WA 98036, USA",2021 Tesla Model 3,business_personal_trip_log_11_17_2024_17_00am_PDT-11_18_2024_12_00am_PDT.csv
11/17/24,2:19:09 PM,11/17/24,2:43:32 PM,6.37,p,,"20019 6 W, Lynnwood, WA 98036, USA","14800 Highway 99, Lynnwood, WA 98087, USA",2021 Tesla Model 3,business_personal_trip_log_11_17_2024_17_00am_PDT-11_18_2024_12_00am_PDT.csv
11/17/24,2:44:26 PM,11/17/24,3:28:02 PM,4.44,p,,"WA-525, Lynnwood, WA 98087, USA","2208 W Casino Rd, Everett, WA 98204, USA",2021 Tesla Model 3,business_personal_trip_log_11_17_2024_17_00am_PDT-11_18_2024_12_00am_PDT.csv
11/17/24,5:40:49 PM,11/17/24,6:10:47 PM,9.23,p,,"2208 W Casino Rd, Everett, WA 98204, USA","1402 164th St SW, Lynnwood, WA 98087, USA",2021 Tesla Model 3,business_personal_trip_log_11_17_2024_17_00am_PDT-11_18_2024_12_00am_PDT.csv
11/17/24,6:15:19 PM,11/17/24,7:01:07 PM,4.84,p,,"1402 164th St SW, Lynnwood, WA 98087, USA","20019 6 W, Lynnwood, WA 98036, USA",2021 Tesla Model 3,business_personal_trip_log_11_17_2024_17_00am_PDT-11_18_2024_12_00am_PDT.csv
11/18/24,9:02:13 AM,11/18/24,9:48:03 AM,5.33,p,,"20019 6 W, Lynnwood, WA 98036, USA","21616 76th Ave W, Edmonds, WA 98026, USA",2021 Tesla Model 3,business_personal_trip_log_11_18_2024_17_00am_PDT-11_19_2024_12_00am_PDT.csv
11/18/24,10:28:25 AM,11/18/24,2:16:37 PM,118.41,p,,"21616 76th Ave W, Edmonds, WA 98026, USA","12604 132nd Ave Ct E, Puyallup, WA 98374, USA",2021 Tesla Model 3,business_personal_trip_log_11_18_2024_17_00am_PDT-11_19_2024_12_00am_PDT.csv
11/18/24,5:55:17 PM,11/18/24,6:31:03 PM,2.81,p,,"12606 132nd Ave Ct E, Puyallup, WA 98374, USA","4417 S Meridian, Puyallup, WA 98373, USA",2021 Tesla Model 3,business_personal_trip_log_11_18_2024_17_00am_PDT-11_19_2024_12_00am_PDT.csv
11/18/24,6:39:48 PM,11/18/24,7:33:55 PM,3.08,p,,"4423 S Meridian, Puyallup, WA 98373, USA","12606 132nd Ave Ct E, Puyallup, WA 98374, USA",2021 Tesla Model 3,business_personal_trip_log_11_18_2024_17_00am_PDT-11_19_2024_12_00am_PDT.csv
11/19/24,7:17:11 AM,11/19/24,7:40:26 AM,12.73,p,,"12612 132nd Avct E, Puyallup, WA 98374, USA","10115 S Tacoma Way, Lakewood, WA 98499, USA",2021 Tesla Model 3,business_personal_trip_log_11_19_2024_17_00am_PDT-11_20_2024_12_00am_PDT.csv
11/19/24,8:55:32 AM,11/19/24,9:12:46 AM,5.08,p,,"10115 S Tacoma Way, Lakewood, WA 98499, USA","8102 Zircon Dr SW, Lakewood, WA 98498, USA",2021 Tesla Model 3,business_personal_trip_log_11_19_2024_17_00am_PDT-11_20_2024_12_00am_PDT.csv
11/19/24,1:55:29 PM,11/19/24,3:04:48 PM,17.67,p,,"8102 Zircon Dr SW, Lakewood, WA 98498, USA","12608 132nd Ave Ct E, Puyallup, WA 98374, USA",2021 Tesla Model 3,business_personal_trip_log_11_19_2024_17_00am_PDT-11_20_2024_12_00am_PDT.csv
11/19/24,6:54:55 PM,11/19/24,7:24:11 PM,2.94,p,,"12609 132nd Ave Ct E, Puyallup, WA 98374, USA","13024 Meridian E, Puyallup, WA 98373, USA",2021 Tesla Model 3,business_personal_trip_log_11_19_2024_17_00am_PDT-11_20_2024_12_00am_PDT.csv
11/19/24,7:38:31 PM,11/19/24,9:05:34 PM,52.89,p,,"13024 Meridian E, Puyallup, WA 98373, USA","20019 6 W, Lynnwood, WA 98036, USA",2021 Tesla Model 3,business_personal_trip_log_11_19_2024_17_00am_PDT-11_20_2024_12_00am_PDT.csv
11/20/24,12:33:23 PM,11/20/24,1:26:40 PM,12.07,b,,"20013 6 W, Lynnwood, WA 98036, USA","10200 1st Ave NE, Seattle, WA 98125, USA",2021 Tesla Model 3,business_personal_trip_log_11_20_2024_17_00am_PDT-11_21_2024_12_00am_PDT.csv
11/20/24,1:32:34 PM,11/20/24,2:09:40 PM,13.28,b,,"10200 1st Ave NE, Seattle, WA 98125, USA","23502 Edmonds Way, Edmonds, WA 98026, USA",2021 Tesla Model 3,business_personal_trip_log_11_20_2024_17_00am_PDT-11_21_2024_12_00am_PDT.csv
11/20/24,2:10:11 PM,11/20/24,2:12:41 PM,0.08,b,,"23502 Edmonds Way, Edmonds, WA 98026, USA","23510 Edmonds Way, Edmonds, WA 98026, USA",2021 Tesla Model 3,business_personal_trip_log_11_20_2024_17_00am_PDT-11_21_2024_12_00am_PDT.csv
11/20/24,2:14:31 PM,11/20/24,3:55:40 PM,31.17,b,,"23510 Edmonds Way, Edmonds, WA 98026, USA","20019 6 W, Lynnwood, WA 98036, USA",2021 Tesla Model 3,business_personal_trip_log_11_20_2024_17_00am_PDT-11_21_2024_12_00am_PDT.csv
11/21/24,12:24:15 PM,11/21/24,1:12:32 PM,7.19,p,,"20019 6 W, Lynnwood, WA 98036, USA","13710 59th Ave SE, Everett, WA 98208, USA",2021 Tesla Model 3,business_personal_trip_log_11_21_2024_17_00am_PDT-11_22_2024_12_00am_PDT.csv
11/21/24,2:43:17 PM,11/21/24,3:13:35 PM,0.02,p,,"13716 59th Ave SE, Everett, WA 98208, USA","13707 59th Ave SE, Everett, WA 98208, USA",2021 Tesla Model 3,business_personal_trip_log_11_21_2024_17_00am_PDT-11_22_2024_12_00am_PDT.csv
11/21/24,4:29:08 PM,11/21/24,4:57:13 PM,7.49,p,,"13710 59th Ave SE, Everett, WA 98208, USA","608 200th Pl SW, Lynnwood, WA 98036, USA",2021 Tesla Model 3,business_personal_trip_log_11_21_2024_17_00am_PDT-11_22_2024_12_00am_PDT.csv
11/21/24,6:26:46 PM,11/21/24,7:10:16 PM,3.81,p,,"20012 6th Pl W, Lynnwood, WA 98036, USA","18508 33rd Ave W, Lynnwood, WA 98037, USA",2021 Tesla Model 3,business_personal_trip_log_11_21_2024_17_00am_PDT-11_22_2024_12_00am_PDT.csv
11/21/24,7:34:32 PM,11/21/24,8:15:40 PM,3.83,p,,"18508 33rd Ave W, Lynnwood, WA 98037, USA","20019 6 W, Lynnwood, WA 98036, USA",2021 Tesla Model 3,business_personal_trip_log_11_21_2024_17_00am_PDT-11_22_2024_12_00am_PDT.csv
11/22/24,9:42:17 AM,11/22/24,9:58:44 AM,7.34,p,,"20019 6 W, Lynnwood, WA 98036, USA","13710 59th Ave SE, Everett, WA 98208, USA",2021 Tesla Model 3,business_personal_trip_log_11_22_2024_17_00am_PDT-11_23_2024_12_00am_PDT.csv
11/22/24,2:44:38 PM,11/22/24,3:24:57 PM,7.3,p,,"13822 59th Ave SE, Everett, WA 98208, USA","20019 6 W, Lynnwood, WA 98036, USA",2021 Tesla Model 3,business_personal_trip_log_11_22_2024_17_00am_PDT-11_23_2024_12_00am_PDT.csv
11/22/24,5:18:13 PM,11/22/24,6:27:42 PM,20.82,p,,"20019 6 W, Lynnwood, WA 98036, USA","9430 State Ave, Marysville, WA 98270, USA",2021 Tesla Model 3,business_personal_trip_log_11_22_2024_17_00am_PDT-11_23_2024_12_00am_PDT.csv
11/22/24,7:38:36 PM,11/22/24,7:44:56 PM,2.65,p,,"9414 State Ave, Marysville, WA 98270, USA","9804 79th Dr NE, Marysville, WA 98270, USA",2021 Tesla Model 3,business_personal_trip_log_11_22_2024_17_00am_PDT-11_23_2024_12_00am_PDT.csv
11/24/24,9:08:47 AM,11/24/24,9:53:08 AM,5.69,p,,"20012 6 W, Lynnwood, WA 98036, USA","4326 148th St SE, Bothell, WA 98012, USA",2021 Tesla Model 3,business_personal_trip_log_11_24_2024_17_00am_PDT-11_25_2024_12_00am_PDT.csv
11/24/24,10:58:21 AM,11/24/24,11:45:50 AM,6.03,p,,"4326 148th St SE, Bothell, WA 98012, USA","20019 6 W, Lynnwood, WA 98036, USA",2021 Tesla Model 3,business_personal_trip_log_11_24_2024_17_00am_PDT-11_25_2024_12_00am_PDT.csv
11/24/24,4:54:02 PM,11/24/24,5:26:46 PM,4.14,b,,"20012 6th Pl W, Lynnwood, WA 98036, USA","18602 Alderwood Mall Pkwy, Lynnwood, WA 98037, USA",2021 Tesla Model 3,business_personal_trip_log_11_24_2024_17_00am_PDT-11_25_2024_12_00am_PDT.csv
11/24/24,5:27:31 PM,11/24/24,5:39:34 PM,2.17,b,,"18602 Alderwood Mall Pkwy, Lynnwood, WA 98037, USA","2915 184th St SW, Lynnwood, WA 98037, USA",2021 Tesla Model 3,business_personal_trip_log_11_24_2024_17_00am_PDT-11_25_2024_12_00am_PDT.csv
11/24/24,6:09:17 PM,11/24/24,7:16:08 PM,10.43,b,,"3101 184th St SW, Lynnwood, WA 98037, USA","20019 6 W, Lynnwood, WA 98036, USA",2021 Tesla Model 3,business_personal_trip_log_11_24_2024_17_00am_PDT-11_25_2024_12_00am_PDT.csv
11/24/24,7:25:12 PM,11/24/24,8:05:44 PM,4.22,p,,"20019 6 W, Lynnwood, WA 98036, USA","14905 Bothell Everett Hwy, Mill Creek, WA 98012, USA",2021 Tesla Model 3,business_personal_trip_log_11_24_2024_17_00am_PDT-11_25_2024_12_00am_PDT.csv
11/24/24,9:01:45 PM,11/24/24,9:11:26 PM,4.31,p,,"14905 Bothell Everett Hwy, Mill Creek, WA 98012, USA","20019 6 W, Lynnwood, WA 98036, USA",2021 Tesla Model 3,business_personal_trip_log_11_24_2024_17_00am_PDT-11_25_2024_12_00am_PDT.csv
11/25/24,9:04:39 AM,11/25/24,9:51:15 AM,5.32,p,,"20019 6 W, Lynnwood, WA 98036, USA","21616 76th Ave W, Edmonds, WA 98026, USA",2021 Tesla Model 3,business_personal_trip_log_11_25_2024_17_00am_PDT-11_26_2024_12_00am_PDT.csv
11/25/24,10:25:12 AM,11/25/24,11:10:32 AM,5.3,p,,"21616 76th Ave W, Edmonds, WA 98026, USA","20019 6 W, Lynnwood, WA 98036, USA",2021 Tesla Model 3,business_personal_trip_log_11_25_2024_17_00am_PDT-11_26_2024_12_00am_PDT.csv
11/25/24,1:48:57 PM,11/25/24,3:41:55 PM,21.03,b,,"20012 6 W, Lynnwood, WA 98036, USA","2901 184th St SW, Lynnwood, WA 98037, USA",2021 Tesla Model 3,business_personal_trip_log_11_25_2024_17_00am_PDT-11_26_2024_12_00am_PDT.csv
11/25/24,3:47:19 PM,11/25/24,4:16:38 PM,5.6,b,,"2901 184th St SW, Lynnwood, WA 98037, USA","4615 196th St SW, Lynnwood, WA 98036, USA",2021 Tesla Model 3,business_personal_trip_log_11_25_2024_17_00am_PDT-11_26_2024_12_00am_PDT.csv
11/25/24,4:17:24 PM,11/25/24,5:14:59 PM,16,b,,"4615 196th St SW, Lynnwood, WA 98036, USA","17955 Alderwood Mall Pkwy, Lynnwood, WA 98037, USA",2021 Tesla Model 3,business_personal_trip_log_11_25_2024_17_00am_PDT-11_26_2024_12_00am_PDT.csv
11/25/24,5:15:38 PM,11/25/24,5:17:00 PM,0.08,b,,"17955 Alderwood Mall Pkwy, Lynnwood, WA 98037, USA","18133 33rd Ave W, Lynnwood, WA 98037, USA",2021 Tesla Model 3,business_personal_trip_log_11_25_2024_17_00am_PDT-11_26_2024_12_00am_PDT.csv
11/25/24,5:56:41 PM,11/25/24,6:30:38 PM,6.97,b,,"17902 30th Pl W, Lynnwood, WA 98037, USA","20019 6 W, Lynnwood, WA 98036, USA",2021 Tesla Model 3,business_personal_trip_log_11_25_2024_17_00am_PDT-11_26_2024_12_00am_PDT.csv
11/26/24,9:07:54 AM,11/26/24,9:57:06 AM,7.94,p,,"20012 6th Pl W, Lynnwood, WA 98036, USA","10601 47th Pl W, Mukilteo, WA 98275, USA",2021 Tesla Model 3,business_personal_trip_log_11_26_2024_17_00am_PDT-11_27_2024_12_00am_PDT.csv
11/26/24,12:26:34 PM,11/26/24,12:43:52 PM,7.2,b,,"10601 47th Pl W, Mukilteo, WA 98275, USA","19225 Damson Rd, Lynnwood, WA 98036, USA",2021 Tesla Model 3,business_personal_trip_log_11_26_2024_17_00am_PDT-11_27_2024_12_00am_PDT.csv
11/26/24,12:48:25 PM,11/26/24,1:28:52 PM,31.83,b,,"19225 Damson Rd, Lynnwood, WA 98036, USA","2440 S 166th St, Seatac, WA 98158, USA",2021 Tesla Model 3,business_personal_trip_log_11_26_2024_17_00am_PDT-11_27_2024_12_00am_PDT.csv
11/26/24,1:31:54 PM,11/26/24,1:33:55 PM,0.1,b,,"16745 Air Cargo Rd N, Seatac, WA 98158, USA","2626 S 170th St, Seatac, WA 98188, USA",2021 Tesla Model 3,business_personal_trip_log_11_26_2024_17_00am_PDT-11_27_2024_12_00am_PDT.csv
11/26/24,1:35:11 PM,11/26/24,3:14:05 PM,33.57,b,,"2626 S 170th St, Seatac, WA 98188, USA","20019 6 W, Lynnwood, WA 98036, USA",2021 Tesla Model 3,business_personal_trip_log_11_26_2024_17_00am_PDT-11_27_2024_12_00am_PDT.csv
11/26/24,4:23:03 PM,11/26/24,5:40:56 PM,16.03,p,,"20025 6 W, Lynnwood, WA 98036, USA","1416 Lake View Ave, Snohomish, WA 98290, USA",2021 Tesla Model 3,business_personal_trip_log_11_26_2024_17_00am_PDT-11_27_2024_12_00am_PDT.csv
11/26/24,10:00:59 PM,11/26/24,11:20:35 PM,15.98,p,,"1410 Lake View Ave, Snohomish, WA 98290, USA","608 200th Pl SW, Lynnwood, WA 98036, USA",2021 Tesla Model 3,business_personal_trip_log_11_26_2024_17_00am_PDT-11_27_2024_12_00am_PDT.csv
11/27/24,10:45:58 AM,11/27/24,11:49:15 AM,21.61,p,,"20012 6 W, Lynnwood, WA 98036, USA","4101 Beacon Ave S, Seattle, WA 98108, USA",2021 Tesla Model 3,business_personal_trip_log_11_27_2024_17_00am_PDT-11_28_2024_12_00am_PDT.csv
11/27/24,4:32:14 PM,11/27/24,5:06:15 PM,19.02,p,,"4113 Beacon Ave S, Seattle, WA 98108, USA","3508 204th St SW, Lynnwood, WA 98036, USA",2021 Tesla Model 3,business_personal_trip_log_11_27_2024_17_00am_PDT-11_28_2024_12_00am_PDT.csv
11/27/24,5:07:02 PM,11/27/24,5:42:06 PM,2.17,p,,"20407 28 W, Lynnwood, WA 98036, USA","20019 6 W, Lynnwood, WA 98036, USA",2021 Tesla Model 3,business_personal_trip_log_11_27_2024_17_00am_PDT-11_28_2024_12_00am_PDT.csv
11/27/24,5:48:35 PM,11/27/24,6:34:00 PM,3.56,p,,"20019 6 W, Lynnwood, WA 98036, USA","3501 184th St SW, Lynnwood, WA 98037, USA",2021 Tesla Model 3,business_personal_trip_log_11_27_2024_17_00am_PDT-11_28_2024_12_00am_PDT.csv
11/27/24,8:20:51 PM,11/27/24,8:31:32 PM,3.82,p,,"3501 184th St SW, Lynnwood, WA 98037, USA","20019 6 W, Lynnwood, WA 98036, USA",2021 Tesla Model 3,business_personal_trip_log_11_27_2024_17_00am_PDT-11_28_2024_12_00am_PDT.csv
11/28/24,9:56:32 AM,11/28/24,10:33:16 AM,5.96,p,,"20019 6 W, Lynnwood, WA 98036, USA","20019 6 W, Lynnwood, WA 98036, USA",2021 Tesla Model 3,business_personal_trip_log_11_28_2024_17_00am_PDT-11_29_2024_12_00am_PDT.csv
11/28/24,3:59:40 PM,11/28/24,4:49:06 PM,7.02,p,,"20012 6th Pl W, Lynnwood, WA 98036, USA","20019 6 W, Lynnwood, WA 98036, USA",2021 Tesla Model 3,business_personal_trip_log_11_28_2024_17_00am_PDT-11_29_2024_12_00am_PDT.csv
11/29/24,10:49:33 AM,11/29/24,11:40:53 AM,11.37,b,,"20025 6 W, Lynnwood, WA 98036, USA","18800 Highway 99, Lynnwood, WA 98036, USA",2021 Tesla Model 3,business_personal_trip_log_11_29_2024_17_00am_PDT-11_30_2024_12_00am_PDT.csv
11/29/24,11:56:45 AM,11/29/24,12:21:37 PM,7.06,b,,"18800 Highway 99, Lynnwood, WA 98036, USA","21420 Highway 99, Edmonds, WA 98026, USA",2021 Tesla Model 3,business_personal_trip_log_11_29_2024_17_00am_PDT-11_30_2024_12_00am_PDT.csv
11/29/24,12:33:40 PM,11/29/24,1:10:27 PM,1.48,b,,"21420 Highway 99, Edmonds, WA 98026, USA","19615 Highway 99, Lynnwood, WA 98036, USA",2021 Tesla Model 3,business_personal_trip_log_11_29_2024_17_00am_PDT-11_30_2024_12_00am_PDT.csv
11/29/24,1:34:03 PM,11/29/24,3:18:06 PM,24.55,b,,"19615 Highway 99, Lynnwood, WA 98036, USA","14819 10th Ave SE, Mill Creek, WA 98012, USA",2021 Tesla Model 3,business_personal_trip_log_11_29_2024_17_00am_PDT-11_30_2024_12_00am_PDT.csv
11/29/24,3:31:42 PM,11/29/24,4:08:23 PM,4.04,b,,"1006 149th St SE, Mill Creek, WA 98012, USA","20019 6 W, Lynnwood, WA 98036, USA",2021 Tesla Model 3,business_personal_trip_log_11_29_2024_17_00am_PDT-11_30_2024_12_00am_PDT.csv
11/29/24,5:45:35 PM,11/29/24,6:45:14 PM,6.51,p,,"20019 6 W, Lynnwood, WA 98036, USA","20019 6 W, Lynnwood, WA 98036, USA",2021 Tesla Model 3,business_personal_trip_log_11_29_2024_17_00am_PDT-11_30_2024_12_00am_PDT.csv
11/30/24,12:54:36 PM,11/30/24,1:45:13 PM,5.85,p,,"20013 6 W, Lynnwood, WA 98036, USA","20025 6 W, Lynnwood, WA 98036, USA",2021 Tesla Model 3,business_personal_trip_log_11_30_2024_17_00am_PDT-11_30_2024_12_00am_PDT.csv
11/30/24,3:06:18 PM,11/30/24,3:22:50 PM,5.23,p,,"608 200th Pl SW, Lynnwood, WA 98036, USA","20031 6 W, Lynnwood, WA 98036, USA",2021 Tesla Model 3,business_personal_trip_log_11_30_2024_17_00am_PDT-11_30_2024_12_00am_PDT.csv
11/30/24,3:53:58 PM,11/30/24,4:52:57 PM,30.3,p,,"608 200th Pl SW, Lynnwood, WA 98036, USA","10400 Quil Ceda Blvd, Marysville, WA 98271, USA",2021 Tesla Model 3,business_personal_trip_log_11_30_2024_17_00am_PDT-11_30_2024_12_00am_PDT.csv
11/30/24,5:00:45 PM,11/30/24,5:02:57 PM,0.08,p,,"10520 Quil Ceda Blvd, Quil Ceda Village, WA 98271, USA","10600 Quil Ceda Blvd, Quil Ceda Village, WA 98271, USA",2021 Tesla Model 3,business_personal_trip_log_11_30_2024_17_00am_PDT-11_30_2024_12_00am_PDT.csv
11/30/24,5:03:46 PM,11/30/24,5:27:31 PM,0.11,p,,"10520 Quil Ceda Blvd, Quil Ceda Village, WA 98271, USA","10326 Quil Ceda Blvd, Quil Ceda Village, WA 98271, USA",2021 Tesla Model 3,business_personal_trip_log_11_30_2024_17_00am_PDT-11_30_2024_12_00am_PDT.csv
11/30/24,5:28:18 PM,11/30/24,5:49:45 PM,1.3,p,,"10326 Quil Ceda Blvd, Quil Ceda Village, WA 98271, USA","3609 88th St NE, Marysville, WA 98270, USA",2021 Tesla Model 3,business_personal_trip_log_11_30_2024_17_00am_PDT-11_30_2024_12_00am_PDT.csv
11/30/24,6:55:02 PM,11/30/24,7:03:36 PM,1.02,p,,"8830 36th Ave NE, Marysville, WA 98270, USA","9808 Quil Ceda Blvd, Quil Ceda Village, WA 98271, USA",2021 Tesla Model 3,business_personal_trip_log_11_30_2024_17_00am_PDT-11_30_2024_12_00am_PDT.csv
11/30/24,7:04:15 PM,11/30/24,7:05:12 PM,0.11,p,,"10200 Quil Ceda Blvd, Quil Ceda Village, WA 98271, USA","9808 Quil Ceda Blvd, Quil Ceda Village, WA 98271, USA",2021 Tesla Model 3,business_personal_trip_log_11_30_2024_17_00am_PDT-11_30_2024_12_00am_PDT.csv
11/30/24,8:29:17 PM,11/30/24,8:32:41 PM,0.7,p,,"9808 Quil Ceda Blvd, Quil Ceda Village, WA 98271, USA","8924 Quil Ceda Blvd, Marysville, WA 98271, USA",2021 Tesla Model 3,business_personal_trip_log_11_30_2024_17_00am_PDT-11_30_2024_12_00am_PDT.csv
11/30/24,8:35:43 PM,11/30/24,8:36:05 PM,0.02,p,,"8822 Quil Ceda Blvd, Marysville, WA 98271, USA","8822 Quil Ceda Blvd, Marysville, WA 98271, USA",2021 Tesla Model 3,business_personal_trip_log_11_30_2024_17_00am_PDT-11_30_2024_12_00am_PDT.csv
11/30/24,8:38:06 PM,11/30/24,9:34:44 PM,20.3,p,,"8815 Quil Ceda Blvd, Marysville, WA 98271, USA","20019 6 W, Lynnwood, WA 98036, USA",2021 Tesla Model 3,business_personal_trip_log_11_30_2024_17_00am_PDT-11_30_2024_12_00am_PDT.csv
12/1/24,9:08:09 AM,12/1/24,9:53:09 AM,5.86,p,,"20019 6 W, Lynnwood, WA 98036, USA","4326 148th St SE, Bothell, WA 98012, USA",2021 Tesla Model 3,business_personal_trip_log_12_01_2024_17_00am_PDT-12_02_2024_12_00am_PDT.csv
12/1/24,10:53:33 AM,12/1/24,11:07:47 AM,5.84,p,,"4326 148th St SE, Bothell, WA 98012, USA","618 200th Pl SW, Lynnwood, WA 98036, USA",2021 Tesla Model 3,business_personal_trip_log_12_01_2024_17_00am_PDT-12_02_2024_12_00am_PDT.csv
12/1/24,2:07:51 PM,12/1/24,2:43:45 PM,20.21,p,,"20019 6 W, Lynnwood, WA 98036, USA","3929 88th St NE, Marysville, WA 98270, USA",2021 Tesla Model 3,business_personal_trip_log_12_01_2024_17_00am_PDT-12_02_2024_12_00am_PDT.csv
12/1/24,2:45:25 PM,12/1/24,4:23:00 PM,18.79,p,,"5207 88th St NE, Marysville, WA 98270, USA","2208 W Casino Rd, Everett, WA 98204, USA",2021 Tesla Model 3,business_personal_trip_log_12_01_2024_17_00am_PDT-12_02_2024_12_00am_PDT.csv
12/1/24,6:04:59 PM,12/1/24,6:35:27 PM,14.04,p,,"2208 W Casino Rd, Everett, WA 98204, USA","1258 State Ave, Marysville, WA 98270, USA",2021 Tesla Model 3,business_personal_trip_log_12_01_2024_17_00am_PDT-12_02_2024_12_00am_PDT.csv
12/1/24,6:36:19 PM,12/1/24,7:15:16 PM,2.95,p,,"1262 State Ave, Marysville, WA 98270, USA","3943 116th St NE, Marysville, WA 98271, USA",2021 Tesla Model 3,business_personal_trip_log_12_01_2024_17_00am_PDT-12_02_2024_12_00am_PDT.csv
12/1/24,7:17:17 PM,12/1/24,7:56:39 PM,3.61,p,,"3943 116th St NE, Marysville, WA 98271, USA","9805 79th Dr NE, Marysville, WA 98270, USA",2021 Tesla Model 3,business_personal_trip_log_12_01_2024_17_00am_PDT-12_02_2024_12_00am_PDT.csv
12/2/24,9:10:34 AM,12/2/24,9:54:40 AM,5.3,p,,"608 200th Pl SW, Lynnwood, WA 98036, USA","21616 76th Ave W, Edmonds, WA 98026, USA",2021 Tesla Model 3,business_personal_trip_log_12_02_2024_17_00am_PDT-12_03_2024_12_00am_PDT.csv
12/2/24,10:23:54 AM,12/2/24,1:09:55 PM,17.45,p,,"21616 76th Ave W, Edmonds, WA 98026, USA","10103 Evergreen Way, Everett, WA 98204, USA",2021 Tesla Model 3,business_personal_trip_log_12_02_2024_17_00am_PDT-12_03_2024_12_00am_PDT.csv
12/2/24,1:50:39 PM,12/2/24,3:12:43 PM,9.96,p,,"10103 Evergreen Way, Everett, WA 98204, USA","20019 6 W, Lynnwood, WA 98036, USA",2021 Tesla Model 3,business_personal_trip_log_12_02_2024_17_00am_PDT-12_03_2024_12_00am_PDT.csv
12/2/24,3:26:35 PM,12/2/24,4:09:11 PM,12.4,b,,"20019 6 W, Lynnwood, WA 98036, USA","2909 228th St SE, Bothell, WA 98021, USA",2021 Tesla Model 3,business_personal_trip_log_12_02_2024_17_00am_PDT-12_03_2024_12_00am_PDT.csv
12/2/24,4:09:56 PM,12/2/24,5:51:09 PM,15.27,b,,"2899 228th St SE, Bothell, WA 98021, USA","22624 Meridian Ave S, Bothell, WA 98021, USA",2021 Tesla Model 3,business_personal_trip_log_12_02_2024_17_00am_PDT-12_03_2024_12_00am_PDT.csv
12/2/24,5:56:26 PM,12/2/24,7:31:29 PM,27.44,b,,"22624 Meridian Ave S, Bothell, WA 98021, USA","20019 6 W, Lynnwood, WA 98036, USA",2021 Tesla Model 3,business_personal_trip_log_12_02_2024_17_00am_PDT-12_03_2024_12_00am_PDT.csv
12/3/24,8:21:30 AM,12/3/24,8:23:20 AM,0.29,p,,"20012 6 W, Lynnwood, WA 98036, USA","20410 Damson Rd, Lynnwood, WA 98036, USA",2021 Tesla Model 3,business_personal_trip_log_12_03_2024_17_00am_PDT-12_04_2024_12_00am_PDT.csv
12/3/24,8:25:08 AM,12/3/24,8:44:57 AM,5.99,p,,"20426 Damson Rd, Lynnwood, WA 98036, USA","I-5, Seattle, WA 98155, USA",2021 Tesla Model 3,business_personal_trip_log_12_03_2024_17_00am_PDT-12_04_2024_12_00am_PDT.csv
12/3/24,8:45:27 AM,12/3/24,10:28:39 AM,53.22,p,,"I-5, Seattle, WA 98155, USA","8102 Zircon Dr SW, Lakewood, WA 98498, USA",2021 Tesla Model 3,business_personal_trip_log_12_03_2024_17_00am_PDT-12_04_2024_12_00am_PDT.csv
12/3/24,4:25:08 PM,12/3/24,5:21:11 PM,39.74,p,,"8102 Zircon Dr SW, Lakewood, WA 98498, USA","I-5, Seattle, WA 98134, USA",2021 Tesla Model 3,business_personal_trip_log_12_03_2024_17_00am_PDT-12_04_2024_12_00am_PDT.csv
12/3/24,5:23:00 PM,12/3/24,6:46:34 PM,19.35,p,,"I-5, Seattle, WA 98134, USA","20019 6 W, Lynnwood, WA 98036, USA",2021 Tesla Model 3,business_personal_trip_log_12_03_2024_17_00am_PDT-12_04_2024_12_00am_PDT.csv
12/4/24,9:36:01 AM,12/4/24,9:38:27 AM,0.37,b,,"608 200th Pl SW, Lynnwood, WA 98036, USA","404 N Damson Rd, Lynnwood, WA 98036, USA",2021 Tesla Model 3,business_personal_trip_log_12_04_2024_17_00am_PDT-12_05_2024_12_00am_PDT.csv
12/4/24,9:39:35 AM,12/4/24,9:43:22 AM,1.12,b,,"404 N Damson Rd, Lynnwood, WA 98036, USA","19401 Alderwood Mall Pkwy, Lynnwood, WA 98036, USA",2021 Tesla Model 3,business_personal_trip_log_12_04_2024_17_00am_PDT-12_05_2024_12_00am_PDT.csv
12/4/24,9:43:52 AM,12/4/24,9:45:52 AM,0.38,b,,"19611 Alderwood Mall Pkwy, Lynnwood, WA 98036, USA","3611 196th St SW, Lynnwood, WA 98036, USA",2021 Tesla Model 3,business_personal_trip_log_12_04_2024_17_00am_PDT-12_05_2024_12_00am_PDT.csv
12/4/24,9:46:22 AM,12/4/24,9:48:12 AM,0.19,b,,"3711 196th St SW, Lynnwood, WA 98036, USA","19501 40th Ave W, Lynnwood, WA 98036, USA",2021 Tesla Model 3,business_personal_trip_log_12_04_2024_17_00am_PDT-12_05_2024_12_00am_PDT.csv
12/4/24,9:52:12 AM,12/4/24,9:53:42 AM,0.09,b,,"4011 196th St SW, Lynnwood, WA 98036, USA","4232 196th St SW, Lynnwood, WA 98036, USA",2021 Tesla Model 3,business_personal_trip_log_12_04_2024_17_00am_PDT-12_05_2024_12_00am_PDT.csv
12/4/24,9:54:12 AM,12/4/24,9:55:12 AM,0.08,b,,"19610 44th Ave W, Lynnwood, WA 98036, USA","4730 196th St SW, Lynnwood, WA 98036, USA",2021 Tesla Model 3,business_personal_trip_log_12_04_2024_17_00am_PDT-12_05_2024_12_00am_PDT.csv
12/4/24,9:56:07 AM,12/4/24,9:56:55 AM,0.01,b,,"4730 196th St SW, Lynnwood, WA 98036, USA","4806 196th St SW, Lynnwood, WA 98036, USA",2021 Tesla Model 3,business_personal_trip_log_12_04_2024_17_00am_PDT-12_05_2024_12_00am_PDT.csv
12/4/24,10:01:14 AM,12/4/24,10:03:04 AM,0.33,b,,"4806 196th St SW, Lynnwood, WA 98036, USA","4010 196th St SW, Lynnwood, WA 98036, USA",2021 Tesla Model 3,business_personal_trip_log_12_04_2024_17_00am_PDT-12_05_2024_12_00am_PDT.csv
12/4/24,10:03:43 AM,12/4/24,10:04:17 AM,0.02,b,,"3925 196th St SW, Lynnwood, WA 98036, USA","19412 40th Ave W, Lynnwood, WA 98036, USA",2021 Tesla Model 3,business_personal_trip_log_12_04_2024_17_00am_PDT-12_05_2024_12_00am_PDT.csv
12/4/24,10:07:20 AM,12/4/24,10:07:51 AM,0.07,b,,"19412 40th Ave W, Lynnwood, WA 98036, USA","3925 196th St SW, Lynnwood, WA 98036, USA",2021 Tesla Model 3,business_personal_trip_log_12_04_2024_17_00am_PDT-12_05_2024_12_00am_PDT.csv
12/4/24,10:08:51 AM,12/4/24,10:10:20 AM,0.26,b,,"19888 40th Ave W, Lynnwood, WA 98036, USA","4601 200th St SW, Lynnwood, WA 98036, USA",2021 Tesla Model 3,business_personal_trip_log_12_04_2024_17_00am_PDT-12_05_2024_12_00am_PDT.csv
12/4/24,10:10:50 AM,12/4/24,10:12:04 AM,0.07,b,,"4610 200th St SW, Lynnwood, WA 98036, USA","20201 46th Ave W, Lynnwood, WA 98036, USA",2021 Tesla Model 3,business_personal_trip_log_12_04_2024_17_00am_PDT-12_05_2024_12_00am_PDT.csv
12/4/24,10:33:15 AM,12/4/24,11:23:39 AM,5.04,b,,"20201 46th Ave W, Lynnwood, WA 98036, USA","20025 6 W, Lynnwood, WA 98036, USA",2021 Tesla Model 3,business_personal_trip_log_12_04_2024_17_00am_PDT-12_05_2024_12_00am_PDT.csv
12/4/24,12:57:49 PM,12/4/24,1:35:58 PM,20.15,b,,"20012 6th Pl W, Lynnwood, WA 98036, USA","I-90, Bellevue, WA 98006, USA",2021 Tesla Model 3,business_personal_trip_log_12_04_2024_17_00am_PDT-12_05_2024_12_00am_PDT.csv
12/4/24,1:37:43 PM,12/4/24,1:38:17 PM,0,b,,"I-90, Bellevue, WA 98006, USA","I-90, Bellevue, WA 98006, USA",2021 Tesla Model 3,business_personal_trip_log_12_04_2024_17_00am_PDT-12_05_2024_12_00am_PDT.csv
12/4/24,1:38:56 PM,12/4/24,2:19:32 PM,11.08,b,,"3520 Factoria Blvd SE, Bellevue, WA 98006, USA","600 University St, Seattle, WA 98101, USA",2021 Tesla Model 3,business_personal_trip_log_12_04_2024_17_00am_PDT-12_05_2024_12_00am_PDT.csv
12/4/24,2:20:07 PM,12/4/24,6:12:23 PM,77.78,b,,"601 Union St, Seattle, WA 98101, USA","10555 NE 8th St, Bellevue, WA 98004, USA",2021 Tesla Model 3,business_personal_trip_log_12_04_2024_17_00am_PDT-12_05_2024_12_00am_PDT.csv
12/4/24,6:13:37 PM,12/4/24,6:14:40 PM,0,p,,"777 106th Ave NE, Bellevue, WA 98004, USA","777 106th Ave NE, Bellevue, WA 98004, USA",2021 Tesla Model 3,business_personal_trip_log_12_04_2024_17_00am_PDT-12_05_2024_12_00am_PDT.csv
12/4/24,6:15:23 PM,12/4/24,8:01:45 PM,15.4,p,,"650 Bellevue Way NE, Bellevue, WA 98004, USA","21042 Bothell Everett Hwy, Bothell, WA 98021, USA",2021 Tesla Model 3,business_personal_trip_log_12_04_2024_17_00am_PDT-12_05_2024_12_00am_PDT.csv
12/4/24,8:07:09 PM,12/4/24,8:32:45 PM,2.97,p,,"21045 Bothell Everett Hwy, Bothell, WA 98021, USA","20019 6th Pl W, Lynnwood, WA 98036, USA",2021 Tesla Model 3,business_personal_trip_log_12_04_2024_17_00am_PDT-12_05_2024_12_00am_PDT.csv
12/5/24,8:41:05 AM,12/5/24,8:43:53 AM,0.48,p,,"608 200th Pl SW, Lynnwood, WA 98036, USA","420 191st St SW, Lynnwood, WA 98036, USA",2021 Tesla Model 3,business_personal_trip_log_12_05_2024_17_00am_PDT-12_06_2024_12_00am_PDT.csv
12/5/24,8:45:37 AM,12/5/24,8:55:37 AM,3.3,p,,"19225 Damson Rd, Lynnwood, WA 98036, USA","WA-525, Lynnwood, WA 98037, USA",2021 Tesla Model 3,business_personal_trip_log_12_05_2024_17_00am_PDT-12_06_2024_12_00am_PDT.csv
12/5/24,8:56:37 AM,12/5/24,9:31:17 AM,0.89,p,,"13603 Lake Rd, Lynnwood, WA 98087, USA","4430 106th St SW, Mukilteo, WA 98275, USA",2021 Tesla Model 3,business_personal_trip_log_12_05_2024_17_00am_PDT-12_06_2024_12_00am_PDT.csv
12/5/24,11:17:21 AM,12/5/24,12:02:27 PM,6.11,b,,"10601 47th Pl W, Mukilteo, WA 98275, USA","14823 10th Ave SE, Mill Creek, WA 98012, USA",2021 Tesla Model 3,business_personal_trip_log_12_05_2024_17_00am_PDT-12_06_2024_12_00am_PDT.csv
12/5/24,12:58:39 PM,12/5/24,1:40:17 PM,4.15,b,,"14823 10th Ave SE, Mill Creek, WA 98012, USA","20025 6 W, Lynnwood, WA 98036, USA",2021 Tesla Model 3,business_personal_trip_log_12_05_2024_17_00am_PDT-12_06_2024_12_00am_PDT.csv
12/5/24,1:42:01 PM,12/5/24,2:22:37 PM,12.52,b,,"20012 6 W, Lynnwood, WA 98036, USA","20201 46th Ave W, Lynnwood, WA 98036, USA",2021 Tesla Model 3,business_personal_trip_log_12_05_2024_17_00am_PDT-12_06_2024_12_00am_PDT.csv
12/5/24,2:30:07 PM,12/5/24,2:45:38 PM,4.63,b,,"20111 46th Ave W, Lynnwood, WA 98036, USA","22001 64th Ave W, Mountlake Terrace, WA 98043, USA",2021 Tesla Model 3,business_personal_trip_log_12_05_2024_17_00am_PDT-12_06_2024_12_00am_PDT.csv
12/5/24,2:46:44 PM,12/5/24,4:47:40 PM,26.01,b,,"7004 220th St SW, Mountlake Terrace, WA 98043, USA","20025 6 W, Lynnwood, WA 98036, USA",2021 Tesla Model 3,business_personal_trip_log_12_05_2024_17_00am_PDT-12_06_2024_12_00am_PDT.csv
12/6/24,9:24:41 AM,12/6/24,10:09:14 AM,5.27,p,,"608 200th Pl SW, Lynnwood, WA 98036, USA","20200 68th Ave W, Lynnwood, WA 98036, USA",2021 Tesla Model 3,business_personal_trip_log_12_06_2024_17_00am_PDT-12_07_2024_12_00am_PDT.csv
12/6/24,1:44:28 PM,12/6/24,2:29:34 PM,5.26,p,,"20216 68th Ave W, Lynnwood, WA 98036, USA","20019 6 W, Lynnwood, WA 98036, USA",2021 Tesla Model 3,business_personal_trip_log_12_06_2024_17_00am_PDT-12_07_2024_12_00am_PDT.csv
12/6/24,4:32:35 PM,12/6/24,8:14:04 PM,16.65,p,,"608 200th Pl SW, Lynnwood, WA 98036, USA",Unknown,2021 Tesla Model 3,business_personal_trip_log_12_06_2024_17_00am_PDT-12_07_2024_12_00am_PDT.csv
12/6/24,9:39:20 PM,12/6/24,10:05:22 PM,18.84,p,,"1016 Pine St, Seattle, WA 98101, USA","615 200th Pl SW, Lynnwood, WA 98036, USA",2021 Tesla Model 3,business_personal_trip_log_12_06_2024_17_00am_PDT-12_07_2024_12_00am_PDT.csv
12/7/24,10:22:59 AM,12/7/24,11:41:37 AM,32.12,p,,"20019 6 W, Lynnwood, WA 98036, USA","500 Northwest Ave, Arlington, WA 98223, USA",2021 Tesla Model 3,business_personal_trip_log_12_07_2024_17_00am_PDT-12_08_2024_12_00am_PDT.csv
12/7/24,3:36:21 PM,12/7/24,5:17:40 PM,31.43,p,,"500 Northwest Ave, Arlington, WA 98223, USA","1415 164th St SW, Lynnwood, WA 98087, USA",2021 Tesla Model 3,business_personal_trip_log_12_07_2024_17_00am_PDT-12_08_2024_12_00am_PDT.csv
12/7/24,5:20:30 PM,12/7/24,5:57:53 PM,7.32,p,,"1515 164th St SW, Lynnwood, WA 98087, USA","20019 6 W, Lynnwood, WA 98036, USA",2021 Tesla Model 3,business_personal_trip_log_12_07_2024_17_00am_PDT-12_08_2024_12_00am_PDT.csv
12/8/24,9:10:04 AM,12/8/24,9:53:40 AM,5.83,p,,"608 200th Pl SW, Lynnwood, WA 98036, USA","4326 148th St SE, Bothell, WA 98012, USA",2021 Tesla Model 3,business_personal_trip_log_12_08_2024_17_00am_PDT-12_09_2024_12_00am_PDT.csv
12/8/24,10:40:31 AM,12/8/24,10:56:38 AM,5.75,p,,"4326 148th St SE, Bothell, WA 98012, USA","720 200th Pl SW, Lynnwood, WA 98036, USA",2021 Tesla Model 3,business_personal_trip_log_12_08_2024_17_00am_PDT-12_09_2024_12_00am_PDT.csv
12/8/24,11:46:11 AM,12/8/24,12:57:34 PM,6.27,p,,"20012 6th Pl W, Lynnwood, WA 98036, USA","3101 184th St SW, Lynnwood, WA 98037, USA",2021 Tesla Model 3,business_personal_trip_log_12_08_2024_17_00am_PDT-12_09_2024_12_00am_PDT.csv
12/8/24,1:39:39 PM,12/8/24,4:11:25 PM,48.59,p,,"18133 33rd Ave W, Lynnwood, WA 98037, USA","2208 W Casino Rd, Everett, WA 98204, USA",2021 Tesla Model 3,business_personal_trip_log_12_08_2024_17_00am_PDT-12_09_2024_12_00am_PDT.csv
12/8/24,5:55:58 PM,12/8/24,6:53:43 PM,15.04,p,,"2208 W Casino Rd, Everett, WA 98204, USA","9430 State Ave, Marysville, WA 98270, USA",2021 Tesla Model 3,business_personal_trip_log_12_08_2024_17_00am_PDT-12_09_2024_12_00am_PDT.csv
12/8/24,7:15:17 PM,12/8/24,7:30:22 PM,5.33,p,,"9330 State Ave, Marysville, WA 98270, USA","7513 72nd Dr NE, Marysville, WA 98270, USA",2021 Tesla Model 3,business_personal_trip_log_12_08_2024_17_00am_PDT-12_09_2024_12_00am_PDT.csv
12/8/24,7:43:49 PM,12/8/24,7:49:41 PM,2.64,p,,"7521 72nd Dr NE, Marysville, WA 98270, USA","9804 79th Dr NE, Marysville, WA 98270, USA",2021 Tesla Model 3,business_personal_trip_log_12_08_2024_17_00am_PDT-12_09_2024_12_00am_PDT.csv
12/9/24,5:53:42 AM,12/9/24,7:27:56 AM,60.33,p,,"20012 6th Pl W, Lynnwood, WA 98036, USA","3325 Mountain View Ave W, Tacoma, WA 98466, USA",2021 Tesla Model 3,business_personal_trip_log_12_09_2024_17_00am_PDT-12_10_2024_12_00am_PDT.csv
12/9/24,2:49:26 PM,12/9/24,4:42:12 PM,56.38,p,,"3311 Mountain View Ave W, Tacoma, WA 98466, USA","20019 6 W, Lynnwood, WA 98036, USA",2021 Tesla Model 3,business_personal_trip_log_12_09_2024_17_00am_PDT-12_10_2024_12_00am_PDT.csv
12/10/24,10:32:42 AM,12/10/24,11:21:40 AM,4.33,p,,"608 200th Pl SW, Lynnwood, WA 98036, USA","20202 46th Ave W, Lynnwood, WA 98036, USA",2021 Tesla Model 3,business_personal_trip_log_12_10_2024_17_00am_PDT-12_11_2024_12_00am_PDT.csv
12/10/24,1:40:59 PM,12/10/24,5:06:10 PM,57.27,b,,"20206 46th Ave W, Lynnwood, WA 98036, USA","531P 4th Ave S, Seattle, WA 98104, USA",2021 Tesla Model 3,business_personal_trip_log_12_10_2024_17_00am_PDT-12_11_2024_12_00am_PDT.csv
12/10/24,5:07:44 PM,12/10/24,6:23:48 PM,25.11,b,,"212 4th Ave S, Seattle, WA 98104, USA","20019 6 W, Lynnwood, WA 98036, USA",2021 Tesla Model 3,business_personal_trip_log_12_10_2024_17_00am_PDT-12_11_2024_12_00am_PDT.csv
12/11/24,9:17:44 AM,12/11/24,10:28:38 AM,27.45,p,,"20019 6 W, Lynnwood, WA 98036, USA","4040 Maple Valley Hwy, Renton, WA 98058, USA",2021 Tesla Model 3,business_personal_trip_log_12_11_2024_17_00am_PDT-12_12_2024_12_00am_PDT.csv
12/11/24,3:12:20 PM,12/11/24,5:26:50 PM,31.87,p,,"4040 Maple Valley Hwy, Renton, WA 98058, USA","14905 Bothell Everett Hwy, Mill Creek, WA 98012, USA",2021 Tesla Model 3,business_personal_trip_log_12_11_2024_17_00am_PDT-12_12_2024_12_00am_PDT.csv
12/11/24,5:38:53 PM,12/11/24,6:09:10 PM,13.84,p,,"14905 Bothell Everett Hwy, Mill Creek, WA 98012, USA","8830 8th St SE, Lake Stevens, WA 98258, USA",2021 Tesla Model 3,business_personal_trip_log_12_11_2024_17_00am_PDT-12_12_2024_12_00am_PDT.csv
12/11/24,7:29:17 PM,12/11/24,7:44:58 PM,9.63,p,,"8830 8th St SE, Lake Stevens, WA 98258, USA","6325 33rd Ave NE, Tulalip, WA 98271, USA",2021 Tesla Model 3,business_personal_trip_log_12_11_2024_17_00am_PDT-12_12_2024_12_00am_PDT.csv
12/11/24,7:48:08 PM,12/11/24,9:05:53 PM,24.53,p,,"6325 33rd Ave NE, Tulalip, WA 98271, USA","16314 Bothell Everett Hwy, Mill Creek, WA 98012, USA",2021 Tesla Model 3,business_personal_trip_log_12_11_2024_17_00am_PDT-12_12_2024_12_00am_PDT.csv
12/11/24,9:10:02 PM,12/11/24,9:12:35 PM,0.17,p,,"16314 Bothell Everett Hwy, Mill Creek, WA 98012, USA","15802 Mill Creek Blvd, Mill Creek, WA 98012, USA",2021 Tesla Model 3,business_personal_trip_log_12_11_2024_17_00am_PDT-12_12_2024_12_00am_PDT.csv
12/11/24,9:13:35 PM,12/11/24,9:55:53 PM,4.94,p,,"1111 Mill Creek Blvd, Mill Creek, WA 98012, USA","20025 6 W, Lynnwood, WA 98036, USA",2021 Tesla Model 3,business_personal_trip_log_12_11_2024_17_00am_PDT-12_12_2024_12_00am_PDT.csv
12/12/24,1:35:43 PM,12/12/24,1:40:16 PM,0.92,b,,"20012 6th Pl W, Lynnwood, WA 98036, USA","21507 Meridian Dr SE, Bothell, WA 98021, USA",2021 Tesla Model 3,business_personal_trip_log_12_12_2024_17_00am_PDT-12_13_2024_12_00am_PDT.csv
12/12/24,1:41:53 PM,12/12/24,2:10:01 PM,7.68,b,,"21515 Meridian Dr SE, Bothell, WA 98021, USA","3220 100th St SW, Everett, WA 98204, USA",2021 Tesla Model 3,business_personal_trip_log_12_12_2024_17_00am_PDT-12_13_2024_12_00am_PDT.csv
12/12/24,2:11:23 PM,12/12/24,5:44:29 PM,52.9,b,,"3220 100th St SW, Everett, WA 98204, USA","20019 6 W, Lynnwood, WA 98036, USA",2021 Tesla Model 3,business_personal_trip_log_12_12_2024_17_00am_PDT-12_13_2024_12_00am_PDT.csv
12/12/24,5:57:48 PM,12/12/24,6:48:04 PM,8.26,p,,"20019 6 W, Lynnwood, WA 98036, USA",Unknown,2021 Tesla Model 3,business_personal_trip_log_12_12_2024_17_00am_PDT-12_13_2024_12_00am_PDT.csv
12/12/24,7:25:05 PM,12/12/24,7:55:33 PM,0.05,p,,"14141 NE Woodinville Duvall Rd, Woodinville, WA 98072, USA","14203 NE Woodinville Duvall Rd, Woodinville, WA 98072, USA",2021 Tesla Model 3,business_personal_trip_log_12_12_2024_17_00am_PDT-12_13_2024_12_00am_PDT.csv
12/12/24,8:21:57 PM,12/12/24,8:42:31 PM,8.21,p,,"14049 NE Woodinville Duvall Rd, Woodinville, WA 98072, USA","618 200th Pl SW, Lynnwood, WA 98036, USA",2021 Tesla Model 3,business_personal_trip_log_12_12_2024_17_00am_PDT-12_13_2024_12_00am_PDT.csv
12/13/24,8:04:00 AM,12/13/24,9:04:16 AM,19.14,p,,"20019 6 W, Lynnwood, WA 98036, USA","906 Boylston Ave, Seattle, WA 98104, USA",2021 Tesla Model 3,business_personal_trip_log_12_13_2024_17_00am_PDT-12_14_2024_12_00am_PDT.csv
12/13/24,12:31:33 PM,12/13/24,12:36:39 PM,0.58,p,,"1001 Broadway, Seattle, WA 98122, USA","1500 16th Ave, Seattle, WA 98122, USA",2021 Tesla Model 3,business_personal_trip_log_12_13_2024_17_00am_PDT-12_14_2024_12_00am_PDT.csv
12/13/24,1:09:08 PM,12/13/24,2:17:28 PM,18.96,p,,"1508 17th Ave, Seattle, WA 98112, USA","20019 6 W, Lynnwood, WA 98036, USA",2021 Tesla Model 3,business_personal_trip_log_12_13_2024_17_00am_PDT-12_14_2024_12_00am_PDT.csv
12/14/24,10:34:23 AM,12/14/24,11:54:30 AM,22.55,b,,"20012 6 W, Lynnwood, WA 98036, USA","683 156th Ave SE, Bellevue, WA 98007, USA",2021 Tesla Model 3,business_personal_trip_log_12_14_2024_17_00am_PDT-12_15_2024_12_00am_PDT.csv
12/14/24,12:12:11 PM,12/14/24,12:17:17 PM,1.48,b,,"607 156th Ave SE, Bellevue, WA 98007, USA","16826 NE 6th St, Bellevue, WA 98008, USA",2021 Tesla Model 3,business_personal_trip_log_12_14_2024_17_00am_PDT-12_15_2024_12_00am_PDT.csv
12/14/24,12:23:02 PM,12/14/24,2:07:50 PM,23.28,b,,"16826 NE 6th St, Bellevue, WA 98008, USA","1600 W Dravus St, Seattle, WA 98119, USA",2021 Tesla Model 3,business_personal_trip_log_12_14_2024_17_00am_PDT-12_15_2024_12_00am_PDT.csv
12/14/24,2:08:57 PM,12/14/24,3:10:47 PM,17.64,b,,"3200 16th Ave W, Seattle, WA 98119, USA","20019 6 W, Lynnwood, WA 98036, USA",2021 Tesla Model 3,business_personal_trip_log_12_14_2024_17_00am_PDT-12_15_2024_12_00am_PDT.csv
12/14/24,4:58:03 PM,12/14/24,6:15:47 PM,18.62,p,,"20013 6 W, Lynnwood, WA 98036, USA","2811 Oakes Ave, Everett, WA 98201, USA",2021 Tesla Model 3,business_personal_trip_log_12_14_2024_17_00am_PDT-12_15_2024_12_00am_PDT.csv
12/14/24,8:45:19 PM,12/14/24,9:32:06 PM,24.74,p,,"2822 Oakes Ave, Everett, WA 98201, USA","13716 59th Ave SE, Everett, WA 98208, USA",2021 Tesla Model 3,business_personal_trip_log_12_14_2024_17_00am_PDT-12_15_2024_12_00am_PDT.csv
12/14/24,10:04:51 PM,12/14/24,10:53:05 PM,7.5,p,,"13716 59th Ave SE, Everett, WA 98208, USA","20019 6 W, Lynnwood, WA 98036, USA",2021 Tesla Model 3,business_personal_trip_log_12_14_2024_17_00am_PDT-12_15_2024_12_00am_PDT.csv
12/15/24,9:06:12 AM,12/15/24,9:50:25 AM,5.84,p,,"20012 6 W, Lynnwood, WA 98036, USA","4326 148th St SE, Bothell, WA 98012, USA",2021 Tesla Model 3,business_personal_trip_log_12_15_2024_17_00am_PDT-12_16_2024_12_00am_PDT.csv
12/15/24,10:59:36 AM,12/15/24,12:22:00 PM,14.32,p,,"4326 148th St SE, Bothell, WA 98012, USA","20019 6 W, Lynnwood, WA 98036, USA",2021 Tesla Model 3,business_personal_trip_log_12_15_2024_17_00am_PDT-12_16_2024_12_00am_PDT.csv
12/15/24,1:34:03 PM,12/15/24,2:02:45 PM,16.93,p,,"20012 6 W, Lynnwood, WA 98036, USA","2917 78th Ave SE, Lake Stevens, WA 98258, USA",2021 Tesla Model 3,business_personal_trip_log_12_15_2024_17_00am_PDT-12_16_2024_12_00am_PDT.csv
12/15/24,3:10:49 PM,12/15/24,3:59:45 PM,9.98,p,,"2920 78th Ave SE, Lake Stevens, WA 98258, USA","9804 79th Dr NE, Marysville, WA 98270, USA",2021 Tesla Model 3,business_personal_trip_log_12_15_2024_17_00am_PDT-12_16_2024_12_00am_PDT.csv
12/15/24,11:27:19 PM,12/16/24,12:03:23 AM,23.11,p,,"9804 79th Dr NE, Marysville, WA 98270, USA","615 200th Pl SW, Lynnwood, WA 98036, USA",2021 Tesla Model 3,business_personal_trip_log_12_16_2024_17_00am_PDT-12_17_2024_12_00am_PDT.csv
12/16/24,8:49:23 AM,12/16/24,9:38:37 AM,7.78,p,,"20019 6 W, Lynnwood, WA 98036, USA","10601 47th Pl W, Mukilteo, WA 98275, USA",2021 Tesla Model 3,business_personal_trip_log_12_16_2024_17_00am_PDT-12_17_2024_12_00am_PDT.csv
12/16/24,12:20:39 PM,12/16/24,12:30:56 PM,5.09,p,,"10601 47th Pl W, Mukilteo, WA 98275, USA","18109 33 W, Lynnwood, WA 98037, USA",2021 Tesla Model 3,business_personal_trip_log_12_16_2024_17_00am_PDT-12_17_2024_12_00am_PDT.csv
12/16/24,12:32:25 PM,12/16/24,12:59:05 PM,3.14,p,,"18109 33 W, Lynnwood, WA 98037, USA","618 200th Pl SW, Lynnwood, WA 98036, USA",2021 Tesla Model 3,business_personal_trip_log_12_16_2024_17_00am_PDT-12_17_2024_12_00am_PDT.csv
12/16/24,1:50:46 PM,12/16/24,4:05:55 PM,26.84,b,,"20019 6 W, Lynnwood, WA 98036, USA","618 200th Pl SW, Lynnwood, WA 98036, USA",2021 Tesla Model 3,business_personal_trip_log_12_16_2024_17_00am_PDT-12_17_2024_12_00am_PDT.csv
12/17/24,9:52:18 AM,12/17/24,9:57:47 AM,1.75,p,,"20012 6th Pl W, Lynnwood, WA 98036, USA","20019 6 W, Lynnwood, WA 98036, USA",2021 Tesla Model 3,business_personal_trip_log_12_17_2024_17_00am_PDT-12_18_2024_12_00am_PDT.csv
12/17/24,9:58:49 AM,12/17/24,10:01:00 AM,0.71,b,,"20012 6 W, Lynnwood, WA 98036, USA","19225 Damson Rd, Lynnwood, WA 98036, USA",2021 Tesla Model 3,business_personal_trip_log_12_17_2024_17_00am_PDT-12_18_2024_12_00am_PDT.csv
12/17/24,10:02:00 AM,12/17/24,10:03:37 AM,0.25,b,,"404 N Damson Rd, Lynnwood, WA 98036, USA","409 Filbert Rd, Lynnwood, WA 98036, USA",2021 Tesla Model 3,business_personal_trip_log_12_17_2024_17_00am_PDT-12_18_2024_12_00am_PDT.csv
12/17/24,10:04:59 AM,12/17/24,10:35:23 AM,9.82,b,,"404 N Damson Rd, Lynnwood, WA 98036, USA","10002 NE 124th Pl, Kirkland, WA 98034, USA",2021 Tesla Model 3,business_personal_trip_log_12_17_2024_17_00am_PDT-12_18_2024_12_00am_PDT.csv
12/17/24,10:36:36 AM,12/17/24,10:47:08 AM,2.94,b,,"9838 NE 122nd St, Kirkland, WA 98034, USA","352 Kirkland Ave, Kirkland, WA 98033, USA",2021 Tesla Model 3,business_personal_trip_log_12_17_2024_17_00am_PDT-12_18_2024_12_00am_PDT.csv
12/17/24,11:00:48 AM,12/17/24,11:06:52 AM,1.43,b,,"410 Kirkland Way, Kirkland, WA 98033, USA","598 Central Way, Kirkland, WA 98033, USA",2021 Tesla Model 3,business_personal_trip_log_12_17_2024_17_00am_PDT-12_18_2024_12_00am_PDT.csv
12/17/24,11:08:23 AM,12/17/24,11:10:56 AM,0.22,b,,"598 Central Way, Kirkland, WA 98033, USA","440 Central Way, Kirkland, WA 98033, USA",2021 Tesla Model 3,business_personal_trip_log_12_17_2024_17_00am_PDT-12_18_2024_12_00am_PDT.csv
12/17/24,11:35:22 AM,12/17/24,11:38:59 AM,0.65,b,,"598 Central Way, Kirkland, WA 98033, USA","I-405, Kirkland, WA 98033, USA",2021 Tesla Model 3,business_personal_trip_log_12_17_2024_17_00am_PDT-12_18_2024_12_00am_PDT.csv
12/17/24,11:40:22 AM,12/17/24,12:01:29 PM,10.3,b,,"I-405, Kirkland, WA 98033, USA","WA 522, Woodinville, WA 98072, USA",2021 Tesla Model 3,business_personal_trip_log_12_17_2024_17_00am_PDT-12_18_2024_12_00am_PDT.csv
12/17/24,12:02:37 PM,12/17/24,12:31:52 PM,11.13,b,,"WA 522, Woodinville, WA 98072, USA","20012 6th Pl W, Lynnwood, WA 98036, USA",2021 Tesla Model 3,business_personal_trip_log_12_17_2024_17_00am_PDT-12_18_2024_12_00am_PDT.csv
12/17/24,1:01:44 PM,12/17/24,2:41:29 PM,56.16,p,,"20012 6th Pl W, Lynnwood, WA 98036, USA","2712 84 Avct W, Tacoma, WA 98466, USA",2021 Tesla Model 3,business_personal_trip_log_12_17_2024_17_00am_PDT-12_18_2024_12_00am_PDT.csv
12/17/24,2:44:58 PM,12/17/24,2:47:19 PM,0.67,p,,"3120 Grandview Dr W, University Place, WA 98466, USA","9002 37th St W, University Place, WA 98466, USA",2021 Tesla Model 3,business_personal_trip_log_12_17_2024_17_00am_PDT-12_18_2024_12_00am_PDT.csv
12/17/24,7:55:49 PM,12/17/24,9:02:02 PM,57.53,p,,"8917 37th St W, University Place, WA 98466, USA","20019 6 W, Lynnwood, WA 98036, USA",2021 Tesla Model 3,business_personal_trip_log_12_17_2024_17_00am_PDT-12_18_2024_12_00am_PDT.csv
12/18/24,8:58:40 AM,12/18/24,9:00:55 AM,0.7,p,,"20019 6 W, Lynnwood, WA 98036, USA","19225 Damson Rd, Lynnwood, WA 98036, USA",2021 Tesla Model 3,business_personal_trip_log_12_18_2024_17_00am_PDT-12_19_2024_12_00am_PDT.csv
12/18/24,9:01:59 AM,12/18/24,9:13:57 AM,5.55,p,,"19225 Damson Rd, Lynnwood, WA 98036, USA","12721 Mukilteo Spdwy, Lynnwood, WA 98037, USA",2021 Tesla Model 3,business_personal_trip_log_12_18_2024_17_00am_PDT-12_19_2024_12_00am_PDT.csv
12/18/24,9:15:03 AM,12/18/24,9:18:44 AM,1.57,p,,"12620 Mukilteo Speedway, Mukilteo, WA 98275, USA","4500 Harbour Pointe Blvd, Mukilteo, WA 98275, USA",2021 Tesla Model 3,business_personal_trip_log_12_18_2024_17_00am_PDT-12_19_2024_12_00am_PDT.csv
12/18/24,12:13:33 PM,12/18/24,12:19:55 PM,1.58,p,,"10601 47th Pl W, Mukilteo, WA 98275, USA","12714 Mukilteo Speedway, Mukilteo, WA 98275, USA",2021 Tesla Model 3,business_personal_trip_log_12_18_2024_17_00am_PDT-12_19_2024_12_00am_PDT.csv
12/18/24,12:21:09 PM,12/18/24,12:33:59 PM,6.2,p,,"12822 Mukilteo Speedway, Lynnwood, WA 98087, USA","20019 6 W, Lynnwood, WA 98036, USA",2021 Tesla Model 3,business_personal_trip_log_12_18_2024_17_00am_PDT-12_19_2024_12_00am_PDT.csv
12/18/24,3:05:01 PM,12/18/24,3:10:28 PM,1.97,p,,"20019 6 W, Lynnwood, WA 98036, USA","325 228th St SW, Bothell, WA 98021, USA",2021 Tesla Model 3,business_personal_trip_log_12_18_2024_17_00am_PDT-12_19_2024_12_00am_PDT.csv
12/18/24,3:11:35 PM,12/18/24,3:12:26 PM,0.19,p,,"330 228th St SW, Bothell, WA 98021, USA","22725 1st Pl W, Bothell, WA 98021, USA",2021 Tesla Model 3,business_personal_trip_log_12_18_2024_17_00am_PDT-12_19_2024_12_00am_PDT.csv
12/18/24,3:13:26 PM,12/18/24,3:43:06 PM,15.09,p,,"31 228th St SE, Bothell, WA 98021, USA","I-405, Bellevue, WA 98005, USA",2021 Tesla Model 3,business_personal_trip_log_12_18_2024_17_00am_PDT-12_19_2024_12_00am_PDT.csv
12/18/24,3:44:36 PM,12/18/24,4:32:55 PM,23.74,p,,"I-405, Bellevue, WA 98005, USA","WA-167, Sumner, WA 98390, USA",2021 Tesla Model 3,business_personal_trip_log_12_18_2024_17_00am_PDT-12_19_2024_12_00am_PDT.csv
12/18/24,4:35:50 PM,12/18/24,4:37:20 PM,0.18,p,,"WA-167, Pacific, WA 98047, USA","WA-167, Sumner, WA 98390, USA",2021 Tesla Model 3,business_personal_trip_log_12_18_2024_17_00am_PDT-12_19_2024_12_00am_PDT.csv
12/18/24,4:41:29 PM,12/18/24,4:51:26 PM,0.81,p,,"WA-167, Sumner, WA 98390, USA","931 W Valley Hwy E, Pacific, WA 98047, USA",2021 Tesla Model 3,business_personal_trip_log_12_18_2024_17_00am_PDT-12_19_2024_12_00am_PDT.csv
12/18/24,4:52:46 PM,12/18/24,4:53:18 PM,0.05,p,,"WA 167, Sumner, WA 98390, USA","WA 167, Sumner, WA 98390, USA",2021 Tesla Model 3,business_personal_trip_log_12_18_2024_17_00am_PDT-12_19_2024_12_00am_PDT.csv
12/18/24,4:54:18 PM,12/18/24,5:08:48 PM,5.08,p,,"WA 167, Sumner, WA 98390, USA","WA 410, Sumner, WA 98390, USA",2021 Tesla Model 3,business_personal_trip_log_12_18_2024_17_00am_PDT-12_19_2024_12_00am_PDT.csv
12/18/24,5:09:48 PM,12/18/24,5:10:33 PM,0.2,p,,"413 29th St NE, Puyallup, WA 98372, USA","2813 E Main, Puyallup, WA 98372, USA",2021 Tesla Model 3,business_personal_trip_log_12_18_2024_17_00am_PDT-12_19_2024_12_00am_PDT.csv
12/18/24,5:11:39 PM,12/18/24,5:19:02 PM,2.54,p,,"2723 E Main, Puyallup, WA 98372, USA","3008 38th St SE, Puyallup, WA 98374, USA",2021 Tesla Model 3,business_personal_trip_log_12_18_2024_17_00am_PDT-12_19_2024_12_00am_PDT.csv
12/18/24,11:31:23 PM,12/19/24,12:28:12 AM,50.36,p,,"3008 38th St SE, Puyallup, WA 98374, USA","608 200th Pl SW, Lynnwood, WA 98036, USA",2021 Tesla Model 3,business_personal_trip_log_12_19_2024_17_00am_PDT-12_20_2024_12_00am_PDT.csv
12/19/24,11:49:28 AM,12/19/24,11:57:24 AM,3.22,b,,"20019 6 W, Lynnwood, WA 98036, USA","1232 164th St SW, Lynnwood, WA 98087, USA",2021 Tesla Model 3,business_personal_trip_log_12_19_2024_17_00am_PDT-12_20_2024_12_00am_PDT.csv
12/19/24,11:58:59 AM,12/19/24,12:07:40 PM,3.36,b,,"16228 Motor Pl, Lynnwood, WA 98087, USA","412 Center Rd, Everett, WA 98204, USA",2021 Tesla Model 3,business_personal_trip_log_12_19_2024_17_00am_PDT-12_20_2024_12_00am_PDT.csv
12/19/24,12:16:00 PM,12/19/24,12:23:39 PM,2.07,b,,"412 Center Rd, Everett, WA 98204, USA","220 SE Everett Mall Way, Everett, WA 98208, USA",2021 Tesla Model 3,business_personal_trip_log_12_19_2024_17_00am_PDT-12_20_2024_12_00am_PDT.csv
12/19/24,12:24:39 PM,12/19/24,12:58:43 PM,24.79,p,,"620 SE Everett Mall Way, Everett, WA 98208, USA","215 N Olympic Ave, Arlington, WA 98223, USA",2021 Tesla Model 3,business_personal_trip_log_12_19_2024_17_00am_PDT-12_20_2024_12_00am_PDT.csv
12/19/24,1:14:40 PM,12/19/24,1:38:27 PM,9.72,b,,"121 N Olympic Ave, Arlington, WA 98223, USA","4010 172nd St NE, Arlington, WA 98223, USA",2021 Tesla Model 3,business_personal_trip_log_12_19_2024_17_00am_PDT-12_20_2024_12_00am_PDT.csv
12/19/24,1:41:25 PM,12/19/24,1:45:17 PM,0.47,b,,"17110 43rd Ave NE, Arlington, WA 98223, USA","17021 Smokey Point Blvd, Arlington, WA 98223, USA",2021 Tesla Model 3,business_personal_trip_log_12_19_2024_17_00am_PDT-12_20_2024_12_00am_PDT.csv
12/19/24,1:46:47 PM,12/19/24,1:49:03 PM,0.4,b,,"3532 172nd St NE, Arlington, WA 98223, USA","3818 172nd St NE, Arlington, WA 98223, USA",2021 Tesla Model 3,business_personal_trip_log_12_19_2024_17_00am_PDT-12_20_2024_12_00am_PDT.csv
12/19/24,1:50:22 PM,12/19/24,1:50:54 PM,0.06,b,,"3617 172nd St NE, Arlington, WA 98223, USA","3521 172nd St NE, Arlington, WA 98223, USA",2021 Tesla Model 3,business_personal_trip_log_12_19_2024_17_00am_PDT-12_20_2024_12_00am_PDT.csv
12/19/24,1:52:23 PM,12/19/24,2:02:13 PM,3.72,b,,"17021 Smokey Point Blvd, Arlington, WA 98223, USA","11705 State Ave, Marysville, WA 98271, USA",2021 Tesla Model 3,business_personal_trip_log_12_19_2024_17_00am_PDT-12_20_2024_12_00am_PDT.csv
12/19/24,2:03:17 PM,12/19/24,2:14:25 PM,3.47,p,,"11525 State Ave, Marysville, WA 98271, USA","9804 79th Dr NE, Marysville, WA 98270, USA",2021 Tesla Model 3,business_personal_trip_log_12_19_2024_17_00am_PDT-12_20_2024_12_00am_PDT.csv
12/19/24,2:15:43 PM,12/19/24,2:21:30 PM,2.77,b,,"9804 79th Dr NE, Marysville, WA 98270, USA","8221 84th St NE, Marysville, WA 98270, USA",2021 Tesla Model 3,business_personal_trip_log_12_19_2024_17_00am_PDT-12_20_2024_12_00am_PDT.csv
12/19/24,2:22:30 PM,12/19/24,2:26:50 PM,1.63,b,,"8411 84th St NE, Marysville, WA 98270, USA","8713 64th St NE, Marysville, WA 98270, USA",2021 Tesla Model 3,business_personal_trip_log_12_19_2024_17_00am_PDT-12_20_2024_12_00am_PDT.csv
12/19/24,2:44:47 PM,12/19/24,2:52:16 PM,3.73,b,,"8713 64th St NE, Marysville, WA 98270, USA","10622 60th St NE, Lake Stevens, WA 98258, USA",2021 Tesla Model 3,business_personal_trip_log_12_19_2024_17_00am_PDT-12_20_2024_12_00am_PDT.csv
12/19/24,3:48:32 PM,12/19/24,3:53:51 PM,2.46,b,,"10622 60th St NE, Lake Stevens, WA 98258, USA","9100 State Route 92, Lake Stevens, WA 98258, USA",2021 Tesla Model 3,business_personal_trip_log_12_19_2024_17_00am_PDT-12_20_2024_12_00am_PDT.csv
12/19/24,3:55:41 PM,12/19/24,3:56:48 PM,0.41,b,,"3422 Densmore Rd, Marysville, WA 98270, USA","WA 9, Lake Stevens, WA 98258, USA",2021 Tesla Model 3,business_personal_trip_log_12_19_2024_17_00am_PDT-12_20_2024_12_00am_PDT.csv
12/19/24,3:58:09 PM,12/19/24,4:18:51 PM,15.92,b,,"WA-9, Lake Stevens, WA 98258, USA","16417 20th Ave W, Lynnwood, WA 98037, USA",2021 Tesla Model 3,business_personal_trip_log_12_19_2024_17_00am_PDT-12_20_2024_12_00am_PDT.csv
12/19/24,4:19:51 PM,12/19/24,4:25:55 PM,2.33,b,,"1424 164th St SW, Lynnwood, WA 98087, USA","1228 Filbert Rd, Lynnwood, WA 98036, USA",2021 Tesla Model 3,business_personal_trip_log_12_19_2024_17_00am_PDT-12_20_2024_12_00am_PDT.csv
12/19/24,4:26:55 PM,12/19/24,4:27:25 PM,0.02,b,,"18931 10 W, Lynnwood, WA 98036, USA","18931 10th Pl W, Lynnwood, WA 98036, USA",2021 Tesla Model 3,business_personal_trip_log_12_19_2024_17_00am_PDT-12_20_2024_12_00am_PDT.csv
12/19/24,4:28:25 PM,12/19/24,4:28:55 PM,0.09,b,,"715 191st Pl SW, Lynnwood, WA 98036, USA","625 191st St SW, Lynnwood, WA 98036, USA",2021 Tesla Model 3,business_personal_trip_log_12_19_2024_17_00am_PDT-12_20_2024_12_00am_PDT.csv
12/19/24,4:29:55 PM,12/19/24,4:32:09 PM,0.84,b,,"409 Filbert Rd, Lynnwood, WA 98036, USA","20025 6 W, Lynnwood, WA 98036, USA",2021 Tesla Model 3,business_personal_trip_log_12_19_2024_17_00am_PDT-12_20_2024_12_00am_PDT.csv
12/19/24,5:20:45 PM,12/19/24,5:23:03 PM,0.72,b,,"20019 6 W, Lynnwood, WA 98036, USA","404 N Damson Rd, Lynnwood, WA 98036, USA",2021 Tesla Model 3,business_personal_trip_log_12_19_2024_17_00am_PDT-12_20_2024_12_00am_PDT.csv
12/19/24,5:24:46 PM,12/19/24,5:29:31 PM,2.13,b,,"19212 Filbert Rd, Bothell, WA 98012, USA","21042 Bothell Everett Hwy, Bothell, WA 98021, USA",2021 Tesla Model 3,business_personal_trip_log_12_19_2024_17_00am_PDT-12_20_2024_12_00am_PDT.csv
12/19/24,5:30:51 PM,12/19/24,5:32:49 PM,0.14,b,,"21105 Bothell Everett Hwy, Bothell, WA 98021, USA","21215 Bothell Everett Hwy, Bothell, WA 98021, USA",2021 Tesla Model 3,business_personal_trip_log_12_19_2024_17_00am_PDT-12_20_2024_12_00am_PDT.csv
12/19/24,7:16:35 PM,12/19/24,7:25:40 PM,2.57,b,,"21135 Bothell-Everett, Bothell, WA 98021, USA","3326 239th St SE, Bothell, WA 98021, USA",2021 Tesla Model 3,business_personal_trip_log_12_19_2024_17_00am_PDT-12_20_2024_12_00am_PDT.csv
12/19/24,7:27:36 PM,12/19/24,7:28:06 PM,0.01,b,,"3326 239th St SE, Bothell, WA 98021, USA","3330 238th Pl SE, Bothell, WA 98021, USA",2021 Tesla Model 3,business_personal_trip_log_12_19_2024_17_00am_PDT-12_20_2024_12_00am_PDT.csv
12/19/24,8:27:53 PM,12/19/24,8:40:12 PM,5.01,b,,"23814 35th Ave SE, Bothell, WA 98021, USA","20019 6 W, Lynnwood, WA 98036, USA",2021 Tesla Model 3,business_personal_trip_log_12_19_2024_17_00am_PDT-12_20_2024_12_00am_PDT.csv
12/20/24,9:50:33 AM,12/20/24,10:04:18 AM,5.23,p,,"608 200th Pl SW, Lynnwood, WA 98036, USA","20216 68th Ave W, Lynnwood, WA 98036, USA",2021 Tesla Model 3,business_personal_trip_log_12_20_2024_17_00am_PDT-12_21_2024_12_00am_PDT.csv
12/20/24,2:52:25 PM,12/20/24,3:02:24 PM,1.5,p,,"20216 68th Ave W, Lynnwood, WA 98036, USA","21900 Highway 99, Edmonds, WA 98026, USA",2021 Tesla Model 3,business_personal_trip_log_12_20_2024_17_00am_PDT-12_21_2024_12_00am_PDT.csv
12/20/24,3:18:17 PM,12/20/24,3:42:37 PM,5.61,p,,"21900 Highway 99, Edmonds, WA 98026, USA","20019 6 W, Lynnwood, WA 98036, USA",2021 Tesla Model 3,business_personal_trip_log_12_20_2024_17_00am_PDT-12_21_2024_12_00am_PDT.csv
12/20/24,4:11:50 PM,12/20/24,4:20:39 PM,2.35,p,,"726 200th Pl SW, Lynnwood, WA 98036, USA","2509 196th St SW, Lynnwood, WA 98036, USA",2021 Tesla Model 3,business_personal_trip_log_12_20_2024_17_00am_PDT-12_21_2024_12_00am_PDT.csv
12/20/24,4:23:33 PM,12/20/24,4:32:28 PM,1.13,p,,"2617 196th St SW, Lynnwood, WA 98036, USA","3200 184th St SW, Lynnwood, WA 98037, USA",2021 Tesla Model 3,business_personal_trip_log_12_20_2024_17_00am_PDT-12_21_2024_12_00am_PDT.csv
12/20/24,4:44:53 PM,12/20/24,5:57:01 PM,26.8,b,,"3216 184th St SW, Lynnwood, WA 98037, USA","20019 6 W, Lynnwood, WA 98036, USA",2021 Tesla Model 3,business_personal_trip_log_12_20_2024_17_00am_PDT-12_21_2024_12_00am_PDT.csv
12/20/24,7:15:46 PM,12/20/24,7:26:33 PM,3.14,p,,"20012 6th Pl W, Lynnwood, WA 98036, USA","1306 228th St SE, Bothell, WA 98021, USA",2021 Tesla Model 3,business_personal_trip_log_12_20_2024_17_00am_PDT-12_21_2024_12_00am_PDT.csv
12/20/24,7:56:41 PM,12/20/24,8:06:39 PM,3.18,p,,"1220 228th St SE, Bothell, WA 98021, USA","20019 6 W, Lynnwood, WA 98036, USA",2021 Tesla Model 3,business_personal_trip_log_12_20_2024_17_00am_PDT-12_21_2024_12_00am_PDT.csv
12/21/24,9:29:51 AM,12/21/24,9:48:16 AM,5.43,b,,"608 200th Pl SW, Lynnwood, WA 98036, USA","20201 46th Ave W, Lynnwood, WA 98036, USA",2021 Tesla Model 3,business_personal_trip_log_12_21_2024_17_00am_PDT-12_22_2024_12_00am_PDT.csv
12/21/24,9:50:51 AM,12/21/24,10:27:10 AM,7.08,b,,"20111 46th Ave W, Lynnwood, WA 98036, USA","17531 Highway 99, Lynnwood, WA 98037, USA",2021 Tesla Model 3,business_personal_trip_log_12_21_2024_17_00am_PDT-12_22_2024_12_00am_PDT.csv
12/21/24,10:29:40 AM,12/21/24,10:30:44 AM,0.07,b,,"17531 Highway 99, Lynnwood, WA 98037, USA","17531 Highway 99, Lynnwood, WA 98037, USA",2021 Tesla Model 3,business_personal_trip_log_12_21_2024_17_00am_PDT-12_22_2024_12_00am_PDT.csv
12/21/24,10:35:42 AM,12/21/24,12:27:42 PM,51.83,b,,"17531 Highway 99, Lynnwood, WA 98037, USA","20019 6 W, Lynnwood, WA 98036, USA",2021 Tesla Model 3,business_personal_trip_log_12_21_2024_17_00am_PDT-12_22_2024_12_00am_PDT.csv
12/21/24,12:50:29 PM,12/21/24,1:02:57 PM,4.29,p,,"20012 6th Pl W, Lynnwood, WA 98036, USA","14819 10th Ave SE, Mill Creek, WA 98012, USA",2021 Tesla Model 3,business_personal_trip_log_12_21_2024_17_00am_PDT-12_22_2024_12_00am_PDT.csv
12/21/24,1:31:14 PM,12/21/24,1:44:31 PM,4.28,p,,"14819 10th Ave SE, Mill Creek, WA 98012, USA","20019 6 W, Lynnwood, WA 98036, USA",2021 Tesla Model 3,business_personal_trip_log_12_21_2024_17_00am_PDT-12_22_2024_12_00am_PDT.csv
12/21/24,2:16:59 PM,12/21/24,2:30:31 PM,3.77,b,,"20012 6 W, Lynnwood, WA 98036, USA","22833 Bothell Everett Hwy, Bothell, WA 98021, USA",2021 Tesla Model 3,business_personal_trip_log_12_21_2024_17_00am_PDT-12_22_2024_12_00am_PDT.csv
12/21/24,2:43:31 PM,12/21/24,3:41:04 PM,17.52,b,,"22833 Bothell Everett Hwy, Bothell, WA 98021, USA","22327 Highway 99, Edmonds, WA 98026, USA",2021 Tesla Model 3,business_personal_trip_log_12_21_2024_17_00am_PDT-12_22_2024_12_00am_PDT.csv
12/21/24,3:49:30 PM,12/21/24,4:35:22 PM,10.1,b,,Unknown,"19229 Meridian Ave N, Shoreline, WA 98133, USA",2021 Tesla Model 3,business_personal_trip_log_12_21_2024_17_00am_PDT-12_22_2024_12_00am_PDT.csv
12/21/24,4:37:44 PM,12/21/24,5:17:23 PM,25.26,b,,"18831 Meridian Ave N, Shoreline, WA 98133, USA","17580 International Blvd, Seattle, WA 98188, USA",2021 Tesla Model 3,business_personal_trip_log_12_21_2024_17_00am_PDT-12_22_2024_12_00am_PDT.csv
12/21/24,5:20:26 PM,12/21/24,5:53:11 PM,21.75,b,,"17801 International Blvd, Seatac, WA 98158, USA","10600 1st Ave NE, Seattle, WA 98125, USA",2021 Tesla Model 3,business_personal_trip_log_12_21_2024_17_00am_PDT-12_22_2024_12_00am_PDT.csv
12/21/24,5:56:42 PM,12/21/24,5:57:19 PM,0,b,,"10600 1st Ave NE, Seattle, WA 98125, USA","10600 1st Ave NE, Seattle, WA 98125, USA",2021 Tesla Model 3,business_personal_trip_log_12_21_2024_17_00am_PDT-12_22_2024_12_00am_PDT.csv
12/21/24,6:01:50 PM,12/21/24,6:20:43 PM,11.37,b,,"471 Northgate Mall, Seattle, WA 98125, USA","20019 6 W, Lynnwood, WA 98036, USA",2021 Tesla Model 3,business_personal_trip_log_12_21_2024_17_00am_PDT-12_22_2024_12_00am_PDT.csv
12/22/24,9:10:26 AM,12/22/24,9:25:51 AM,5.86,p,,"20019 6 W, Lynnwood, WA 98036, USA","4326 148th St SE, Bothell, WA 98012, USA",2021 Tesla Model 3,business_personal_trip_log_12_22_2024_17_00am_PDT-12_23_2024_12_00am_PDT.csv
12/22/24,10:55:27 AM,12/22/24,11:10:12 AM,7.29,p,,Unknown,"9900 Airport Way, Snohomish, WA 98296, USA",2021 Tesla Model 3,business_personal_trip_log_12_22_2024_17_00am_PDT-12_23_2024_12_00am_PDT.csv
12/22/24,12:22:43 PM,12/22/24,12:48:11 PM,11.27,p,,"9900 Airport Way, Snohomish, WA 98296, USA","20617 Bothell Everett Hwy, Bothell, WA 98012, USA",2021 Tesla Model 3,business_personal_trip_log_12_22_2024_17_00am_PDT-12_23_2024_12_00am_PDT.csv
12/22/24,12:58:11 PM,12/22/24,1:20:33 PM,6.5,p,,"20611 Bothell Everett Hwy, Bothell, WA 98012, USA","1424 164th St SW, Lynnwood, WA 98087, USA",2021 Tesla Model 3,business_personal_trip_log_12_22_2024_17_00am_PDT-12_23_2024_12_00am_PDT.csv
12/22/24,1:33:23 PM,12/22/24,1:41:29 PM,1.79,p,,"1402 164th St SW, Lynnwood, WA 98087, USA","16320 Bothell Everett Hwy, Mill Creek, WA 98012, USA",2021 Tesla Model 3,business_personal_trip_log_12_22_2024_17_00am_PDT-12_23_2024_12_00am_PDT.csv
12/22/24,1:48:48 PM,12/22/24,1:58:34 PM,3.39,p,,"16320 Bothell Everett Hwy, Mill Creek, WA 98012, USA","20019 6 W, Lynnwood, WA 98036, USA",2021 Tesla Model 3,business_personal_trip_log_12_22_2024_17_00am_PDT-12_23_2024_12_00am_PDT.csv
12/22/24,3:10:35 PM,12/22/24,3:37:14 PM,18.21,p,,"608 200th Pl SW, Lynnwood, WA 98036, USA","717 State Route 9 NE, Lake Stevens, WA 98258, USA",2021 Tesla Model 3,business_personal_trip_log_12_22_2024_17_00am_PDT-12_23_2024_12_00am_PDT.csv
12/22/24,3:41:12 PM,12/22/24,3:53:14 PM,4.33,p,,"731 State Route 9 NE, Lake Stevens, WA 98258, USA","10622 60th St NE, Lake Stevens, WA 98258, USA",2021 Tesla Model 3,business_personal_trip_log_12_22_2024_17_00am_PDT-12_23_2024_12_00am_PDT.csv
12/22/24,8:31:04 PM,12/22/24,9:05:13 PM,22.6,p,,"10622 60th St NE, Lake Stevens, WA 98258, USA","20019 6 W, Lynnwood, WA 98036, USA",2021 Tesla Model 3,business_personal_trip_log_12_22_2024_17_00am_PDT-12_23_2024_12_00am_PDT.csv
12/23/24,12:53:15 PM,12/23/24,2:33:18 PM,87.68,p,,"615 200th Pl SW, Lynnwood, WA 98036, USA","16417 20th Ave W, Lynnwood, WA 98037, USA",2021 Tesla Model 3,business_personal_trip_log_12_23_2024_17_00am_PDT-12_24_2024_12_00am_PDT.csv
12/23/24,2:37:16 PM,12/23/24,2:50:26 PM,3.57,p,,"16417 20th Ave W, Lynnwood, WA 98037, USA","20019 6 W, Lynnwood, WA 98036, USA",2021 Tesla Model 3,business_personal_trip_log_12_23_2024_17_00am_PDT-12_24_2024_12_00am_PDT.csv
12/23/24,4:20:34 PM,12/23/24,4:40:12 PM,5.88,p,,"20019 6 W, Lynnwood, WA 98036, USA","4326 148th St SE, Bothell, WA 98012, USA",2021 Tesla Model 3,business_personal_trip_log_12_23_2024_17_00am_PDT-12_24_2024_12_00am_PDT.csv
12/23/24,6:31:39 PM,12/23/24,6:53:53 PM,10.81,p,,"4326 148th St SE, Bothell, WA 98012, USA","14111 NE Woodinville Duvall Rd, Woodinville, WA 98072, USA",2021 Tesla Model 3,business_personal_trip_log_12_23_2024_17_00am_PDT-12_24_2024_12_00am_PDT.csv
12/23/24,8:29:58 PM,12/23/24,8:47:25 PM,5.85,p,,"14111 NE Woodinville Duvall Rd, Woodinville, WA 98072, USA","21045 Bothell Everett Hwy, Bothell, WA 98021, USA",2021 Tesla Model 3,business_personal_trip_log_12_23_2024_17_00am_PDT-12_24_2024_12_00am_PDT.csv
12/23/24,8:56:50 PM,12/23/24,8:57:57 PM,0.21,p,,"21045 Bothell Everett Hwy, Bothell, WA 98021, USA","20805 Bothell Everett Hwy, Bothell, WA 98021, USA",2021 Tesla Model 3,business_personal_trip_log_12_23_2024_17_00am_PDT-12_24_2024_12_00am_PDT.csv
12/23/24,9:01:16 PM,12/23/24,9:06:50 PM,2.73,p,,"20802 Bothell Everett Hwy, Bothell, WA 98021, USA","20019 6 W, Lynnwood, WA 98036, USA",2021 Tesla Model 3,business_personal_trip_log_12_23_2024_17_00am_PDT-12_24_2024_12_00am_PDT.csv
12/24/24,10:10:25 AM,12/24/24,10:28:09 AM,6.27,p,,"20012 6th Pl W, Lynnwood, WA 98036, USA","3432 132nd St SE, Mill Creek, WA 98012, USA",2021 Tesla Model 3,business_personal_trip_log_12_24_2024_17_00am_PDT-12_25_2024_12_00am_PDT.csv
12/24/24,10:46:30 AM,12/24/24,10:51:48 AM,1.87,p,,"3414 132nd St SE, Mill Creek, WA 98012, USA","13710 59th Ave SE, Everett, WA 98208, USA",2021 Tesla Model 3,business_personal_trip_log_12_24_2024_17_00am_PDT-12_25_2024_12_00am_PDT.csv
12/24/24,11:34:59 AM,12/24/24,11:50:53 AM,4.44,p,,"13710 59th Ave SE, Everett, WA 98208, USA","16232 Bothell Everett Hwy, Mill Creek, WA 98012, USA",2021 Tesla Model 3,business_personal_trip_log_12_24_2024_17_00am_PDT-12_25_2024_12_00am_PDT.csv
12/24/24,12:00:53 PM,12/24/24,12:11:15 PM,3.35,p,,"16232 Bothell Everett Hwy, Mill Creek, WA 98012, USA","20019 6 W, Lynnwood, WA 98036, USA",2021 Tesla Model 3,business_personal_trip_log_12_24_2024_17_00am_PDT-12_25_2024_12_00am_PDT.csv
12/24/24,1:52:26 PM,12/24/24,2:06:51 PM,4.37,p,,"608 200th Pl SW, Lynnwood, WA 98036, USA","14815 10th Ave SE, Mill Creek, WA 98012, USA",2021 Tesla Model 3,business_personal_trip_log_12_24_2024_17_00am_PDT-12_25_2024_12_00am_PDT.csv
12/24/24,2:16:16 PM,12/24/24,2:17:05 PM,0.04,p,,"14815 10th Ave SE, Mill Creek, WA 98012, USA","14905 Bothell Everett Hwy, Mill Creek, WA 98012, USA",2021 Tesla Model 3,business_personal_trip_log_12_24_2024_17_00am_PDT-12_25_2024_12_00am_PDT.csv
12/24/24,2:19:16 PM,12/24/24,2:24:50 PM,1.51,p,,"14905 Bothell Everett Hwy, Mill Creek, WA 98012, USA","2130 132nd St SE, Mill Creek, WA 98012, USA",2021 Tesla Model 3,business_personal_trip_log_12_24_2024_17_00am_PDT-12_25_2024_12_00am_PDT.csv
12/24/24,3:18:43 PM,12/24/24,3:26:58 PM,1.61,p,,"2130 132nd St SE, Mill Creek, WA 98012, USA","14821 10th Ave SE, Mill Creek, WA 98012, USA",2021 Tesla Model 3,business_personal_trip_log_12_24_2024_17_00am_PDT-12_25_2024_12_00am_PDT.csv
12/24/24,5:39:48 PM,12/24/24,6:02:22 PM,6.34,p,,"14905 Bothell Everett Hwy, Mill Creek, WA 98012, USA","3910 196th St SW, Lynnwood, WA 98036, USA",2021 Tesla Model 3,business_personal_trip_log_12_24_2024_17_00am_PDT-12_25_2024_12_00am_PDT.csv
12/24/24,7:46:40 PM,12/24/24,7:55:35 PM,3.29,p,,"3828 196th St SW, Lynnwood, WA 98036, USA","20019 6th Pl W, Lynnwood, WA 98036, USA",2021 Tesla Model 3,business_personal_trip_log_12_24_2024_17_00am_PDT-12_25_2024_12_00am_PDT.csv
12/24/24,7:58:00 PM,12/24/24,8:10:24 PM,4.31,p,,"608 200th Pl SW, Lynnwood, WA 98036, USA","14905 Bothell Everett Hwy, Mill Creek, WA 98012, USA",2021 Tesla Model 3,business_personal_trip_log_12_24_2024_17_00am_PDT-12_25_2024_12_00am_PDT.csv
12/24/24,8:48:37 PM,12/24/24,8:58:36 PM,4.28,p,,"14821 10th Ave SE, Mill Creek, WA 98012, USA","20019 6 W, Lynnwood, WA 98036, USA",2021 Tesla Model 3,business_personal_trip_log_12_24_2024_17_00am_PDT-12_25_2024_12_00am_PDT.csv
12/26/24,9:34:47 AM,12/26/24,9:45:44 AM,4.24,p,,"20012 6th Pl W, Lynnwood, WA 98036, USA","21204 61st Pl W, Mountlake Terrace, WA 98043, USA",2021 Tesla Model 3,business_personal_trip_log_12_26_2024_17_00am_PDT-12_27_2024_12_00am_PDT.csv
12/26/24,9:53:47 AM,12/26/24,10:04:08 AM,4.18,p,,"21204 61st Pl W, Mountlake Terrace, WA 98043, USA","20019 6 W, Lynnwood, WA 98036, USA",2021 Tesla Model 3,business_personal_trip_log_12_26_2024_17_00am_PDT-12_27_2024_12_00am_PDT.csv
12/26/24,10:28:12 AM,12/26/24,10:41:46 AM,3.9,p,,"612 200th Pl SW, Lynnwood, WA 98036, USA","2901 184th St SW, Lynnwood, WA 98037, USA",2021 Tesla Model 3,business_personal_trip_log_12_26_2024_17_00am_PDT-12_27_2024_12_00am_PDT.csv
12/26/24,11:23:22 AM,12/26/24,11:28:14 AM,0.5,p,,"3200 184th St SW, Lynnwood, WA 98037, USA","18620 33rd Ave W, Lynnwood, WA 98037, USA",2021 Tesla Model 3,business_personal_trip_log_12_26_2024_17_00am_PDT-12_27_2024_12_00am_PDT.csv
12/26/24,11:37:16 AM,12/26/24,11:43:27 AM,1.44,p,,"18620 33rd Ave W, Lynnwood, WA 98037, USA","19401 Alderwood Mall Pkwy, Lynnwood, WA 98036, USA",2021 Tesla Model 3,business_personal_trip_log_12_26_2024_17_00am_PDT-12_27_2024_12_00am_PDT.csv
12/26/24,11:50:17 AM,12/26/24,11:51:35 AM,0.1,p,,Unknown,"19225 Alderwood Mall Pkwy, Lynnwood, WA 98036, USA",2021 Tesla Model 3,business_personal_trip_log_12_26_2024_17_00am_PDT-12_27_2024_12_00am_PDT.csv
12/26/24,12:02:41 PM,12/26/24,12:07:50 PM,0.81,p,,"19225 Alderwood Mall Pkwy, Lynnwood, WA 98036, USA","18305 Alderwood Mall Pkwy, Lynnwood, WA 98037, USA",2021 Tesla Model 3,business_personal_trip_log_12_26_2024_17_00am_PDT-12_27_2024_12_00am_PDT.csv
12/26/24,12:35:05 PM,12/26/24,12:43:22 PM,2.64,p,,"2615 184th St SW, Lynnwood, WA 98037, USA","1402 164th St SW, Lynnwood, WA 98087, USA",2021 Tesla Model 3,business_personal_trip_log_12_26_2024_17_00am_PDT-12_27_2024_12_00am_PDT.csv
12/26/24,1:01:44 PM,12/26/24,1:11:33 PM,3.24,p,,"1402 164th St SW, Lynnwood, WA 98087, USA","19125 33 W, Lynnwood, WA 98036, USA",2021 Tesla Model 3,business_personal_trip_log_12_26_2024_17_00am_PDT-12_27_2024_12_00am_PDT.csv
12/26/24,1:16:50 PM,12/26/24,1:19:48 PM,0.87,p,,"19125 33 W, Lynnwood, WA 98036, USA","18601 Alderwood Mall Pkwy, Lynnwood, WA 98037, USA",2021 Tesla Model 3,business_personal_trip_log_12_26_2024_17_00am_PDT-12_27_2024_12_00am_PDT.csv
12/26/24,1:22:03 PM,12/26/24,1:30:45 PM,2.66,p,,"18411 Alderwood Mall Pkwy, Lynnwood, WA 98037, USA","1424 164th St SW, Lynnwood, WA 98087, USA",2021 Tesla Model 3,business_personal_trip_log_12_26_2024_17_00am_PDT-12_27_2024_12_00am_PDT.csv
12/26/24,1:50:32 PM,12/26/24,2:00:23 PM,3.52,p,,"1424 164th St SW, Lynnwood, WA 98087, USA","20019 6 W, Lynnwood, WA 98036, USA",2021 Tesla Model 3,business_personal_trip_log_12_26_2024_17_00am_PDT-12_27_2024_12_00am_PDT.csv
12/26/24,2:50:47 PM,12/26/24,4:07:09 PM,57.27,p,,"608 200th Pl SW, Lynnwood, WA 98036, USA","3325 Mountain View Ave W, Tacoma, WA 98466, USA",2021 Tesla Model 3,business_personal_trip_log_12_26_2024_17_00am_PDT-12_27_2024_12_00am_PDT.csv
12/26/24,8:28:08 PM,12/26/24,8:34:23 PM,1.83,p,,"3325 Mountain View Ave W, Tacoma, WA 98466, USA","8612 6th Ave, Tacoma, WA 98465, USA",2021 Tesla Model 3,business_personal_trip_log_12_26_2024_17_00am_PDT-12_27_2024_12_00am_PDT.csv
12/26/24,11:57:04 PM,12/27/24,12:58:28 AM,57.26,p,,"8606 6th Ave, Tacoma, WA 98465, USA","20019 6 W, Lynnwood, WA 98036, USA",2021 Tesla Model 3,business_personal_trip_log_12_27_2024_17_00am_PDT-12_28_2024_12_00am_PDT.csv
12/27/24,9:26:15 AM,12/27/24,9:44:08 AM,6.24,p,,"20019 6 W, Lynnwood, WA 98036, USA","20200 68th Ave W, Lynnwood, WA 98036, USA",2021 Tesla Model 3,business_personal_trip_log_12_27_2024_17_00am_PDT-12_28_2024_12_00am_PDT.csv
12/27/24,1:28:17 PM,12/27/24,1:43:48 PM,5.23,p,,"20216 68th Ave W, Lynnwood, WA 98036, USA","20019 6 W, Lynnwood, WA 98036, USA",2021 Tesla Model 3,business_personal_trip_log_12_27_2024_17_00am_PDT-12_28_2024_12_00am_PDT.csv
12/27/24,3:39:21 PM,12/27/24,4:24:45 PM,11.38,b,,"20012 6th Pl W, Lynnwood, WA 98036, USA","16629 Highway 99, Lynnwood, WA 98037, USA",2021 Tesla Model 3,business_personal_trip_log_12_27_2024_17_00am_PDT-12_28_2024_12_00am_PDT.csv
12/27/24,4:27:14 PM,12/27/24,5:39:18 PM,19.78,b,,"16722 Highway 99, Lynnwood, WA 98037, USA","20019 6 W, Lynnwood, WA 98036, USA",2021 Tesla Model 3,business_personal_trip_log_12_27_2024_17_00am_PDT-12_28_2024_12_00am_PDT.csv
12/27/24,7:36:11 PM,12/27/24,7:42:59 PM,2.87,p,,"20012 6 W, Lynnwood, WA 98036, USA","919 228th St SE, Bothell, WA 98021, USA",2021 Tesla Model 3,business_personal_trip_log_12_27_2024_17_00am_PDT-12_28_2024_12_00am_PDT.csv
12/27/24,7:45:21 PM,12/27/24,7:46:34 PM,0.16,p,,"22802 Bothell-Everett, Bothell, WA 98021, USA","1306 228th St SE, Bothell, WA 98021, USA",2021 Tesla Model 3,business_personal_trip_log_12_27_2024_17_00am_PDT-12_28_2024_12_00am_PDT.csv
12/27/24,8:17:07 PM,12/27/24,8:27:23 PM,3.18,p,,"1220 228th St SE, Bothell, WA 98021, USA","20019 6 W, Lynnwood, WA 98036, USA",2021 Tesla Model 3,business_personal_trip_log_12_27_2024_17_00am_PDT-12_28_2024_12_00am_PDT.csv
12/30/24,9:09:47 AM,12/30/24,9:23:09 AM,5.34,p,,"20019 6 W, Lynnwood, WA 98036, USA","21616 76th Ave W, Edmonds, WA 98026, USA",2021 Tesla Model 3,business_personal_trip_log_12_30_2024_17_00am_PDT-12_31_2024_12_00am_PDT.csv
12/30/24,10:20:55 AM,12/30/24,10:35:57 AM,6.32,p,,"21616 76th Ave W, Edmonds, WA 98026, USA","18109 33 W, Lynnwood, WA 98037, USA",2021 Tesla Model 3,business_personal_trip_log_12_30_2024_17_00am_PDT-12_31_2024_12_00am_PDT.csv
12/30/24,11:11:13 AM,12/30/24,11:19:46 AM,3.13,p,,"18109 33 W, Lynnwood, WA 98037, USA","20019 6 W, Lynnwood, WA 98036, USA",2021 Tesla Model 3,business_personal_trip_log_12_30_2024_17_00am_PDT-12_31_2024_12_00am_PDT.csv
12/30/24,12:04:27 PM,12/30/24,12:40:29 PM,9.69,b,,"20019 6 W, Lynnwood, WA 98036, USA","18508 33rd Ave W, Lynnwood, WA 98037, USA",2021 Tesla Model 3,business_personal_trip_log_12_30_2024_17_00am_PDT-12_31_2024_12_00am_PDT.csv
12/30/24,12:54:46 PM,12/30/24,1:09:20 PM,2.6,b,,"18530 33rd Ave W, Lynnwood, WA 98037, USA","17315 Highway 99, Lynnwood, WA 98037, USA",2021 Tesla Model 3,business_personal_trip_log_12_30_2024_17_00am_PDT-12_31_2024_12_00am_PDT.csv
12/30/24,1:31:42 PM,12/30/24,2:05:46 PM,11.31,b,,"17315 Highway 99, Lynnwood, WA 98037, USA","14054 Wallingford Ave N, Seattle, WA 98133, USA",2021 Tesla Model 3,business_personal_trip_log_12_30_2024_17_00am_PDT-12_31_2024_12_00am_PDT.csv
12/30/24,2:19:01 PM,12/30/24,2:22:32 PM,0.9,b,,"1818 N 143rd St, Seattle, WA 98133, USA","15201 Aurora Ave N, Shoreline, WA 98133, USA",2021 Tesla Model 3,business_personal_trip_log_12_30_2024_17_00am_PDT-12_31_2024_12_00am_PDT.csv
12/30/24,2:35:40 PM,12/30/24,2:44:11 PM,1.38,b,,"15201 Aurora Ave N, Shoreline, WA 98133, USA","16549 Aurora Ave N, Shoreline, WA 98133, USA",2021 Tesla Model 3,business_personal_trip_log_12_30_2024_17_00am_PDT-12_31_2024_12_00am_PDT.csv
12/30/24,2:57:59 PM,12/30/24,3:56:18 PM,17.33,b,,"16706 Whitman Ave N, Shoreline, WA 98133, USA","19500 Alderwood Mall Pkwy, Lynnwood, WA 98036, USA",2021 Tesla Model 3,business_personal_trip_log_12_30_2024_17_00am_PDT-12_31_2024_12_00am_PDT.csv
12/30/24,3:58:58 PM,12/30/24,4:05:55 PM,2.6,b,,"19611 Alderwood Mall Pkwy, Lynnwood, WA 98036, USA","20019 6 W, Lynnwood, WA 98036, USA",2021 Tesla Model 3,business_personal_trip_log_12_30_2024_17_00am_PDT-12_31_2024_12_00am_PDT.csv
12/30/24,6:13:11 PM,12/30/24,6:23:30 PM,3.22,b,,"20012 6th Pl W, Lynnwood, WA 98036, USA","18800 Alderwood Mall Pkwy, Lynnwood, WA 98037, USA",2021 Tesla Model 3,business_personal_trip_log_12_30_2024_17_00am_PDT-12_31_2024_12_00am_PDT.csv
12/30/24,6:55:18 PM,12/30/24,7:04:20 PM,3.24,b,,"18800 Alderwood Mall Pkwy, Lynnwood, WA 98037, USA","20019 6 W, Lynnwood, WA 98036, USA",2021 Tesla Model 3,business_personal_trip_log_12_30_2024_17_00am_PDT-12_31_2024_12_00am_PDT.csv
12/31/24,12:14:57 PM,12/31/24,12:25:48 PM,3.27,p,,"20012 6th Pl W, Lynnwood, WA 98036, USA","18800 Alderwood Mall Pkwy, Lynnwood, WA 98037, USA",2021 Tesla Model 3,business_personal_trip_log_12_31_2024_17_00am_PDT-01_01_2024_12_00am_PDT.csv
12/31/24,12:28:07 PM,12/31/24,12:33:11 PM,0.58,p,,"18800 Alderwood Mall Pkwy, Lynnwood, WA 98037, USA","18109 33 W, Lynnwood, WA 98037, USA",2021 Tesla Model 3,business_personal_trip_log_12_31_2024_17_00am_PDT-01_01_2024_12_00am_PDT.csv
12/31/24,1:18:03 PM,12/31/24,1:27:09 PM,1.37,p,,"18133 33rd Ave W, Lynnwood, WA 98037, USA","2608 196th St SW, Lynnwood, WA 98036, USA",2021 Tesla Model 3,business_personal_trip_log_12_31_2024_17_00am_PDT-01_01_2024_12_00am_PDT.csv
12/31/24,1:31:45 PM,12/31/24,1:39:51 PM,1.1,p,,"2608 196th St SW, Lynnwood, WA 98036, USA","4201 198th St SW, Lynnwood, WA 98036, USA",2021 Tesla Model 3,business_personal_trip_log_12_31_2024_17_00am_PDT-01_01_2024_12_00am_PDT.csv
12/31/24,1:43:56 PM,12/31/24,1:50:04 PM,1.08,p,,"4201 198th St SW, Lynnwood, WA 98036, USA","2608 196th St SW, Lynnwood, WA 98036, USA",2021 Tesla Model 3,business_personal_trip_log_12_31_2024_17_00am_PDT-01_01_2024_12_00am_PDT.csv
12/31/24,1:52:11 PM,12/31/24,1:59:35 PM,2.55,p,,"2608 196th St SW, Lynnwood, WA 98036, USA","20019 6 W, Lynnwood, WA 98036, USA",2021 Tesla Model 3,business_personal_trip_log_12_31_2024_17_00am_PDT-01_01_2024_12_00am_PDT.csv
12/31/24,4:23:44 PM,12/31/24,5:10:14 PM,22.91,p,,"20019 6 W, Lynnwood, WA 98036, USA","10622 60th St NE, Lake Stevens, WA 98258, USA",2021 Tesla Model 3,business_personal_trip_log_12_31_2024_17_00am_PDT-01_01_2024_12_00am_PDT.csv
